pair,date,outcome,why,qualified,levels,kind,step_pct,span_pct,yield_day,deploy_px,net_pct,exit,exit_h,fills,round_trips,unmeasured_min,clean
SOLUSDT,2025-01-01,deployed,,True,8,geo,2.22741,15.5918,3.4577,189.808,2.75432,up,35.6611,4,4,0,True
SOLUSDT,2025-01-03,deployed,,True,8,arith,2.08024,14.5617,2.73427,208.198,0,up,6.19444,0,0,0,True
SOLUSDT,2025-01-05,deployed,,False,8,geo,1.05589,7.39122,0.237775,216.719,-2.37922,down,63.7778,12,4,0,True
SOLUSDT,2025-01-07,deployed,,False,8,geo,1.79177,12.5424,0.864855,218.189,-3.64908,down,23.2111,8,2,0,True
SOLUSDT,2025-01-09,deployed,,False,12,geo,2.18796,24.0676,2.43633,198.238,-5.98238,down,107.228,15,5,0,True
SOLUSDT,2025-01-11,deployed,,False,8,geo,3.02032,21.1422,1.53152,187.688,4.53456,up,131.994,10,7,0,True
SOLUSDT,2025-01-13,deployed,,False,8,geo,1.75543,12.288,1.1067,188.578,-3.72494,down,12.0444,6,1,0,True
SOLUSDT,2025-01-15,deployed,,False,8,arith,2.06656,14.4659,2.12764,187.708,1.34658,up,17.2667,3,3,0,True
SOLUSDT,2025-01-17,deployed,,False,8,arith,3.30933,23.1653,2.32241,210.869,1.29894,up,27.4778,2,2,0,True
SOLUSDT,2025-01-19,deployed,,False,8,geo,7.46961,52.2872,4.96187,261.571,0.798091,up,10.65,1,1,0,True
SOLUSDT,2025-01-21,deployed,,False,8,arith,6.90373,48.3261,3.17732,241.89,1.55952,,,5,2,0,True
SOLUSDT,2025-01-23,deployed,,False,8,geo,5.39487,37.7641,5.51816,257.83,-7.44207,,,7,2,0,True
SOLUSDT,2025-01-25,deployed,,False,8,arith,3.4297,24.0079,5.72468,253.66,-6.84093,down,58.9333,6,1,0,True
SOLUSDT,2025-01-27,deployed,,False,8,geo,3.03301,21.2311,5.8952,240.66,-4.04097,down,6.75,2,0,0,True
SOLUSDT,2025-01-29,deployed,,False,8,geo,3.83779,26.8645,6.88679,227.009,-5.65681,down,114.033,7,2,0,True
SOLUSDT,2025-01-31,deployed,,False,8,geo,2.5491,17.8437,3.94317,238.55,-6.03759,down,48.0667,4,0,0,True
SOLUSDT,2025-02-02,deployed,,False,8,arith,3.34162,23.3914,4.13857,213.119,-3.10655,down,17.8167,1,0,0,True
SOLUSDT,2025-02-04,deployed,,False,8,arith,5.58255,39.0779,3.85028,215.739,-2.05192,,,6,2,0,True
SOLUSDT,2025-02-06,deployed,,False,8,geo,3.26495,22.8546,2.69092,195.648,2.96089,,,16,8,0,True
SOLUSDT,2025-02-08,deployed,,False,8,geo,3.51301,24.5911,3.8364,192.128,-1.89682,,,12,5,0,True
SOLUSDT,2025-02-10,deployed,,False,8,geo,3.1439,22.0073,3.48388,200.598,-5.96053,down,186.783,8,2,0,True
SOLUSDT,2025-02-12,deployed,,True,8,geo,2.67542,18.7279,4.52479,198.188,-3.92766,down,125.111,9,3,0,True
SOLUSDT,2025-02-14,deployed,,False,8,arith,2.19667,15.3767,3.49072,194.878,-4.39869,down,88.5167,6,1,0,True
SOLUSDT,2025-02-16,deployed,,True,8,arith,1.66762,11.6734,3.21603,194.468,-3.06596,down,28.4333,3,0,0,True
SOLUSDT,2025-02-18,deployed,,True,8,geo,2.8224,19.7568,2.91342,177.627,-3.74032,down,6.26111,2,0,0,True
SOLUSDT,2025-02-20,deployed,,False,8,geo,3.02731,21.1912,0.751617,169.007,-6.78549,down,115.778,6,1,0,True
SOLUSDT,2025-02-22,deployed,,False,8,geo,3.19928,22.3949,1.78921,169.087,-5.50591,down,63.1944,3,0,0,True
SOLUSDT,2025-02-24,deployed,,False,8,arith,1.73809,12.1666,1.57513,168.057,-3.00884,down,4.1,2,0,0,True
SOLUSDT,2025-02-26,deployed,,False,8,arith,6.1686,43.1802,4.62869,144.206,9.84256,up,118.994,14,9,0,True
SOLUSDT,2025-02-28,deployed,,False,8,arith,3.16443,22.151,1.75957,137.346,5.51157,up,63.6111,14,9,0,True
SOLUSDT,2025-03-02,deployed,,False,8,geo,2.73836,19.1685,2.42763,143.606,1.72758,up,15.6111,3,3,0,True
SOLUSDT,2025-03-04,deployed,,False,8,geo,7.99451,55.9616,5.7727,142.216,-10.6699,down,168.844,5,1,0,True
SOLUSDT,2025-03-06,deployed,,False,8,arith,3.52934,24.7054,4.83682,146.376,-7.16998,down,96.6444,10,3,0,True
SOLUSDT,2025-03-08,deployed,,False,8,geo,6.22501,43.5751,7.20021,139.416,-1.98562,,,5,2,0,True
SOLUSDT,2025-03-10,deployed,,False,8,geo,3.73261,26.1282,4.50631,126.515,-4.69539,down,17.1444,3,1,0,True
SOLUSDT,2025-03-12,deployed,,False,8,arith,3.92412,27.4688,2.29697,125.325,3.35759,,,10,5,0,True
SOLUSDT,2025-03-14,deployed,,False,8,geo,2.8242,19.7694,2.45391,123.335,5.14204,,,17,10,0,True
SOLUSDT,2025-03-16,deployed,,False,8,arith,1.65129,11.559,1.18939,135.886,-3.97483,down,23.15,7,1,0,True
SOLUSDT,2025-03-18,deployed,,False,8,arith,2.41542,16.908,3.27498,128.525,3.66578,up,152.7,12,8,0,True
SOLUSDT,2025-03-20,deployed,,False,8,arith,3.29013,23.0309,3.78768,135.506,1.18973,up,104.7,5,3,0,True
SOLUSDT,2025-03-22,deployed,,False,8,geo,2.20622,15.4435,2.54726,128.625,1.8164,up,51.9667,3,3,0,True
SOLUSDT,2025-03-24,deployed,,False,8,arith,1.51521,10.6065,2.32016,132.515,0.626433,up,3.4,2,2,0,True
SOLUSDT,2025-03-26,deployed,,False,8,geo,2.35439,16.4807,0.833827,143.996,-4.73162,down,62.0111,8,2,0,True
SOLUSDT,2025-03-28,deployed,,False,8,arith,1.62331,11.3632,1.12218,138.466,-3.34653,down,9.17778,3,0,0,True
SOLUSDT,2025-03-30,deployed,,False,8,arith,2.16377,15.1464,1.4526,124.235,-2.06075,down,95.0167,12,5,0,True
SOLUSDT,2025-04-01,deployed,,False,8,geo,2.37769,16.6438,1.22928,124.595,-2.74009,down,60.5111,17,7,0,True
SOLUSDT,2025-04-03,deployed,,True,8,arith,5.91497,41.4048,2.51809,117.525,-8.86854,down,102.483,4,1,0,True
SOLUSDT,2025-04-05,deployed,,False,8,geo,3.2843,22.9901,2.0911,122.745,-7.86543,down,48.8167,5,0,0,True
SOLUSDT,2025-04-07,deployed,,False,8,geo,4.54555,31.8189,3.80011,106.114,-4.2511,down,6.48333,1,0,0,True
SOLUSDT,2025-04-09,deployed,,False,8,geo,3.99987,27.9991,1.79549,105.524,5.21285,up,65.9,9,6,0,True
SOLUSDT,2025-04-11,deployed,,False,8,geo,2.71632,19.0142,2.69334,112.965,2.22906,up,30.85,3,3,0,True
SOLUSDT,2025-04-13,deployed,,False,8,geo,2.93737,20.5616,2.08817,132.365,0.747805,up,26.6,4,2,0,True
SOLUSDT,2025-04-15,deployed,,False,8,arith,2.85924,20.0147,1.28282,129.345,4.54618,up,182.317,12,8,0,True
SOLUSDT,2025-04-17,deployed,,False,8,arith,3.87732,27.1412,2.1645,131.415,3.54523,up,141.844,7,5,0,True
SOLUSDT,2025-04-19,deployed,,False,8,geo,1.22396,8.56773,1.24783,134.085,1.08626,up,10.2611,3,3,0,True
SOLUSDT,2025-04-21,deployed,,False,8,arith,1.71197,11.9838,0.924201,137.826,3.0551,up,45.9611,14,9,0,True
SOLUSDT,2025-04-23,deployed,,True,8,geo,3.11024,21.7717,2.72521,148.746,0.918348,up,60.2944,3,2,0,True
SOLUSDT,2025-04-25,deployed,,False,8,geo,2.3223,16.2561,0.985808,152.186,-0.744369,,,14,6,0,True
SOLUSDT,2025-04-27,deployed,,False,8,geo,1.14801,8.03605,0.774174,149.366,-1.87668,down,25.6833,4,1,0,True
SOLUSDT,2025-04-29,deployed,,False,8,geo,1.77934,12.4554,1.89123,147.886,3.81943,up,230.894,22,13,0,True
SOLUSDT,2025-05-01,deployed,,False,8,geo,2.18987,15.3291,2.48094,147.536,2.98807,up,183.483,11,7,0,True
SOLUSDT,2025-05-03,deployed,,True,8,arith,1.47552,10.3286,2.3261,148.036,-2.10102,down,83.9333,8,3,0,True
SOLUSDT,2025-05-05,deployed,,False,8,geo,1.46924,10.2847,1.72045,143.796,3.35151,up,82.1167,13,9,0,True
SOLUSDT,2025-05-07,deployed,,True,8,arith,2.00203,14.0142,1.8331,147.046,1.49913,up,34.3833,5,4,0,True
SOLUSDT,2025-05-09,skip,deploy price outside the band,True,8,arith,2.93238,20.5266,2.1435,,,,,,,,
SOLUSDT,2025-05-11,deployed,,True,8,geo,4.6076,32.2532,1.98756,177.617,0.460002,,,8,3,0,True
SOLUSDT,2025-05-13,deployed,,False,8,arith,3.13166,21.9216,1.73031,174.307,4.57181,,,17,9,0,True
SOLUSDT,2025-05-15,deployed,,False,8,geo,2.36175,16.5323,1.70833,176.447,-4.24866,down,102.467,9,3,0,True
SOLUSDT,2025-05-17,deployed,,False,8,arith,2.55026,17.8518,2.71396,167.307,6.61808,up,153.383,22,13,0,True
SOLUSDT,2025-05-19,deployed,,True,8,geo,3.43795,24.0656,3.30967,173.447,2.24988,,,11,5,0,True
SOLUSDT,2025-05-21,deployed,,True,8,geo,2.56961,17.9873,3.05603,168.657,2.04184,up,49.25,5,4,0,True
SOLUSDT,2025-05-23,deployed,,False,8,arith,2.15298,15.0709,2.78668,179.767,0.738949,up,9.42778,2,2,0,True
SOLUSDT,2025-05-25,deployed,,True,8,arith,1.67809,11.7466,1.98164,175.977,-2.02435,down,115.317,17,7,0,True
SOLUSDT,2025-05-27,deployed,,False,8,arith,1.65747,11.6023,2.21338,174.797,-3.58345,down,73.0167,12,4,0,True
SOLUSDT,2025-05-29,deployed,,False,8,arith,1.67004,11.6903,2.29287,172.357,-3.90906,down,25.0167,3,0,0,True
SOLUSDT,2025-05-31,deployed,,True,8,geo,2.94312,20.6018,2.57046,156.006,-1.61442,down,136.533,9,4,0,True
SOLUSDT,2025-06-02,deployed,,False,8,arith,1.7733,12.4131,0.560679,157.716,-3.73456,down,92.3111,12,4,0,True
SOLUSDT,2025-06-04,deployed,,False,8,arith,2.60968,18.2677,1.54229,155.336,-5.23215,down,44.9667,3,0,0,True
SOLUSDT,2025-06-06,deployed,,False,8,arith,3.43243,24.027,2.60435,144.526,4.87146,,,9,5,0,True
SOLUSDT,2025-06-08,deployed,,False,8,arith,1.203,8.42101,1.17436,149.946,1.67726,up,40.7667,11,7,0,True
SOLUSDT,2025-06-10,deployed,,False,8,geo,2.22995,15.6097,2.19524,160.997,0.507736,up,19.2111,3,2,0,True
SOLUSDT,2025-06-12,deployed,,False,8,geo,2.5715,18.0005,2.04996,161.077,-4.96167,down,24.2611,3,0,0,True
SOLUSDT,2025-06-14,deployed,,False,8,arith,2.59324,18.1527,2.49746,148.556,-3.62403,down,189.494,17,7,0,True
SOLUSDT,2025-06-16,deployed,,False,8,geo,2.45136,17.1595,1.9816,152.776,0.620851,up,19.5167,2,2,0,True
SOLUSDT,2025-06-18,deployed,,False,8,geo,2.51828,17.6279,2.4924,147.886,-4.93783,down,65.4278,2,0,0,True
SOLUSDT,2025-06-20,deployed,,False,8,arith,1.62942,11.4059,1.37273,147.066,-3.82811,down,17.4778,4,0,0,True
SOLUSDT,2025-06-22,deployed,,False,8,geo,3.82292,26.7604,2.24921,135.455,6.54119,,,14,8,0,True
SOLUSDT,2025-06-24,deployed,,True,8,geo,4.1418,28.9926,2.99657,144.506,1.27233,up,142.428,3,2,0,True
SOLUSDT,2025-06-26,deployed,,False,8,geo,2.01319,14.0923,1.80193,143.426,2.7895,up,111.683,8,6,0,True
SOLUSDT,2025-06-28,deployed,,True,8,geo,1.79805,12.5864,2.00917,142.206,1.61214,up,17.8944,3,3,0,True
SOLUSDT,2025-06-30,deployed,,False,8,arith,1.78384,12.4869,1.12713,153.266,3.25754,,,25,13,0,True
SOLUSDT,2025-07-02,deployed,,False,8,arith,1.73458,12.142,1.09489,146.926,4.52203,up,209.978,17,11,0,True
SOLUSDT,2025-07-04,deployed,,False,8,arith,1.64324,11.5026,1.38409,152.666,3.30672,up,165.378,21,12,0,True
SOLUSDT,2025-07-06,deployed,,False,8,arith,0.941053,6.58737,1.05277,147.526,1.04362,up,17.0778,4,4,0,True
SOLUSDT,2025-07-08,deployed,,False,8,geo,1.93172,13.522,1.99402,148.986,2.52272,up,69.3778,4,4,0,True
SOLUSDT,2025-07-10,deployed,,False,8,arith,2.07928,14.5549,1.97943,157.026,0.664353,up,21.6,2,2,0,True
SOLUSDT,2025-07-12,deployed,,True,8,geo,2.96303,20.7412,1.74971,162.877,3.60861,up,145.011,9,6,0,True
SOLUSDT,2025-07-14,deployed,,False,8,arith,1.89212,13.2448,1.14056,161.427,2.69293,up,65.1167,10,7,0,True
SOLUSDT,2025-07-16,deployed,,True,8,geo,2.49524,17.4667,2.14146,164.107,1.7838,up,33.7444,3,3,0,True
SOLUSDT,2025-07-18,deployed,,True,8,arith,3.24012,22.6809,1.94878,175.567,2.65885,up,83.4944,5,4,0,True
SOLUSDT,2025-07-20,deployed,,False,8,arith,1.85444,12.9811,0.790971,176.707,2.21384,up,30.4278,6,5,0,True
SOLUSDT,2025-07-22,deployed,,False,8,geo,3.21453,22.5017,2.33338,195.738,0.428604,up,2.12778,1,1,0,True
SOLUSDT,2025-07-24,deployed,,False,8,arith,3.70261,25.9183,2.01577,189.168,-2.91369,down,163.178,14,6,0,True
SOLUSDT,2025-07-26,deployed,,False,8,geo,2.31627,16.2139,3.52146,186.588,-3.93954,down,149.85,14,5,0,True
SOLUSDT,2025-07-28,deployed,,False,8,arith,2.1323,14.9261,3.1804,188.568,-4.75517,down,67.1944,6,1,0,True
SOLUSDT,2025-07-30,deployed,,False,8,geo,2.11615,14.813,3.02097,181.617,-2.96254,down,48.2944,9,3,0,True
SOLUSDT,2025-08-01,deployed,,True,8,geo,2.74782,19.2348,3.31834,172.287,-3.8745,down,22.1944,2,0,0,True
SOLUSDT,2025-08-03,deployed,,False,8,geo,3.13864,21.9704,1.45013,158.596,5.00417,up,154.211,6,5,0,True
SOLUSDT,2025-08-05,deployed,,False,8,arith,1.69528,11.867,0.900996,169.467,0.799822,up,58.5778,7,4,0,True
SOLUSDT,2025-08-07,deployed,,False,8,geo,1.71648,12.0154,1.48038,167.967,0.977947,up,23.0111,4,3,0,True
SOLUSDT,2025-08-09,deployed,,True,8,geo,2.03965,14.2776,1.79388,176.707,2.32745,up,90.2,11,7,0,True
SOLUSDT,2025-08-11,deployed,,False,8,arith,2.02038,14.1427,0.644027,182.937,2.01897,up,49.5444,7,5,0,True
SOLUSDT,2025-08-13,deployed,,False,8,geo,2.98649,20.9054,2.13024,191.958,0.379845,up,2.99444,1,1,0,True
SOLUSDT,2025-08-15,deployed,,False,8,geo,4.28741,30.0119,2.37828,192.528,5.41405,,,10,6,0,True
SOLUSDT,2025-08-17,deployed,,False,8,geo,1.56706,10.9695,1.51009,189.538,-2.79878,down,64.8944,12,4,0,True
SOLUSDT,2025-08-19,deployed,,False,8,arith,2.36271,16.539,2.78436,182.767,6.01165,up,101.067,19,12,0,True
SOLUSDT,2025-08-21,deployed,,False,8,geo,2.71949,19.0364,2.98908,187.678,2.04867,up,43.8167,8,5,0,True
SOLUSDT,2025-08-23,deployed,,False,8,arith,4.53697,31.7588,3.46203,200.768,2.6261,up,128.094,8,5,0,True
SOLUSDT,2025-08-25,deployed,,False,8,arith,3.9037,27.3259,3.04913,205.828,3.26579,,,10,5,0,True
SOLUSDT,2025-08-27,deployed,,False,8,arith,2.54155,17.7908,3.98438,195.778,2.78478,up,32.0778,7,5,0,True
SOLUSDT,2025-08-29,deployed,,False,8,arith,3.43057,24.014,3.42323,214.209,-0.266881,,,5,2,0,True
SOLUSDT,2025-08-31,deployed,,False,8,arith,1.80849,12.6595,2.89596,202.838,3.99509,up,222.366,20,12,0,True
SOLUSDT,2025-09-02,deployed,,True,8,arith,2.4636,17.2452,3.96871,197.398,4.40188,up,199.578,9,7,0,True
SOLUSDT,2025-09-04,deployed,,True,8,geo,1.76357,12.345,2.99641,210.469,2.12497,up,151.811,11,7,0,True
SOLUSDT,2025-09-06,deployed,,True,8,arith,2.24179,15.6926,3.20624,203.568,2.74213,up,103.767,6,5,0,True
SOLUSDT,2025-09-08,deployed,,True,8,geo,1.66685,11.6679,2.69073,206.788,0.714372,up,10.9111,2,2,0,True
SOLUSDT,2025-09-10,deployed,,True,8,geo,1.94965,13.6476,1.70351,217.239,1.81324,up,48.8111,7,5,0,True
SOLUSDT,2025-09-12,deployed,,False,8,geo,1.99228,13.9459,0.897021,228.729,0.846767,up,11.3944,2,2,0,True
SOLUSDT,2025-09-14,deployed,,False,8,arith,1.68452,11.7917,0.460008,242.62,-4.64892,down,198.094,22,9,0,True
SOLUSDT,2025-09-16,deployed,,False,8,geo,2.28321,15.9825,0.888104,234.45,-2.6909,down,150.117,10,4,0,True
SOLUSDT,2025-09-18,deployed,,True,8,geo,3.26265,22.8386,2.87468,244.77,-7.62397,down,147.644,5,0,0,True
SOLUSDT,2025-09-20,deployed,,False,8,geo,1.93049,13.5134,2.40983,238.48,-5.57691,down,54.0778,4,1,0,True
SOLUSDT,2025-09-22,deployed,,True,8,arith,1.74324,12.2027,2.26312,236.2,-4.51238,down,6.1,3,0,0,True
SOLUSDT,2025-09-24,deployed,,False,8,geo,2.5562,17.8934,1.64161,213.509,-3.7762,down,36.7111,5,1,0,True
SOLUSDT,2025-09-26,deployed,,False,8,geo,4.13288,28.9302,2.63138,191.878,7.62599,,,4,4,0,True
SOLUSDT,2025-09-28,deployed,,False,8,geo,1.48008,10.3605,0.884265,203.308,1.3554,up,38.8944,7,5,0,True
SOLUSDT,2025-09-30,deployed,,False,8,arith,2.10687,14.7481,2.28915,212.879,1.38016,up,50,6,4,0,True
SOLUSDT,2025-10-02,deployed,,False,8,arith,1.96743,13.772,2.64947,221.719,0.160278,up,4.27778,1,1,0,True
SOLUSDT,2025-10-04,deployed,,False,8,geo,2.5734,18.0138,0.765723,232.749,-4.98496,down,161.95,8,2,0,True
SOLUSDT,2025-10-06,deployed,,False,8,arith,1.88001,13.1601,0.830713,228.539,-3.27353,down,111.544,15,6,0,True
SOLUSDT,2025-10-08,deployed,,False,8,geo,2.59123,18.1386,1.6144,220.849,-2.31219,down,64.0111,6,2,0,True
SOLUSDT,2025-10-10,deployed,,False,8,geo,2.30848,16.1594,3.29448,220.759,-5.8679,down,21.0111,5,1,0,True
SOLUSDT,2025-10-12,deployed,,False,8,geo,4.65472,32.583,1.73214,178.617,5.13575,,,11,6,0,True
SOLUSDT,2025-10-14,deployed,,False,8,geo,3.26374,22.8462,1.60883,208.478,1.65212,,,21,9,0,True
SOLUSDT,2025-10-16,deployed,,False,8,geo,3.85146,26.9603,4.65499,194.108,2.96902,,,12,6,0,True
SOLUSDT,2025-10-18,deployed,,False,8,arith,3.5681,24.9767,4.31167,181.977,5.08581,,,9,6,0,True
SOLUSDT,2025-10-20,deployed,,False,8,arith,2.07092,14.4965,3.29712,187.248,4.0179,up,166.183,21,12,0,True
SOLUSDT,2025-10-22,deployed,,False,8,arith,3.92977,27.5084,4.87836,185.398,2.45022,,,8,4,0,True
SOLUSDT,2025-10-24,deployed,,False,8,arith,1.77775,12.4442,3.25762,191.138,0.778374,up,59.9667,4,3,0,True
SOLUSDT,2025-10-26,deployed,,False,8,geo,1.36526,9.55681,2.27821,194.188,1.02805,up,24.7167,3,3,0,True
SOLUSDT,2025-10-28,deployed,,True,8,arith,2.02939,14.2057,1.5617,198.698,-3.0686,down,63.95,13,5,0,True
SOLUSDT,2025-10-30,deployed,,True,8,geo,3.33587,23.3511,3.97354,194.428,-8.65884,down,111.517,5,1,0,True
SOLUSDT,2025-11-01,deployed,,True,8,arith,2.28649,16.0054,2.88146,187.268,-6.38741,down,63.5444,4,0,0,True
SOLUSDT,2025-11-03,deployed,,False,8,geo,1.80764,12.6535,1.85523,187.938,-7.0138,down,15.5167,4,0,0,True
SOLUSDT,2025-11-05,deployed,,False,8,geo,5.16771,36.174,3.71297,155.236,-3.4124,,,10,4,0,True
SOLUSDT,2025-11-07,deployed,,False,8,arith,3.57804,25.0463,1.6436,155.236,-5.39254,down,180.633,11,4,0,True
SOLUSDT,2025-11-09,deployed,,False,8,arith,1.85239,12.9668,1.88306,158.226,2.08359,up,27.1167,7,5,0,True
SOLUSDT,2025-11-11,deployed,,False,8,geo,2.68233,18.7763,3.07479,167.317,-5.11417,down,65.5167,8,2,0,True
SOLUSDT,2025-11-13,deployed,,False,8,arith,3.01181,21.0827,3.98786,153.336,-4.59366,down,20.3833,4,1,0,True
SOLUSDT,2025-11-15,deployed,,False,8,geo,4.58213,32.0749,3.42838,139.066,2.12974,,,8,4,0,True
SOLUSDT,2025-11-17,deployed,,False,8,geo,3.75402,26.2782,2.72325,137.236,6.73743,,,21,11,0,True
SOLUSDT,2025-11-19,deployed,,False,8,arith,3.09979,21.6985,2.30016,140.776,-6.05656,down,60.4167,12,4,0,True
SOLUSDT,2025-11-21,deployed,,False,8,arith,4.14475,29.0133,5.12957,133.875,1.48759,,,6,3,0,True
SOLUSDT,2025-11-23,deployed,,False,8,arith,2.59953,18.1967,2.32646,127.735,2.61378,up,44.7278,5,4,0,True
SOLUSDT,2025-11-25,deployed,,True,8,arith,2.6334,18.4338,4.06825,138.406,1.06104,up,42.4333,5,3,0,True
SOLUSDT,2025-11-27,deployed,,False,8,arith,2.50488,17.5341,3.72847,142.986,-5.86822,down,111.344,9,2,0,True
SOLUSDT,2025-11-29,deployed,,False,8,geo,2.30319,16.1223,2.2022,137.506,-3.89613,down,48.6167,4,1,0,True
SOLUSDT,2025-12-01,deployed,,True,8,arith,2.24467,15.7127,2.01808,133.415,-3.75932,down,5.35,2,0,0,True
SOLUSDT,2025-12-03,deployed,,False,8,arith,2.79763,19.5834,2.17754,138.546,0,up,2.31111,0,0,0,True
SOLUSDT,2025-12-05,deployed,,False,8,geo,2.21161,15.4813,1.93732,138.986,-3.6277,down,62.3833,5,1,0,True
SOLUSDT,2025-12-07,deployed,,False,8,geo,1.50067,10.5047,1.1385,132.385,3.19007,up,64.2667,20,12,0,True
SOLUSDT,2025-12-09,deployed,,False,8,arith,2.72721,19.0904,2.82433,133.305,-2.59597,down,235.35,21,9,0,True
SOLUSDT,2025-12-11,deployed,,False,8,geo,3.78,26.46,3.64984,136.316,-5.79425,down,187.711,14,5,0,True
SOLUSDT,2025-12-13,deployed,,False,8,arith,2.25605,15.7924,2.48059,132.385,-3.68453,down,114.811,11,4,0,True
SOLUSDT,2025-12-15,deployed,,False,8,arith,1.91517,13.4062,2.39113,129.675,-1.4752,down,65.1611,18,8,0,True
SOLUSDT,2025-12-17,deployed,,False,8,arith,2.55255,17.8679,3.09716,129.345,-0.557165,,,14,6,0,True
SOLUSDT,2025-12-19,deployed,,False,8,arith,4.03711,28.2598,3.16403,119.695,2.69958,,,2,1,0,True
SOLUSDT,2025-12-21,deployed,,False,8,geo,0.930692,6.51484,1.21764,125.925,-0.934704,down,76.9444,22,9,0,True
SOLUSDT,2025-12-23,deployed,,False,8,arith,1.87867,13.1507,2.05913,125.965,3.22465,,,24,12,0,True
SOLUSDT,2025-12-25,deployed,,False,8,arith,1.28535,8.99742,1.91942,122.545,2.3519,up,97.8167,14,9,0,True
SOLUSDT,2025-12-27,deployed,,False,8,arith,1.52845,10.6991,2.21245,122.185,1.62524,up,50.2,4,4,0,True
SOLUSDT,2025-12-29,deployed,,False,8,arith,1.12035,7.84243,1.72922,125.345,0.474943,up,1.76111,2,2,0,True
SOLUSDT,2025-12-31,deployed,,True,8,geo,1.16047,8.12329,1.60916,124.995,5.38623,up,57.9,65,34,0,True
SOLUSDT,2026-01-02,deployed,,True,8,geo,4.40878,30.8615,2.92031,127.255,2.74659,,,2,2,0,True
SOLUSDT,2026-01-04,deployed,,False,8,geo,1.30138,9.10967,0.99367,133.415,0.857994,up,43.0167,6,4,0,True
SOLUSDT,2026-01-06,deployed,,True,8,geo,2.41337,16.8936,2.2099,138.066,2.68424,up,190.317,12,7,0,True
SOLUSDT,2026-01-08,deployed,,False,8,arith,1.78664,12.5065,0.970247,136.686,3.41938,up,142.433,14,9,0,True
SOLUSDT,2026-01-10,deployed,,False,8,geo,2.40334,16.8234,2.03155,136.046,0.667608,,,11,5,0,True
SOLUSDT,2026-01-12,deployed,,True,8,geo,2.08814,14.617,2.26152,139.576,1.45673,up,46.3167,6,4,0,True
SOLUSDT,2026-01-14,deployed,,True,8,geo,2.85335,19.9734,2.80564,145.386,-6.54136,down,160.583,7,1,0,True
SOLUSDT,2026-01-16,deployed,,False,8,arith,1.45228,10.166,1.21282,142.356,-4.02438,down,72.0944,4,1,0,True
SOLUSDT,2026-01-18,deployed,,False,8,arith,0.731547,5.12083,0.80186,143.756,-1.70492,down,23.5833,3,0,0,True
SOLUSDT,2026-01-20,deployed,,False,8,geo,1.42437,9.9706,1.13836,133.415,-2.41431,down,8.65,2,0,0,True
SOLUSDT,2026-01-22,deployed,,False,8,arith,2.94586,20.621,1.3899,129.395,-6.60837,down,193.794,8,2,0,True
SOLUSDT,2026-01-24,deployed,,False,8,geo,1.88448,13.1914,0.812097,127.415,-3.92138,down,43.5278,3,0,0,True
SOLUSDT,2026-01-26,deployed,,False,8,arith,2.24771,15.734,1.23918,118.925,-0.942544,down,87.7611,5,2,0,True
SOLUSDT,2026-01-28,deployed,,False,8,geo,2.00888,14.0622,1.77593,127.445,-6.13379,down,49.7944,5,0,0,True
SOLUSDT,2026-01-30,deployed,,False,8,arith,2.52594,17.6815,2.10624,117.785,-2.732,down,2.39444,1,0,0,True
SOLUSDT,2026-02-01,deployed,,False,8,geo,5.97175,41.8023,3.39322,105.274,-7.8402,down,88.6833,4,1,0,True
SOLUSDT,2026-02-03,deployed,,False,8,arith,2.67096,18.6967,1.15628,104.554,-6.31983,down,38.6,4,0,0,True
SOLUSDT,2026-02-05,deployed,,False,8,geo,6.04379,42.3065,1.94269,92.0537,-10.2089,down,24.1667,3,0,0,True
SOLUSDT,2026-02-07,deployed,,False,8,arith,5.38648,37.7053,2.64741,87.5136,1.03848,,,4,2,0,True
SOLUSDT,2026-02-09,deployed,,False,8,geo,3.3274,23.2918,2.33185,87.0035,-6.42704,down,92.8278,6,1,0,True
SOLUSDT,2026-02-11,deployed,,False,8,geo,2.04002,14.2802,2.01249,82.9534,-3.15994,down,17.0833,8,3,0,True
SOLUSDT,2026-02-13,deployed,,False,8,arith,3.12983,21.9088,3.20704,78.3832,4.29234,up,52.2944,4,4,0,True
SOLUSDT,2026-02-15,deployed,,False,8,geo,2.04234,14.2964,3.05307,88.0936,0.510668,up,8.13333,2,2,0,True
SOLUSDT,2026-02-17,deployed,,True,8,arith,2.37069,16.5948,2.54815,86.5935,-4.4907,down,145.366,10,3,0,True
SOLUSDT,2026-02-19,deployed,,False,8,arith,2.19865,15.3905,2.3791,81.6133,-1.76217,down,97.4833,10,4,0,True
SOLUSDT,2026-02-21,deployed,,False,8,arith,1.9409,13.5863,3.26342,84.4534,-4.27692,down,75.6333,9,2,0,True
SOLUSDT,2026-02-23,deployed,,False,8,arith,1.57581,11.0307,2.06567,82.9034,-3.25413,down,1.2,2,0,0,True
SOLUSDT,2026-02-25,deployed,,False,8,geo,2.27702,15.9392,1.47312,79.2232,1.51255,up,14.8333,3,3,0,True
SOLUSDT,2026-02-27,deployed,,True,8,geo,2.54335,17.8035,1.98318,85.9335,-4.82049,down,30.6833,5,1,0,True
SOLUSDT,2026-03-01,deployed,,False,8,arith,3.77884,26.4519,2.88421,84.3034,3.68289,up,91.7167,9,6,0,True
SOLUSDT,2026-03-03,deployed,,False,8,arith,3.29173,23.0421,3.35478,86.7135,2.09721,,,10,5,0,True
SOLUSDT,2026-03-05,deployed,,False,8,arith,3.67376,25.7163,4.44948,90.7437,1.11357,,,9,4,0,True
SOLUSDT,2026-03-07,deployed,,False,8,arith,2.20106,15.4074,3.10617,84.6834,-2.23596,down,37.3278,3,1,0,True
SOLUSDT,2026-03-09,deployed,,True,8,geo,2.53548,17.7484,2.83222,81.6733,3.46429,up,96.5944,6,5,0,True
SOLUSDT,2026-03-11,deployed,,True,8,arith,2.57719,18.0403,3.43379,85.8935,3.14643,up,123.644,9,6,0,True
SOLUSDT,2026-03-13,deployed,,True,8,geo,2.23204,15.6243,2.97349,86.8135,2.5348,up,75.6167,9,6,0,True
SOLUSDT,2026-03-15,deployed,,False,8,geo,0.863023,6.04116,0.998389,87.9336,1.16516,up,22.7333,6,5,0,True
SOLUSDT,2026-03-17,deployed,,True,8,arith,2.75515,19.2861,1.95337,96.3639,-2.66428,,,12,4,0,True
SOLUSDT,2026-03-19,deployed,,False,8,arith,1.51242,10.587,0.735507,89.9837,-0.997769,down,7.42778,1,0,0,True
SOLUSDT,2026-03-21,deployed,,False,8,arith,1.7211,12.0477,2.14707,89.9036,-2.10649,down,154.728,24,10,0,True
SOLUSDT,2026-03-23,deployed,,False,8,arith,1.70909,11.9636,1.56459,86.2235,-0.624913,down,106.728,18,8,0,True
SOLUSDT,2026-03-25,deployed,,True,8,geo,2.08264,14.5785,2.00826,90.8937,-4.49496,down,58.7278,6,1,0,True
SOLUSDT,2026-03-27,deployed,,False,8,geo,2.03092,14.2164,2.59721,86.4835,-2.80882,down,10.7111,1,0,0,True
SOLUSDT,2026-03-29,deployed,,False,8,arith,1.48356,10.3849,0.54789,82.0833,-0.576066,down,98.4333,25,11,0,True
SOLUSDT,2026-03-31,deployed,,False,8,arith,1.89628,13.274,1.04658,82.5534,-2.90107,down,61.65,13,5,0,True
SOLUSDT,2026-04-02,deployed,,True,8,geo,2.90103,20.3072,2.46819,81.1333,4.29557,,,13,7,0,True
SOLUSDT,2026-04-04,deployed,,False,8,arith,1.2051,8.43569,0.709817,80.2233,0.965421,up,48.7667,7,5,0,True
SOLUSDT,2026-04-06,deployed,,False,8,arith,2.06064,14.4245,2.16749,81.9433,1.46874,up,47.4611,6,4,0,True
SOLUSDT,2026-04-08,deployed,,True,8,arith,3.47442,24.321,2.31506,85.5835,2.19442,,,7,4,0,True
SOLUSDT,2026-04-10,deployed,,True,8,arith,2.57051,17.9936,2.47585,83.3234,1.51808,,,9,5,0,True
SOLUSDT,2026-04-12,deployed,,False,8,arith,1.66519,11.6563,1.08523,84.9734,2.09324,up,115.6,11,7,0,True
SOLUSDT,2026-04-14,deployed,,False,8,arith,1.86433,13.0503,1.95279,86.5635,0.842012,up,66.7664,7,4,0,True
SOLUSDT,2026-04-16,deployed,,False,8,geo,1.71891,12.0324,1.48305,84.8734,1.45484,up,19.7778,3,3,0,True
SOLUSDT,2026-04-18,deployed,,True,8,geo,1.78745,12.5122,1.12876,88.8336,-0.955892,,,13,5,0,True
SOLUSDT,2026-04-20,deployed,,True,8,arith,1.95952,13.7167,1.97304,83.5234,0.980847,,,11,5,0,True
SOLUSDT,2026-04-22,deployed,,False,8,arith,1.50073,10.5051,1.92499,86.0235,0.184681,,,16,7,0,True
SOLUSDT,2026-04-24,deployed,,False,8,geo,1.24066,8.68463,2.12194,86.1435,-2.7276,down,138.228,11,4,0,True
SOLUSDT,2026-04-26,deployed,,False,8,geo,0.607219,4.25053,1.09934,86.1235,-1.41435,down,39.3944,15,6,0,True
SOLUSDT,2026-04-28,deployed,,True,8,arith,1.20782,8.45472,1.5263,84.6834,-2.35667,down,42.2278,4,1,0,True
SOLUSDT,2026-04-30,deployed,,False,8,geo,1.5277,10.6939,1.31969,82.9634,2.15414,up,152.844,6,5,0,True
SOLUSDT,2026-05-02,deployed,,False,8,arith,0.956126,6.69288,1.06073,83.7034,1.26146,up,91.7667,11,7,0,True
SOLUSDT,2026-05-04,deployed,,True,8,geo,1.15261,8.0683,1.04349,83.9534,1.49642,up,53.9778,9,6,0,True
SOLUSDT,2026-05-06,deployed,,False,8,geo,1.44396,10.1077,1.70089,86.3635,0.600478,up,9.73333,2,2,0,True
SOLUSDT,2026-05-08,deployed,,True,8,arith,1.72925,12.1047,1.05962,88.4236,1.9725,up,56.5,6,5,0,True
SOLUSDT,2026-05-10,deployed,,False,12,geo,0.683443,7.51788,0.152372,93.1538,0.837438,up,17.95,10,7,0,True
SOLUSDT,2026-05-12,deployed,,False,8,geo,2.14501,15.015,0.715811,97.454,-4.62797,down,102.911,9,2,0,True
SOLUSDT,2026-05-14,deployed,,False,8,geo,1.64822,11.5375,0.882526,91.1637,-1.44258,down,37.9333,3,1,0,True
SOLUSDT,2026-05-16,deployed,,False,8,arith,1.31059,9.17411,1.61558,89.2136,-2.66519,down,9.37778,2,0,0,True
SOLUSDT,2026-05-18,deployed,,False,8,arith,1.83227,12.8259,0.748009,85.2735,-0.269853,,,16,7,0,True
SOLUSDT,2026-05-20,deployed,,False,8,geo,1.28855,9.01987,0.492096,84.4434,-0.782417,down,195.95,29,13,0,True
SOLUSDT,2026-05-22,deployed,,False,8,geo,1.56763,10.9734,1.23462,87.2635,-2.96463,down,147.667,14,5,0,True
SOLUSDT,2026-05-24,deployed,,True,8,arith,2.08997,14.6298,1.65634,85.6935,-3.61869,down,228.317,12,4,0,True
SOLUSDT,2026-05-26,deployed,,False,8,geo,1.19035,8.33247,1.76073,85.0835,-1.68279,down,45.9667,9,3,0,True
SOLUSDT,2026-05-28,deployed,,True,8,arith,1.46808,10.2765,1.91582,82.4633,-1.96361,down,110.517,6,2,0,True
SOLUSDT,2026-05-30,deployed,,True,8,geo,1.71041,11.9729,1.92117,82.0233,-3.30316,down,87.1333,6,1,0,True
SOLUSDT,2026-06-01,deployed,,False,8,arith,1.3251,9.27573,1.66553,82.4433,-2.4585,down,36.35,7,2,0,True
SOLUSDT,2026-06-03,deployed,,True,8,arith,4.25702,29.7991,2.33159,74.223,-5.73749,down,26.1111,2,0,0,True
SOLUSDT,2026-06-05,deployed,,False,8,geo,3.8562,26.9934,1.97826,68.7828,-6.37781,down,28.3667,5,1,0,True
SOLUSDT,2026-06-07,deployed,,False,8,geo,3.06893,21.4825,1.31584,62.0925,4.80548,up,191.5,8,6,0,True
SOLUSDT,2026-06-09,deployed,,False,8,arith,2.67179,18.7025,2.25706,66.8027,3.13312,up,155.183,11,7,0,True
SOLUSDT,2026-06-11,deployed,,False,8,arith,2.81762,19.7233,3.1023,63.1826,4.01446,up,96.25,4,4,0,True
SOLUSDT,2026-06-13,deployed,,False,8,arith,1.87508,13.1256,3.33978,66.7927,1.86203,up,47.9333,5,4,0,True
SOLUSDT,2026-06-15,deployed,,True,8,geo,2.48414,17.389,3.02037,71.2229,0.632203,up,13.4111,2,2,0,True
SOLUSDT,2026-06-17,deployed,,False,12,geo,1.30728,14.3801,0.358598,73.543,-4.01136,down,42.3,15,5,0,True
SOLUSDT,2026-06-19,deployed,,False,8,geo,1.79354,12.5548,1.57226,69.7528,-1.25822,down,136.8,16,7,0,True
SOLUSDT,2026-06-21,deployed,,False,8,geo,2.23026,15.6118,2.49921,73.263,4.27406,up,209.311,29,15,0,True
SOLUSDT,2026-06-23,deployed,,False,8,arith,2.29881,16.0917,2.02345,71.9729,-4.08702,down,39.8444,3,0,0,True
SOLUSDT,2026-06-25,deployed,,False,8,arith,2.61891,18.3324,3.39716,68.0928,5.27232,up,113.344,16,10,0,True
SOLUSDT,2026-06-27,deployed,,True,8,geo,3.55386,24.877,4.4453,71.9429,1.24382,up,111.167,2,2,0,True
SOLUSDT,2026-06-29,deployed,,True,8,arith,3.05623,21.3936,3.13338,71.4429,3.391,up,81.6611,6,5,0,True
SOLUSDT,2026-07-01,deployed,,True,8,arith,2.20023,15.4016,2.46267,73.613,2.25598,up,33.6611,5,4,0,True
SOLUSDT,2026-07-03,deployed,,False,8,arith,2.1854,15.2978,1.1947,80.6733,0.677935,up,28.7778,2,2,0,True
SOLUSDT,2026-07-05,deployed,,False,8,geo,1.40113,9.80789,0.429696,81.8233,-1.71333,down,80.3778,18,7,0,True
SOLUSDT,2026-07-07,deployed,,False,8,arith,2.13498,14.9449,1.00198,81.9533,-4.61379,down,161.933,6,1,0,True
SOLUSDT,2026-07-09,deployed,,False,8,geo,1.54751,10.8326,1.61374,77.8232,-0.96553,down,72.5944,9,4,0,True
SOLUSDT,2026-07-11,deployed,,False,8,arith,1.27163,8.9014,1.70007,78.1032,-2.12299,down,66.4111,11,4,0,True
SOLUSDT,2026-07-13,deployed,,False,8,arith,1.20223,8.41559,1.23249,76.9231,-1.90909,down,21.7278,7,2,0,True
SOLUSDT,2026-07-15,deployed,,False,8,geo,1.50925,10.5648,1.17686,77.8532,-0.779212,,,15,6,0,True
SOLUSDT,2026-07-17,deployed,,False,8,arith,1.53354,10.7348,1.73656,75.3131,2.10621,,,11,6,0,True
SOLUSDT,2026-07-19,deployed,,False,8,arith,0.845179,5.91626,0.827331,75.4931,0.946236,up,39.8111,11,7,0,True
SOLUSDT,2026-07-21,deployed,,True,8,arith,1.13741,7.96189,1.66853,77.7332,-1.97014,down,172.35,19,7,0,True
SOLUSDT,2026-07-23,deployed,,True,8,geo,1.5404,10.7828,1.97736,77.8832,-3.20737,down,38.4611,3,0,0,True
SOLUSDT,2026-07-25,deployed,,True,8,geo,1.08344,7.58407,1.55499,73.953,-0.436243,down,83.2611,11,5,0,True
SOLUSDT,2026-07-27,deployed,,False,8,geo,1.12992,7.90943,1.31475,76.7531,-2.00115,down,137.683,20,7,0,True
SOLUSDT,2026-07-29,deployed,,True,8,arith,1.71924,12.0346,1.47586,73.843,1.25121,,,12,6,0,True
SOLUSDT,2026-07-31,deployed,,False,8,geo,1.16304,8.14127,1.01246,74.543,-2.6667,down,42.9,6,1,0,True
SOLUSDT,2026-08-02,deployed,,False,8,geo,1.05841,7.40886,1.16291,71.9529,2.78525,up,158.5,19,12,0,True
SOLUSDT,2026-08-04,deployed,,True,8,arith,0.857454,6.00218,1.26086,73.513,1.39922,up,107.933,17,10,0,True
SOLUSDT,2026-08-06,deployed,,False,8,arith,0.96642,6.76494,1.33182,74.013,1.10417,up,63.0278,7,5,0,True
SOLUSDT,2026-08-08,deployed,,False,8,arith,0.988254,6.91778,1.28462,73.753,0.76818,up,14.7111,3,3,0,True
SOLUSDT,2026-08-10,deployed,,False,8,arith,1.15897,8.11277,0.634181,76.2331,1.63928,up,230.928,11,7,0,True
SOLUSDT,2026-08-12,deployed,,True,8,geo,1.10293,7.72051,0.857679,76.2531,1.48078,up,182.844,11,7,0,True
SOLUSDT,2026-08-14,deployed,,True,8,geo,0.917839,6.42487,0.693541,76.2631,1.11941,up,133.6,9,6,0,True
SOLUSDT,2026-08-16,deployed,,False,8,geo,0.472842,3.30989,0.660656,75.3431,0.958532,up,62.5278,18,11,0,True
SOLUSDT,2026-08-18,deployed,,False,8,arith,0.841496,5.89047,0.897643,76.0431,0.483341,up,36.7167,3,3,0,True
SOLUSDT,2026-08-20,deployed,,True,8,arith,3.46699,24.269,1.67739,85.3535,0,up,8.21111,0,0,0,True
SOLUSDT,2026-08-22,deployed,,False,8,arith,2.57463,18.0224,0.806324,93.6838,0.308995,up,3.19444,1,1,543,False
SOLUSDT,2026-08-24,deployed,,False,8,arith,2.48377,17.3864,1.17002,95.5039,3.25627,up,80.1944,13,8,543,False
SOLUSDT,2026-08-26,deployed,,False,8,geo,2.97518,20.8262,1.79494,96.6439,3.11829,up,39.5111,5,4,543,False
SOLUSDT,2026-08-28,deployed,,False,8,geo,3.38106,23.6674,2.35266,109.154,1.11512,,,7,3,543,False
SOLUSDT,2026-08-30,deployed,,False,8,geo,1.24303,8.70124,0.770694,105.624,-2.36623,down,66.2778,14,5,543,False
SOLUSDT,2026-09-01,skip,lookback incomplete,,,,,,,,,,,,,,
SOLUSDT,2026-09-03,skip,lookback incomplete,,,,,,,,,,,,,,
SOLUSDT,2026-09-05,skip,lookback incomplete,,,,,,,,,,,,,,
SOLUSDT,2026-09-07,skip,lookback incomplete,,,,,,,,,,,,,,
SOLUSDT,2026-09-09,skip,lookback incomplete,,,,,,,,,,,,,,
SOLUSDT,2026-09-11,deployed,,True,8,geo,1.36145,9.53014,2.4198,98.684,0.821494,down,114.878,25,12,0,True
SOLUSDT,2026-09-13,deployed,,False,8,geo,0.76554,5.35878,1.46402,101.744,1.25339,up,44.4111,15,9,0,True
SOLUSDT,2026-09-15,deployed,,True,8,geo,1.96082,13.7258,1.83941,102.454,2.5854,up,85.9111,13,8,0,True
SOLUSDT,2026-09-17,deployed,,True,8,arith,2.7847,19.4929,2.36406,98.694,2.18574,up,37.7944,3,3,0,True
XRPUSDT,2025-01-01,deployed,,True,8,geo,2.62043,18.343,2.48018,2.08017,2.20985,up,16.4778,3,3,0,True
XRPUSDT,2025-01-03,deployed,,False,8,geo,2.56591,17.9614,1.44512,2.40108,4.40294,up,212.761,21,12,0,True
XRPUSDT,2025-01-05,deployed,,False,8,geo,1.61062,11.2744,0.757953,2.41818,-2.17769,down,65.8833,15,6,0,True
XRPUSDT,2025-01-07,deployed,,False,8,arith,2.09672,14.677,1.13865,2.41808,-4.41117,down,41.5444,8,2,0,True
XRPUSDT,2025-01-09,deployed,,True,12,geo,3.04762,33.5239,2.67622,2.38098,4.34378,up,145.611,16,10,0,True
XRPUSDT,2025-01-11,deployed,,False,8,geo,2.60469,18.2328,3.48122,2.34308,1.68782,up,20.0278,3,3,0,True
XRPUSDT,2025-01-13,deployed,,True,8,geo,2.49403,17.4582,2.46517,2.50578,3.04307,up,49.6111,9,6,0,True
XRPUSDT,2025-01-15,deployed,,True,8,geo,2.78568,19.4998,2.3402,2.67729,0.466214,up,1.79972,1,1,0,True
XRPUSDT,2025-01-17,deployed,,True,8,geo,6.97207,48.8045,3.5119,3.24741,0.177427,,,5,2,0,True
XRPUSDT,2025-01-19,deployed,,False,8,arith,3.86521,27.0565,1.79526,3.27681,-4.53338,down,199.428,20,8,0,True
XRPUSDT,2025-01-21,deployed,,True,8,arith,6.34944,44.4461,5.72901,3.1042,2.07028,,,4,2,0,True
XRPUSDT,2025-01-23,deployed,,False,8,geo,3.82906,26.8034,4.96121,3.1712,-8.64024,down,103.561,6,1,0,True
XRPUSDT,2025-01-25,deployed,,False,8,geo,2.03354,14.2348,5.14297,3.104,-4.31996,down,54.6611,3,0,0,True
XRPUSDT,2025-01-27,deployed,,True,8,geo,1.81805,12.7263,3.88957,3.0338,-2.8371,down,5.9,2,0,0,True
XRPUSDT,2025-01-29,deployed,,False,8,arith,4.42494,30.9746,5.09476,3.0614,-10.9642,down,114.811,4,0,0,True
XRPUSDT,2025-01-31,deployed,,True,8,geo,1.81412,12.6988,3.919,3.13,-4.19232,down,46.4667,6,1,0,True
XRPUSDT,2025-02-02,deployed,,True,8,arith,3.5838,25.0866,3.5075,2.87799,-5.33628,down,17.7778,2,0,0,True
XRPUSDT,2025-02-04,deployed,,True,8,arith,6.90685,48.348,6.71156,2.69989,-0.910314,,,3,1,0,True
XRPUSDT,2025-02-06,deployed,,False,8,geo,5.28108,36.9676,4.12456,2.38238,6.50728,,,4,3,0,True
XRPUSDT,2025-02-08,deployed,,False,8,geo,5.23416,36.6391,4.64221,2.39588,4.07216,,,4,3,0,True
XRPUSDT,2025-02-10,deployed,,False,8,geo,3.66412,25.6488,4.55662,2.39748,4.28699,up,105.216,7,5,0,True
XRPUSDT,2025-02-12,deployed,,False,8,arith,2.93711,20.5598,5.31085,2.41338,3.14047,up,56.5111,4,4,0,True
XRPUSDT,2025-02-14,deployed,,True,8,geo,3.17847,22.2493,4.83759,2.55978,1.04864,up,9.12778,2,2,0,True
XRPUSDT,2025-02-16,deployed,,False,8,geo,2.35255,16.4679,0.433909,2.76279,-5.09335,down,64.5444,6,1,0,True
XRPUSDT,2025-02-18,deployed,,False,8,geo,2.66076,18.6253,1.10761,2.66159,-3.5653,down,148.583,11,4,0,True
XRPUSDT,2025-02-20,deployed,,True,8,arith,3.54982,24.8488,3.79096,2.74319,-9.06766,down,124.85,5,0,0,True
XRPUSDT,2025-02-22,deployed,,True,8,arith,3.41204,23.8843,3.6051,2.56888,-5.82692,down,70.0944,2,0,0,True
XRPUSDT,2025-02-24,deployed,,False,8,geo,1.40004,9.80029,1.91292,2.57048,-3.17322,down,10.6444,4,0,0,True
XRPUSDT,2025-02-26,deployed,,True,8,arith,7.19531,50.3672,4.92707,2.32898,7.89519,up,113.728,7,5,0,True
XRPUSDT,2025-02-28,deployed,,False,8,arith,3.75451,26.2816,1.91749,2.19977,4.99987,up,63.7444,8,6,0,True
XRPUSDT,2025-03-02,deployed,,False,8,arith,2.42678,16.9874,2.48067,2.19267,1.65419,up,15.5278,5,4,0,True
XRPUSDT,2025-03-04,deployed,,False,8,arith,7.05009,49.3506,5.95011,2.38708,-10.1278,down,168.7,6,2,0,True
XRPUSDT,2025-03-06,deployed,,False,8,arith,3.46706,24.2694,4.86893,2.49748,-6.70801,down,88.6944,10,3,0,True
XRPUSDT,2025-03-08,deployed,,False,8,arith,6.63689,46.4582,5.40958,2.38088,2.19606,,,6,3,0,True
XRPUSDT,2025-03-10,deployed,,False,8,geo,4.63324,32.4327,6.62907,2.13247,-5.63114,down,24.6997,4,1,0,True
XRPUSDT,2025-03-12,deployed,,False,8,geo,4.39716,30.7801,4.18035,2.16907,3.58657,up,76.6944,5,4,0,True
XRPUSDT,2025-03-14,deployed,,True,8,geo,3.75557,26.289,5.775,2.25387,3.76646,up,134.083,7,5,0,True
XRPUSDT,2025-03-16,deployed,,False,8,arith,1.80605,12.6423,1.73284,2.39148,2.42089,up,86.0833,13,8,0,True
XRPUSDT,2025-03-18,deployed,,False,8,geo,1.85139,12.9598,2.24328,2.33878,2.60726,up,37.3611,11,7,0,True
XRPUSDT,2025-03-20,deployed,,True,8,arith,4.79317,33.5522,4.63706,2.54448,-5.22704,,,4,0,0,True
XRPUSDT,2025-03-22,deployed,,False,8,geo,2.01411,14.0988,2.34095,2.38188,-2.98229,down,150.083,7,2,0,True
XRPUSDT,2025-03-24,deployed,,False,8,arith,1.53369,10.7358,2.43311,2.43738,-3.43188,down,101.644,9,2,0,True
XRPUSDT,2025-03-26,deployed,,True,8,arith,1.65597,11.5918,1.99308,2.45288,-3.34889,down,51.2778,6,1,0,True
XRPUSDT,2025-03-28,deployed,,True,8,arith,1.77561,12.4293,2.00773,2.34208,-3.26941,down,9.31667,3,0,0,True
XRPUSDT,2025-03-30,deployed,,False,8,geo,2.78095,19.4667,1.19788,2.13677,-0.456553,down,188.878,29,13,0,True
XRPUSDT,2025-04-01,deployed,,False,8,geo,2.67909,18.7536,1.08789,2.09117,-1.89429,down,142.811,23,10,0,True
XRPUSDT,2025-04-03,deployed,,True,8,geo,6.57632,46.0342,4.84332,2.02467,8.09134,,,13,7,0,True
XRPUSDT,2025-04-05,deployed,,False,8,geo,3.27787,22.9451,2.48773,2.12607,-7.638,down,51.8111,7,1,0,True
XRPUSDT,2025-04-07,deployed,,False,8,geo,5.81445,40.7012,4.4369,1.91976,-7.6705,down,6.69444,2,0,0,True
XRPUSDT,2025-04-09,deployed,,False,8,geo,5.4666,38.2662,4.79612,1.79436,6.33252,,,5,4,0,True
XRPUSDT,2025-04-11,deployed,,False,8,geo,3.64655,25.5258,5.23225,1.96736,3.18847,up,59.1833,3,3,0,True
XRPUSDT,2025-04-13,deployed,,False,8,arith,2.05651,14.3956,2.80448,2.15887,0.244983,up,9.51667,2,1,0,True
XRPUSDT,2025-04-15,deployed,,False,8,arith,2.09739,14.6817,1.24762,2.12607,3.48637,,,16,9,0,True
XRPUSDT,2025-04-17,deployed,,False,8,arith,3.1035,21.7245,2.93637,2.08347,2.9912,,,6,4,0,True
XRPUSDT,2025-04-19,deployed,,False,8,arith,1.13204,7.92429,1.70468,2.06337,2.11701,up,87.15,14,9,0,True
XRPUSDT,2025-04-21,deployed,,False,8,arith,1.30951,9.1666,2.11751,2.07777,1.68801,up,39.2278,8,6,0,True
XRPUSDT,2025-04-23,deployed,,True,8,arith,2.94411,20.6088,2.89576,2.21327,1.64646,up,127.878,6,4,0,True
XRPUSDT,2025-04-25,deployed,,True,8,geo,2.19529,15.3671,2.04968,2.20667,0.799131,,,14,7,0,True
XRPUSDT,2025-04-27,deployed,,False,8,geo,1.18696,8.3087,1.0399,2.18937,1.37869,up,20.7778,6,5,0,True
XRPUSDT,2025-04-29,deployed,,False,8,arith,1.83566,12.8496,1.82022,2.29448,-3.83963,down,159.833,10,3,0,True
XRPUSDT,2025-05-01,deployed,,False,8,arith,2.23245,15.6271,2.0383,2.19107,5.22775,up,233.15,17,11,0,True
XRPUSDT,2025-05-03,deployed,,True,8,geo,1.2904,9.03279,2.13825,2.20857,-2.68923,down,63.8333,5,1,0,True
XRPUSDT,2025-05-05,deployed,,True,8,geo,1.18483,8.29384,1.36412,2.15557,-1.68102,down,26.3833,6,2,0,True
XRPUSDT,2025-05-07,deployed,,True,8,geo,1.89845,13.2892,1.63515,2.15227,1.60773,up,44.6167,5,4,0,True
XRPUSDT,2025-05-09,deployed,,True,8,geo,3.02168,21.1518,1.6325,2.32188,0.31849,up,8.46111,1,1,0,True
XRPUSDT,2025-05-11,deployed,,False,8,arith,2.33472,16.343,0.9581,2.46918,1.20893,up,36.7111,6,4,0,True
XRPUSDT,2025-05-13,deployed,,True,8,geo,4.80503,33.6352,2.9785,2.54398,0.81418,,,7,3,0,True
XRPUSDT,2025-05-15,deployed,,False,8,arith,2.2491,15.7437,1.40688,2.55318,-4.06681,down,23.45,7,2,0,True
XRPUSDT,2025-05-17,deployed,,False,8,arith,2.40798,16.8558,2.76505,2.37878,0.464711,,,15,7,0,True
XRPUSDT,2025-05-19,deployed,,True,8,arith,2.60125,18.2088,3.2842,2.42928,-0.702338,,,14,6,0,True
XRPUSDT,2025-05-21,deployed,,False,8,arith,1.91638,13.4147,1.9263,2.35638,-4.51855,down,216.994,18,7,0,True
XRPUSDT,2025-05-23,deployed,,False,8,arith,1.4824,10.3768,2.08826,2.43148,-2.94921,down,63.4444,12,4,0,True
XRPUSDT,2025-05-25,deployed,,False,8,geo,0.945465,6.61826,1.91146,2.33258,-1.74256,down,15.4444,3,0,0,True
XRPUSDT,2025-05-27,deployed,,True,8,arith,1.22412,8.56886,1.76316,2.30338,-4.83188,down,72.9944,11,4,0,True
XRPUSDT,2025-05-29,deployed,,True,8,arith,1.69319,11.8523,1.49839,2.27567,-2.84292,down,38.45,5,1,0,True
XRPUSDT,2025-05-31,deployed,,True,8,arith,2.58197,18.0738,1.52066,2.13737,5.4339,,,10,6,0,True
XRPUSDT,2025-06-02,deployed,,False,8,geo,1.33865,9.37057,0.585594,2.18217,0.965255,up,39.9333,5,4,0,True
XRPUSDT,2025-06-04,deployed,,True,8,geo,2.23971,15.6779,1.89538,2.24407,0.273228,,,14,6,0,True
XRPUSDT,2025-06-06,deployed,,True,8,arith,3.02777,21.1944,2.0999,2.09347,3.29875,,,7,4,0,True
XRPUSDT,2025-06-08,deployed,,False,8,geo,0.641541,4.49079,1.13838,2.17757,0.514464,up,11.7444,3,3,0,True
XRPUSDT,2025-06-10,deployed,,False,8,arith,1.73749,12.1625,1.47407,2.31568,-4.2784,down,72.6444,7,1,0,True
XRPUSDT,2025-06-12,deployed,,False,8,arith,1.72599,12.0819,1.32935,2.26627,-3.24606,down,24.2778,3,0,0,True
XRPUSDT,2025-06-14,deployed,,False,12,arith,1.17432,12.9175,1.29169,2.14967,2.26293,up,64.2778,8,7,0,True
XRPUSDT,2025-06-16,deployed,,False,8,geo,0.968639,6.78047,0.82484,2.16997,0.675512,up,11.8444,3,3,0,True
XRPUSDT,2025-06-18,deployed,,False,8,arith,2.23259,15.6281,1.95046,2.16547,-3.83196,down,95.65,3,0,0,True
XRPUSDT,2025-06-20,deployed,,False,8,geo,0.869876,6.08914,0.934675,2.16617,-2.04618,down,17.6667,6,1,0,True
XRPUSDT,2025-06-22,deployed,,False,8,arith,2.82116,19.7482,1.9134,2.06307,4.7941,,,14,8,0,True
XRPUSDT,2025-06-24,deployed,,False,8,geo,3.73026,26.1118,1.86841,2.16507,1.15063,up,163.528,3,2,0,True
XRPUSDT,2025-06-26,deployed,,False,8,geo,1.45849,10.2094,1.25859,2.18567,-2.91602,down,39.0444,6,1,0,True
XRPUSDT,2025-06-28,deployed,,True,8,arith,2.25378,15.7765,2.20554,2.14087,1.60165,up,67.5278,3,3,0,True
XRPUSDT,2025-06-30,deployed,,False,8,arith,1.17014,8.19099,0.880315,2.20707,0.878366,up,19.4778,5,4,0,True
XRPUSDT,2025-07-02,deployed,,False,8,arith,1.63508,11.4456,1.43283,2.17157,2.58429,up,134.161,8,6,0,True
XRPUSDT,2025-07-04,deployed,,False,8,geo,1.59055,11.1338,1.37748,2.25807,1.88805,up,131.767,9,6,0,True
XRPUSDT,2025-07-06,deployed,,False,8,arith,0.782147,5.47503,0.992241,2.22047,0.797463,up,10.8333,4,4,0,True
XRPUSDT,2025-07-08,deployed,,False,8,geo,2.35559,16.4891,1.93577,2.27437,2.00921,up,64.4778,3,3,0,True
XRPUSDT,2025-07-10,deployed,,False,8,arith,1.85316,12.9721,1.57651,2.40408,0.27962,up,16.4778,1,1,0,True
XRPUSDT,2025-07-12,deployed,,True,8,arith,6.56261,45.9383,2.4258,2.73249,2.68682,up,125.683,2,2,0,True
XRPUSDT,2025-07-14,deployed,,False,8,geo,3.29465,23.0625,1.16635,2.83779,2.98428,up,77.5778,7,5,0,True
XRPUSDT,2025-07-16,deployed,,False,8,arith,3.06838,21.4786,1.98166,2.9153,2.70316,up,33.1,3,3,0,True
XRPUSDT,2025-07-18,deployed,,False,8,arith,6.21171,43.4819,4.20533,3.48601,-0.867013,,,2,0,0,True
XRPUSDT,2025-07-20,deployed,,False,8,geo,2.31673,16.2171,0.818971,3.42311,-3.0649,down,92.5278,17,7,0,True
XRPUSDT,2025-07-22,deployed,,False,8,geo,2.71247,18.9873,1.94664,3.55882,-6.68487,down,44.5,6,1,0,True
XRPUSDT,2025-07-24,deployed,,False,8,geo,5.75598,40.2919,5.02743,3.1801,-7.52706,down,234.544,4,1,0,True
XRPUSDT,2025-07-26,deployed,,False,8,geo,2.6461,18.5227,2.66468,3.143,-3.72021,down,183.961,16,6,0,True
XRPUSDT,2025-07-28,deployed,,False,8,geo,2.28217,15.9752,2.72044,3.24151,-4.20074,down,104.178,12,4,0,True
XRPUSDT,2025-07-30,deployed,,False,8,arith,2.50176,17.5123,2.67663,3.1302,-4.8479,down,87.5833,7,2,0,True
XRPUSDT,2025-08-01,deployed,,False,8,geo,2.43392,17.0374,2.84373,3.0207,-3.5267,down,39.8611,6,2,0,True
XRPUSDT,2025-08-03,deployed,,True,8,geo,4.55447,31.8813,4.19548,2.76489,7.52297,,,6,5,0,True
XRPUSDT,2025-08-05,deployed,,False,8,arith,2.03268,14.2287,2.68385,3.073,1.07042,up,69.5944,6,4,0,True
XRPUSDT,2025-08-07,deployed,,False,8,arith,1.66615,11.663,2.57117,2.9892,1.43714,up,21.5778,3,3,0,True
XRPUSDT,2025-08-09,deployed,,False,8,arith,2.63312,18.4318,1.46913,3.29161,-3.40509,down,225.211,18,7,0,True
XRPUSDT,2025-08-11,deployed,,False,12,arith,1.25238,13.7762,0.627685,3.1903,-2.27402,down,111.783,34,15,0,True
XRPUSDT,2025-08-13,deployed,,True,8,arith,2.23297,15.6308,1.59429,3.26581,-4.59623,down,129.361,10,3,0,True
XRPUSDT,2025-08-15,deployed,,False,8,geo,3.06349,21.4445,3.1555,3.0816,-3.48324,down,114.911,4,1,0,True
XRPUSDT,2025-08-17,deployed,,False,8,arith,1.10378,7.72647,1.30309,3.1064,-2.2747,down,27.8278,6,1,0,True
XRPUSDT,2025-08-19,deployed,,True,8,arith,2.36227,16.5359,3.32423,3.0566,-4.69945,down,38.1944,3,0,0,True
XRPUSDT,2025-08-21,deployed,,False,8,arith,2.60361,18.2253,2.08568,2.9526,0.0529807,,,14,6,0,True
XRPUSDT,2025-08-23,deployed,,False,8,arith,2.83864,19.8705,2.45753,3.076,-2.40562,,,12,4,0,True
XRPUSDT,2025-08-25,deployed,,False,8,arith,2.81665,19.7166,2.87351,3.0239,-5.1545,down,170.911,7,2,0,True
XRPUSDT,2025-08-27,deployed,,True,8,geo,2.4685,17.2795,2.57708,3.0132,-1.72935,,,9,3,0,True
XRPUSDT,2025-08-29,deployed,,False,8,geo,1.6742,11.7194,2.64187,2.9653,-3.14544,down,17.35,3,0,0,True
XRPUSDT,2025-08-31,deployed,,False,8,geo,1.01202,7.08412,0.749811,2.81949,-1.85179,down,28.8444,8,2,0,True
XRPUSDT,2025-09-02,deployed,,True,8,arith,2.49913,17.4939,2.05476,2.75019,3.60965,,,5,4,0,True
XRPUSDT,2025-09-04,deployed,,False,8,geo,1.32111,9.24778,1.66047,2.84659,1.87639,up,108.828,13,8,0,True
XRPUSDT,2025-09-06,deployed,,False,8,arith,1.74794,12.2356,2.30602,2.81519,1.86626,up,79.15,4,4,0,True
XRPUSDT,2025-09-08,deployed,,False,8,arith,1.57477,11.0234,1.83264,2.87599,0.659703,up,13.2833,2,2,0,True
XRPUSDT,2025-09-10,deployed,,False,8,geo,1.46013,10.2209,1.04039,2.9481,1.92386,up,68.9778,8,6,0,True
XRPUSDT,2025-09-12,deployed,,False,8,geo,1.53171,10.722,0.818288,3.0414,0.737417,up,33.2944,2,2,0,True
XRPUSDT,2025-09-14,deployed,,False,8,geo,1.50873,10.5611,0.727176,3.1204,-2.96918,down,192.628,12,4,0,True
XRPUSDT,2025-09-16,deployed,,False,8,geo,1.69281,11.8497,1.77282,2.999,-5.45987,down,150.078,9,3,0,True
XRPUSDT,2025-09-18,deployed,,True,8,geo,1.92521,13.4765,2.5345,3.0834,-6.13914,down,102.117,5,0,0,True
XRPUSDT,2025-09-20,deployed,,True,8,arith,1.4172,9.9204,1.76087,2.995,-1.7316,down,48.8333,2,0,0,True
XRPUSDT,2025-09-22,deployed,,False,8,geo,1.26099,8.82694,1.65653,2.9716,-5.06668,down,6.11639,3,0,0,True
XRPUSDT,2025-09-24,deployed,,False,8,geo,1.94649,13.6254,1.94033,2.82889,4.22788,up,209.316,20,12,0,True
XRPUSDT,2025-09-26,deployed,,True,8,arith,2.91287,20.3901,2.02647,2.74009,4.64364,,,7,5,0,True
XRPUSDT,2025-09-28,deployed,,False,8,geo,1.4183,9.92812,1.02903,2.80089,1.51081,up,81.3167,9,6,0,True
XRPUSDT,2025-09-30,deployed,,False,8,arith,1.62678,11.3875,1.95034,2.87829,1.54954,up,64.2778,7,5,0,True
XRPUSDT,2025-10-02,deployed,,True,8,arith,1.61039,11.2727,2.50142,2.9427,0.556322,up,16.9164,2,2,0,True
XRPUSDT,2025-10-04,deployed,,False,8,geo,1.88896,13.2227,1.12358,3.0367,-3.83283,down,122.928,6,1,0,True
XRPUSDT,2025-10-06,deployed,,False,8,arith,1.57943,11.056,1.20004,2.9698,-2.77389,down,74.7944,5,1,0,True
XRPUSDT,2025-10-08,deployed,,True,8,geo,1.79,12.53,1.56093,2.85799,-1.43401,down,32.5778,3,1,0,True
XRPUSDT,2025-10-10,deployed,,False,8,arith,1.68638,11.8046,1.96144,2.80409,-3.39539,down,19.5611,4,1,0,True
XRPUSDT,2025-10-12,deployed,,False,12,geo,3.14864,34.6351,1.33527,2.37788,2.9496,,,15,8,0,True
XRPUSDT,2025-10-14,deployed,,False,8,geo,3.04132,21.2892,2.28333,2.60419,-7.01199,down,79.4,6,1,0,True
XRPUSDT,2025-10-16,deployed,,False,8,geo,3.01098,21.0769,2.40839,2.41278,-4.42701,down,32.3333,7,2,0,True
XRPUSDT,2025-10-18,deployed,,False,8,arith,3.57021,24.9915,3.64865,2.29708,5.4573,up,186.844,10,7,0,True
XRPUSDT,2025-10-20,deployed,,False,8,geo,1.79584,12.5709,2.95744,2.39228,1.08439,up,19.7611,3,3,0,True
XRPUSDT,2025-10-22,deployed,,True,8,arith,3.04019,21.2813,3.92751,2.42328,4.28023,,,15,8,0,True
XRPUSDT,2025-10-24,deployed,,False,8,geo,1.5623,10.9361,2.95142,2.39568,1.44233,up,24.8944,3,3,0,True
XRPUSDT,2025-10-26,deployed,,False,8,geo,1.79837,12.5886,1.76404,2.59689,0.703606,up,40.1111,4,3,0,True
XRPUSDT,2025-10-28,deployed,,False,8,geo,2.30099,16.1069,1.01904,2.63479,-4.38806,down,66.7778,6,1,0,True
XRPUSDT,2025-10-30,deployed,,True,8,geo,2.93644,20.5551,2.09181,2.55168,-4.70146,down,111.578,7,2,0,True
XRPUSDT,2025-11-01,deployed,,True,8,geo,2.33499,16.3449,2.96633,2.50968,-5.52629,down,68.8778,4,0,0,True
XRPUSDT,2025-11-03,deployed,,False,8,geo,1.59977,11.1984,2.13535,2.52508,-4.51333,down,15.5778,4,0,0,True
XRPUSDT,2025-11-05,deployed,,True,8,geo,6.32757,44.293,3.98348,2.20477,3.85882,,,7,4,0,True
XRPUSDT,2025-11-07,deployed,,False,8,geo,3.05191,21.3634,2.99122,2.21377,4.29656,up,81.7611,6,5,0,True
XRPUSDT,2025-11-09,deployed,,False,8,arith,1.61357,11.295,1.91258,2.28847,1.71226,up,24.8611,7,5,0,True
XRPUSDT,2025-11-11,deployed,,False,8,arith,2.90904,20.3633,3.79754,2.52838,-5.70837,down,163.833,16,5,0,True
XRPUSDT,2025-11-13,deployed,,False,8,arith,2.98107,20.8675,3.84032,2.38898,-4.89144,down,89.8167,7,2,0,True
XRPUSDT,2025-11-15,deployed,,False,8,arith,4.24008,29.6806,3.93413,2.24437,-6.91854,down,148.45,5,1,0,True
XRPUSDT,2025-11-17,deployed,,False,8,geo,3.96335,27.7435,3.91079,2.22007,-8.14741,down,103.644,5,1,0,True
XRPUSDT,2025-11-19,deployed,,False,8,geo,2.73993,19.1795,2.25987,2.21437,-5.23289,down,42.7944,6,1,0,True
XRPUSDT,2025-11-21,deployed,,False,8,arith,4.37021,30.5914,4.0577,2.00007,5.73498,,,8,5,0,True
XRPUSDT,2025-11-23,deployed,,False,8,geo,2.56536,17.9575,1.2609,1.95286,2.0031,up,40.85,3,3,0,True
XRPUSDT,2025-11-25,deployed,,False,8,geo,3.71179,25.9825,4.17657,2.22797,0.375673,,,8,3,0,True
XRPUSDT,2025-11-27,deployed,,False,8,arith,2.08232,14.5763,2.07031,2.22387,-4.02943,down,100.467,10,3,0,True
XRPUSDT,2025-11-29,deployed,,False,8,arith,2.26715,15.8701,2.11374,2.18077,-4.47622,down,53.3667,3,0,0,True
XRPUSDT,2025-12-01,deployed,,False,8,geo,1.57341,11.0139,1.28725,2.15507,-3.0512,down,0.933333,2,0,0,True
XRPUSDT,2025-12-03,deployed,,False,8,geo,2.28139,15.9697,2.20862,2.15267,0.263525,up,5.08333,1,1,0,True
XRPUSDT,2025-12-05,deployed,,False,8,geo,2.24713,15.7299,2.28443,2.09737,-2.96642,down,63.0167,2,0,0,True
XRPUSDT,2025-12-07,deployed,,False,8,geo,1.02308,7.16156,0.674269,2.03447,1.39688,up,18.4,10,7,0,True
XRPUSDT,2025-12-09,deployed,,False,8,arith,1.7863,12.5041,1.96557,2.07307,-2.77941,down,159.094,16,6,0,True
XRPUSDT,2025-12-11,deployed,,True,8,geo,2.76456,19.3519,3.19126,2.04217,-5.15327,down,122.15,5,1,0,True
XRPUSDT,2025-12-13,deployed,,False,8,arith,1.75109,12.2576,1.91746,2.00937,-3.3703,down,66.4167,7,2,0,True
XRPUSDT,2025-12-15,deployed,,True,8,geo,1.48229,10.376,2.0153,1.98156,-2.21189,down,16.7833,4,1,0,True
XRPUSDT,2025-12-17,deployed,,False,8,geo,1.97272,13.809,1.0826,1.92956,-3.57681,down,48.5778,10,3,0,True
XRPUSDT,2025-12-19,deployed,,False,8,geo,3.06658,21.4661,1.81395,1.80916,2.44615,,,5,3,0,True
XRPUSDT,2025-12-21,deployed,,False,8,geo,1.11413,7.79888,0.983256,1.93396,-1.96979,down,119.844,17,6,0,True
XRPUSDT,2025-12-23,deployed,,False,8,arith,1.42826,9.99781,1.91244,1.90336,-2.15506,down,212.178,13,5,0,True
XRPUSDT,2025-12-25,deployed,,False,8,geo,1.30673,9.14708,2.0263,1.86426,2.71374,up,209.094,18,11,0,True
XRPUSDT,2025-12-27,deployed,,False,8,arith,1.26071,8.82494,1.84178,1.84366,2.57078,up,160.644,13,9,0,True
XRPUSDT,2025-12-29,deployed,,False,8,geo,0.926119,6.48283,1.33892,1.86596,1.62955,up,111.833,19,11,0,True
XRPUSDT,2025-12-31,deployed,,True,8,arith,1.13161,7.92124,1.36212,1.87686,1.27774,up,64.4611,9,6,0,True
XRPUSDT,2026-01-02,deployed,,False,8,arith,0.93212,6.52484,1.45485,1.88006,0.629214,up,15.8333,6,4,0,True
XRPUSDT,2026-01-04,deployed,,False,8,geo,0.884545,6.19182,0.19797,2.01717,0.432981,up,4.32778,2,2,0,True
XRPUSDT,2026-01-06,deployed,,False,8,geo,3.50589,24.5412,0.912949,2.35008,0,up,1.09444,0,0,0,True
XRPUSDT,2026-01-08,deployed,,False,8,arith,2.81848,19.7294,0.817824,2.16817,-3.86408,down,104.617,2,0,0,True
XRPUSDT,2026-01-10,deployed,,False,8,arith,2.39962,16.7974,1.95653,2.09517,-3.97986,down,216.283,11,4,0,True
XRPUSDT,2026-01-12,deployed,,False,8,arith,1.54081,10.7857,1.0423,2.07477,-3.31149,down,168.144,19,8,0,True
XRPUSDT,2026-01-14,deployed,,False,8,arith,2.71963,19.0374,2.92306,2.16687,-4.21537,,,8,2,0,True
XRPUSDT,2026-01-16,deployed,,False,8,geo,1.70815,11.957,1.99641,2.07987,-2.83135,down,71.8611,4,1,0,True
XRPUSDT,2026-01-18,deployed,,False,8,arith,0.743145,5.20201,1.24936,2.06307,-2.2572,down,23.7833,3,0,0,True
XRPUSDT,2026-01-20,deployed,,True,8,arith,1.70353,11.9247,1.48477,1.99157,-3.04292,down,18.8278,3,0,0,True
XRPUSDT,2026-01-22,deployed,,True,8,geo,3.45493,24.1845,1.69795,1.94636,-6.96501,down,224.817,6,1,0,True
XRPUSDT,2026-01-24,deployed,,False,8,arith,1.88875,13.2212,1.20534,1.92246,-3.47675,down,135.778,9,3,0,True
XRPUSDT,2026-01-26,deployed,,False,8,geo,2.36452,16.5517,1.67083,1.83546,-2.1899,down,97.8444,10,4,0,True
XRPUSDT,2026-01-28,deployed,,False,8,arith,2.03166,14.2217,2.0472,1.91836,-5.34281,down,49.7944,6,1,0,True
XRPUSDT,2026-01-30,deployed,,True,8,arith,2.43541,17.0479,2.32847,1.80856,-2.9115,down,2.43333,2,0,0,True
XRPUSDT,2026-02-01,deployed,,False,8,arith,4.14865,29.0406,3.48211,1.64925,-5.85122,down,97.35,6,2,0,True
XRPUSDT,2026-02-03,deployed,,False,8,arith,2.6447,18.5129,1.58143,1.62375,-5.29558,down,49.4333,6,1,0,True
XRPUSDT,2026-02-05,deployed,,False,8,geo,4.67578,32.7305,2.93052,1.51195,-7.9038,down,15.2611,3,0,0,True
XRPUSDT,2026-02-07,deployed,,False,8,geo,6.18169,43.2718,3.52532,1.47055,2.72789,,,6,3,0,True
XRPUSDT,2026-02-09,deployed,,False,8,arith,3.05188,21.3632,2.6869,1.43095,3.68885,up,149.944,8,6,0,True
XRPUSDT,2026-02-11,deployed,,False,8,geo,1.99101,13.9371,1.83587,1.40035,3.52971,up,96.6333,10,7,0,True
XRPUSDT,2026-02-13,deployed,,False,8,arith,2.43849,17.0694,2.65577,1.36424,2.78256,up,43.5833,4,4,0,True
XRPUSDT,2026-02-15,deployed,,False,8,geo,2.173,15.211,2.97601,1.51165,0,up,0.583333,0,0,0,True
XRPUSDT,2026-02-17,deployed,,True,8,arith,2.29768,16.0838,2.4939,1.48885,-5.2041,down,145.05,8,2,0,True
XRPUSDT,2026-02-19,deployed,,False,8,geo,2.29129,16.0391,2.44971,1.42185,-2.59781,down,97.2111,8,3,0,True
XRPUSDT,2026-02-21,deployed,,False,8,geo,2.16509,15.1556,2.60903,1.43065,-2.59085,down,174.911,24,10,0,True
XRPUSDT,2026-02-23,deployed,,False,8,geo,1.422,9.954,1.7254,1.39455,-2.28777,down,1.21111,2,0,0,True
XRPUSDT,2026-02-25,deployed,,False,8,arith,2.09208,14.6446,1.49422,1.34834,2.4722,up,17.2667,6,5,0,True
XRPUSDT,2026-02-27,deployed,,True,8,arith,2.43436,17.0405,2.57874,1.40115,-4.85379,down,30.9833,3,0,0,True
XRPUSDT,2026-03-01,deployed,,False,8,arith,3.4164,23.9148,2.72816,1.37545,1.94552,,,8,4,0,True
XRPUSDT,2026-03-03,deployed,,False,8,arith,2.8246,19.7722,3.60285,1.39355,1.5456,,,10,5,0,True
XRPUSDT,2026-03-05,deployed,,False,8,arith,3.26074,22.8252,2.8452,1.42985,1.01364,,,7,3,0,True
XRPUSDT,2026-03-07,deployed,,False,8,arith,1.70468,11.9327,3.11106,1.36324,5.16341,up,231.033,21,13,0,True
XRPUSDT,2026-03-09,deployed,,False,8,geo,1.67256,11.7079,2.53187,1.33974,2.82815,up,106.894,10,7,0,True
XRPUSDT,2026-03-11,deployed,,False,8,arith,2.37028,16.592,2.76618,1.38535,2.08056,up,127.35,5,4,0,True
XRPUSDT,2026-03-13,deployed,,True,8,geo,1.4182,9.92743,2.19968,1.38605,1.65927,up,70.7944,9,6,0,True
XRPUSDT,2026-03-15,deployed,,False,8,geo,0.84861,5.94027,1.4557,1.40845,0.608493,up,22.7167,5,4,0,True
XRPUSDT,2026-03-17,deployed,,True,8,arith,2.61905,18.3334,2.30354,1.54325,0.265217,up,2.66667,1,1,0,True
XRPUSDT,2026-03-19,deployed,,False,8,arith,2.02195,14.1537,0.882565,1.46475,-2.84313,down,72.0111,2,0,0,True
XRPUSDT,2026-03-21,deployed,,False,8,arith,1.54459,10.8121,1.93393,1.44555,-3.15685,down,54.8,3,0,0,True
XRPUSDT,2026-03-23,deployed,,False,8,arith,1.17745,8.24216,1.31982,1.38535,0.156448,down,87.2944,25,12,0,True
XRPUSDT,2026-03-25,deployed,,False,8,geo,1.17312,8.21185,1.38819,1.41645,-2.35919,down,42.0333,6,1,0,True
XRPUSDT,2026-03-27,deployed,,False,8,geo,1.62046,11.3432,1.34806,1.36004,-1.68202,down,10.7278,1,0,0,True
XRPUSDT,2026-03-29,deployed,,False,8,arith,1.02377,7.1664,0.505125,1.33364,-0.486685,down,108.994,27,12,0,True
XRPUSDT,2026-03-31,deployed,,False,8,arith,1.42857,9.99996,1.11138,1.32314,3.4697,,,31,16,0,True
XRPUSDT,2026-04-02,deployed,,False,8,geo,1.4018,9.81261,1.30473,1.34724,2.43887,,,25,13,0,True
XRPUSDT,2026-04-04,deployed,,False,8,geo,1.15154,8.06081,1.43379,1.31874,1.85966,up,95.0611,15,9,0,True
XRPUSDT,2026-04-06,deployed,,False,8,geo,1.67581,11.7307,1.59054,1.32654,1.53412,up,47.5667,7,5,0,True
XRPUSDT,2026-04-08,deployed,,False,8,arith,2.23616,15.6531,2.26589,1.37935,1.00442,up,208.361,4,3,0,True
XRPUSDT,2026-04-10,deployed,,True,8,arith,1.75109,12.2576,1.9805,1.34394,2.45122,up,160.361,8,6,0,True
XRPUSDT,2026-04-12,deployed,,False,8,geo,1.41653,9.91568,1.88314,1.35474,1.61302,up,105.344,9,6,0,True
XRPUSDT,2026-04-14,deployed,,False,8,arith,1.86578,13.0604,1.3873,1.37595,0.753887,up,57.9278,4,3,0,True
XRPUSDT,2026-04-16,deployed,,False,8,arith,1.86861,13.0803,1.94856,1.39125,1.25916,up,19.6278,5,4,0,True
XRPUSDT,2026-04-18,deployed,,True,8,arith,2.11301,14.7911,1.57065,1.47625,-1.16065,,,7,2,0,True
XRPUSDT,2026-04-20,deployed,,False,8,arith,1.73799,12.1659,1.04142,1.39285,0.363921,,,13,6,0,True
XRPUSDT,2026-04-22,deployed,,False,8,geo,1.6637,11.6459,1.33161,1.43115,-0.890149,,,8,3,0,True
XRPUSDT,2026-04-24,deployed,,False,8,arith,1.29669,9.0768,1.36813,1.43945,-2.4984,down,110.733,8,2,0,True
XRPUSDT,2026-04-26,deployed,,False,8,arith,0.463272,3.2429,1.15084,1.42465,-0.644711,down,37.5111,10,4,0,True
XRPUSDT,2026-04-28,deployed,,False,8,geo,1.04463,7.31238,1.63234,1.40185,-1.60213,down,14.4833,2,0,0,True
XRPUSDT,2026-04-30,deployed,,True,8,geo,1.47251,10.3076,1.5284,1.37084,2.16752,up,155.461,8,6,0,True
XRPUSDT,2026-05-02,deployed,,False,8,geo,1.02176,7.15235,0.846683,1.38395,1.05773,up,102.111,9,6,0,True
XRPUSDT,2026-05-04,deployed,,False,8,geo,0.915625,6.40937,1.15234,1.38755,1.3131,up,55.9167,10,7,0,True
XRPUSDT,2026-05-06,deployed,,False,8,geo,1.07707,7.53951,1.28126,1.41355,1.45763,up,112.528,13,8,0,True
XRPUSDT,2026-05-08,deployed,,True,8,arith,1.30419,9.12936,1.46856,1.38775,2.50142,up,65.4,5,5,0,True
XRPUSDT,2026-05-10,deployed,,False,8,geo,0.673169,4.71219,0.907191,1.42055,0.643179,up,16.5167,5,4,0,True
XRPUSDT,2026-05-12,deployed,,True,8,arith,1.6827,11.7789,1.51036,1.47785,1.55594,up,67.1778,9,6,0,True
XRPUSDT,2026-05-14,deployed,,False,8,geo,1.42183,9.95282,1.49796,1.42565,2.05907,up,18.4944,4,4,0,True
XRPUSDT,2026-05-16,deployed,,False,8,geo,1.27185,8.90294,1.59652,1.43435,-2.18501,down,54.2111,5,1,0,True
XRPUSDT,2026-05-18,deployed,,False,8,geo,1.40305,9.82134,1.57569,1.40215,-2.12985,down,114.833,9,3,0,True
XRPUSDT,2026-05-20,deployed,,False,8,arith,1.28081,8.96568,0.863975,1.36354,-2.3153,down,79.9278,6,2,0,True
XRPUSDT,2026-05-22,deployed,,False,8,arith,1.37285,9.60997,1.21838,1.37455,-2.11932,down,145.367,16,6,0,True
XRPUSDT,2026-05-24,deployed,,False,8,arith,1.67496,11.7247,1.12961,1.35554,-2.74339,down,222.983,14,5,0,True
XRPUSDT,2026-05-26,deployed,,False,8,arith,0.746636,5.22646,1.10218,1.35014,-1.25743,down,37.7167,7,2,0,True
XRPUSDT,2026-05-28,deployed,,True,8,arith,1.82324,12.7627,1.5126,1.30884,-2.5451,down,134.45,11,4,0,True
XRPUSDT,2026-05-30,deployed,,True,8,arith,1.83721,12.8605,1.61044,1.32964,-4.74706,down,87.5278,6,1,0,True
XRPUSDT,2026-06-01,deployed,,True,8,geo,1.22683,8.5878,1.4176,1.33314,-2.34838,down,14.5778,3,0,0,True
XRPUSDT,2026-06-03,deployed,,True,8,geo,3.63079,25.4155,2.15727,1.21154,-4.65552,down,54.0667,4,1,0,True
XRPUSDT,2026-06-05,deployed,,True,8,arith,3.33108,23.3176,2.98665,1.16914,-5.62777,down,28.5444,5,1,0,True
XRPUSDT,2026-06-07,deployed,,False,8,geo,2.52437,17.6706,1.35725,1.09334,3.97746,up,203.178,12,8,0,True
XRPUSDT,2026-06-09,deployed,,False,8,arith,2.6633,18.6431,2.20802,1.16744,2.68088,up,159.428,9,6,0,True
XRPUSDT,2026-06-11,deployed,,False,8,arith,2.24833,15.7383,3.01218,1.09654,3.9796,up,107.478,5,5,0,True
XRPUSDT,2026-06-13,deployed,,False,8,geo,1.39584,9.77086,2.73788,1.13134,1.4714,up,50.3111,5,4,0,True
XRPUSDT,2026-06-15,deployed,,True,8,arith,2.0393,14.2751,3.14081,1.18654,0.597966,up,11.9167,2,2,0,True
XRPUSDT,2026-06-17,deployed,,False,8,arith,1.99105,13.9373,0.925872,1.21694,-3.80618,down,39.8111,5,1,0,True
XRPUSDT,2026-06-19,deployed,,False,8,geo,2.03411,14.2387,1.89572,1.14674,-2.44262,down,104.517,6,2,0,True
XRPUSDT,2026-06-21,deployed,,False,8,arith,1.32153,9.25072,1.33552,1.15004,-2.57901,down,82.5444,10,3,0,True
XRPUSDT,2026-06-23,deployed,,False,8,arith,1.79314,12.552,1.59317,1.12874,-3.48593,down,39.4778,3,0,0,True
XRPUSDT,2026-06-25,deployed,,False,8,geo,2.50229,17.516,1.59104,1.07414,4.36035,,,11,7,0,True
XRPUSDT,2026-06-27,deployed,,False,8,arith,2.35809,16.5066,1.19625,1.04863,2.51442,up,163.244,7,5,0,True
XRPUSDT,2026-06-29,deployed,,False,8,geo,2.03287,14.2301,1.56228,1.04893,2.54736,up,114.761,8,6,0,True
XRPUSDT,2026-07-01,deployed,,False,8,geo,1.57657,11.036,1.48355,1.04033,2.18319,up,37.6611,8,6,0,True
XRPUSDT,2026-07-03,deployed,,False,8,arith,1.59425,11.1598,2.1269,1.08834,0.530455,up,15.3667,2,2,0,True
XRPUSDT,2026-07-05,deployed,,False,8,geo,1.98684,13.9078,0.459647,1.15714,-0.0499543,,,13,5,0,True
XRPUSDT,2026-07-07,deployed,,False,8,geo,2.08574,14.6002,0.857081,1.14424,-1.35689,,,10,4,0,True
XRPUSDT,2026-07-09,deployed,,False,8,geo,1.54997,10.8498,1.50323,1.09044,1.07764,,,10,5,0,True
XRPUSDT,2026-07-11,deployed,,False,8,geo,0.904893,6.33425,1.01929,1.10454,-1.85264,down,65.6944,8,2,0,True
XRPUSDT,2026-07-13,deployed,,False,8,geo,0.913672,6.39571,1.14291,1.08644,-1.32759,down,17.6167,6,2,0,True
XRPUSDT,2026-07-15,deployed,,False,8,arith,1.42477,9.97336,1.13725,1.11164,0.701045,up,149.111,7,4,0,True
XRPUSDT,2026-07-17,deployed,,False,8,geo,1.37248,9.60735,1.52271,1.08724,2.51274,,,16,9,0,True
XRPUSDT,2026-07-19,deployed,,True,8,arith,0.792641,5.54849,1.11558,1.09254,0.890504,up,42.2833,9,6,0,True
XRPUSDT,2026-07-21,deployed,,True,8,geo,1.32634,9.28435,1.42931,1.11214,0.609931,up,14.6167,2,2,0,True
XRPUSDT,2026-07-23,deployed,,True,8,arith,1.3417,9.39192,0.902272,1.14274,-2.66072,down,118.111,8,2,0,True
XRPUSDT,2026-07-25,deployed,,True,8,arith,0.925928,6.4815,1.33298,1.09194,-1.04442,down,70.8111,8,3,0,True
XRPUSDT,2026-07-27,deployed,,False,8,arith,0.834717,5.84302,0.812722,1.11274,-2.20685,down,23.1111,7,1,0,True
XRPUSDT,2026-07-29,deployed,,False,8,arith,1.40902,9.86313,0.968746,1.06853,-1.47901,,,14,5,0,True
XRPUSDT,2026-07-31,deployed,,False,8,arith,1.11325,7.79277,0.790015,1.08304,-1.94543,down,162.744,12,4,0,True
XRPUSDT,2026-08-02,deployed,,False,8,geo,0.705609,4.93926,0.662874,1.06083,0.831298,up,22.2611,4,4,0,True
XRPUSDT,2026-08-04,deployed,,True,8,arith,0.960731,6.72511,1.06862,1.07594,-1.84085,down,51.8167,3,0,0,True
XRPUSDT,2026-08-06,deployed,,False,8,arith,1.00379,7.0265,1.23267,1.06233,-1.57032,down,19.1667,5,1,0,True
XRPUSDT,2026-08-08,deployed,,True,8,arith,1.2735,8.91452,1.05506,1.02183,-0.30048,,,11,5,0,True
XRPUSDT,2026-08-10,deployed,,False,8,geo,0.932924,6.53047,0.865827,1.02993,-1.59747,down,31.4278,3,0,0,True
XRPUSDT,2026-08-12,deployed,,False,8,geo,1.44717,10.1302,0.674224,1.02323,1.48319,up,183.9,7,5,0,True
XRPUSDT,2026-08-14,deployed,,False,8,arith,0.831494,5.82046,0.699264,1.00923,1.60618,up,135.194,18,11,0,True
XRPUSDT,2026-08-16,deployed,,False,8,geo,0.445171,3.11619,0.370011,1.00233,0.914075,up,85.5,20,12,0,True
XRPUSDT,2026-08-18,deployed,,False,8,geo,0.752338,5.26636,0.664197,1.00333,0.887692,up,38.9833,9,6,0,True
XRPUSDT,2026-08-20,deployed,,False,8,geo,3.62939,25.4057,1.24831,1.10144,0.312858,up,8.48333,1,1,0,True
XRPUSDT,2026-08-22,deployed,,False,8,geo,6.18984,43.3289,1.3261,1.45495,0.957292,up,3.39444,1,1,543,False
XRPUSDT,2026-08-24,deployed,,False,8,geo,4.70004,32.9002,2.78224,1.52225,-4.42777,,,4,1,543,False
XRPUSDT,2026-08-26,deployed,,False,8,arith,3.53888,24.7722,3.00829,1.43405,0.201895,,,7,3,543,False
XRPUSDT,2026-08-28,deployed,,False,8,arith,2.58459,18.0921,4.16076,1.45335,1.03394,,,11,5,543,False
XRPUSDT,2026-08-30,deployed,,False,8,geo,1.11691,7.81836,1.53513,1.39655,-1.52171,down,73.7611,20,8,543,False
XRPUSDT,2026-09-01,skip,lookback incomplete,,,,,,,,,,,,,,
XRPUSDT,2026-09-03,skip,lookback incomplete,,,,,,,,,,,,,,
XRPUSDT,2026-09-05,skip,lookback incomplete,,,,,,,,,,,,,,
XRPUSDT,2026-09-07,skip,lookback incomplete,,,,,,,,,,,,,,
XRPUSDT,2026-09-09,skip,lookback incomplete,,,,,,,,,,,,,,
XRPUSDT,2026-09-11,deployed,,False,8,arith,2.09201,14.644,2.39467,1.33434,0.0690269,down,116.233,22,10,0,True
XRPUSDT,2026-09-13,deployed,,False,8,arith,0.715583,5.00908,0.888582,1.36654,1.19689,up,33.95,17,10,0,True
XRPUSDT,2026-09-15,deployed,,True,8,arith,3.34517,23.4162,2.25689,1.42345,3.92189,up,164.778,14,8,0,True
XRPUSDT,2026-09-17,deployed,,False,8,arith,2.77428,19.42,2.71621,1.29974,2.40599,up,52.2333,3,3,0,True
ETHUSDT,2025-01-01,deployed,,True,8,geo,1.79354,12.5548,2.82797,3334.91,2.42375,up,66.5997,4,4,0,True
ETHUSDT,2025-01-03,deployed,,True,8,arith,1.63236,11.4265,2.39011,3454.22,0.630411,up,16.1111,2,2,0,True
ETHUSDT,2025-01-05,deployed,,False,8,arith,1.39474,9.76315,0.359121,3656.54,-3.54013,down,67.7278,9,2,0,True
ETHUSDT,2025-01-07,deployed,,False,8,geo,1.67232,11.7062,0.546699,3684.99,-3.88015,down,18.7167,6,1,0,True
ETHUSDT,2025-01-09,deployed,,False,8,arith,2.85793,20.0055,2.31766,3326.53,-7.34594,down,110.6,5,1,0,True
ETHUSDT,2025-01-11,deployed,,False,8,arith,2.11018,14.7713,1.44962,3269.8,-5.72935,down,62.6333,5,1,0,True
ETHUSDT,2025-01-13,deployed,,False,8,arith,1.41741,9.9219,1.04145,3267.84,-3.31492,down,11.5667,5,1,0,True
ETHUSDT,2025-01-15,deployed,,False,8,geo,2.04038,14.2826,1.70393,3223.15,1.31011,up,19.6944,3,3,0,True
ETHUSDT,2025-01-17,deployed,,False,8,geo,2.47753,17.3427,2.51526,3311.13,3.84875,,,32,16,0,True
ETHUSDT,2025-01-19,deployed,,False,8,geo,2.62555,18.3789,2.73931,3307.8,-1.87678,down,199.544,21,9,0,True
ETHUSDT,2025-01-21,deployed,,False,8,geo,4.879,34.153,3.59702,3277.17,0.509219,,,3,1,0,True
ETHUSDT,2025-01-23,deployed,,False,8,arith,2.13832,14.9682,3.73333,3240.04,-2.98059,down,104.661,9,3,0,True
ETHUSDT,2025-01-25,deployed,,True,8,arith,2.15022,15.0515,3.82575,3312.54,-4.76844,down,56.7611,4,0,0,True
ETHUSDT,2025-01-27,deployed,,False,8,geo,1.74572,12.2201,3.64317,3231.48,-2.68624,down,6.36111,2,0,0,True
ETHUSDT,2025-01-29,deployed,,False,8,arith,2.8008,19.6056,4.01558,3074.71,-4.36943,down,118.761,9,3,0,True
ETHUSDT,2025-01-31,deployed,,False,8,arith,1.99715,13.9801,2.48969,3245.25,0.682888,up,15.4778,2,2,0,True
ETHUSDT,2025-02-02,deployed,,False,8,geo,2.66229,18.636,3.31213,3116.78,-3.73521,down,18.7111,2,0,0,True
ETHUSDT,2025-02-04,deployed,,False,8,arith,6.02662,42.1863,4.55178,2884.19,-2.20632,,,3,1,0,True
ETHUSDT,2025-02-06,deployed,,False,8,geo,3.59394,25.1576,2.82694,2783.6,-0.289932,,,5,2,0,True
ETHUSDT,2025-02-08,deployed,,False,8,arith,3.38913,23.7239,2.18453,2623.61,4.26411,,,10,6,0,True
ETHUSDT,2025-02-10,deployed,,False,8,arith,3.38388,23.6871,2.56061,2629.3,3.07919,,,9,5,0,True
ETHUSDT,2025-02-12,deployed,,False,8,arith,2.57545,18.0282,3.64084,2602.64,4.85305,,,24,12,0,True
ETHUSDT,2025-02-14,deployed,,False,8,geo,2.03616,14.2531,3.18579,2673.44,3.83516,,,21,12,0,True
ETHUSDT,2025-02-16,deployed,,False,8,geo,1.23295,8.63066,2.22424,2693.17,1.68445,up,39.0778,8,6,0,True
ETHUSDT,2025-02-18,deployed,,True,8,arith,2.53782,17.7647,2.59938,2743.15,-6.13282,down,175.194,12,4,0,True
ETHUSDT,2025-02-20,deployed,,False,8,arith,1.79337,12.5536,2.80491,2715.36,-2.53566,down,119.683,18,7,0,True
ETHUSDT,2025-02-22,deployed,,True,8,geo,3.6583,25.6081,2.34048,2658.42,-7.00612,down,79.5111,5,1,0,True
ETHUSDT,2025-02-24,deployed,,False,8,arith,1.98881,13.9217,2.59136,2820.82,-4.84653,down,22.3667,4,0,0,True
ETHUSDT,2025-02-26,deployed,,True,8,arith,3.80385,26.6269,2.58907,2495.16,-7.08196,down,50.6278,5,1,0,True
ETHUSDT,2025-02-28,deployed,,False,8,geo,3.30374,23.1262,0.909437,2306.44,-4.87774,down,97.7444,15,6,0,True
ETHUSDT,2025-03-02,deployed,,False,8,geo,2.28114,15.968,1.4298,2214.56,2.52327,up,16.7444,7,5,0,True
ETHUSDT,2025-03-04,deployed,,False,8,arith,5.46221,38.2354,4.29353,2162.47,-8.0351,down,163.078,7,2,0,True
ETHUSDT,2025-03-06,deployed,,False,8,arith,3.21607,22.5125,3.56098,2238.47,-6.03905,down,113.744,14,5,0,True
ETHUSDT,2025-03-08,deployed,,False,8,geo,4.13176,28.9223,4.94567,2140.53,-7.54511,down,66.9667,7,2,0,True
ETHUSDT,2025-03-10,deployed,,False,8,arith,3.31922,23.2346,4.4132,2015.7,-3.63261,down,18.7167,4,1,0,True
ETHUSDT,2025-03-12,deployed,,False,8,geo,3.53014,24.711,2.35491,1931.5,3.77465,,,14,7,0,True
ETHUSDT,2025-03-14,deployed,,False,8,arith,2.97257,20.808,2.11356,1859.03,3.96883,,,8,5,0,True
ETHUSDT,2025-03-16,deployed,,False,8,arith,1.28892,9.02241,1.35178,1941.32,2.92481,up,83.4667,29,16,0,True
ETHUSDT,2025-03-18,deployed,,False,8,arith,1.79866,12.5906,2.27989,1928.29,1.72881,up,35.8111,7,5,0,True
ETHUSDT,2025-03-20,deployed,,False,8,geo,3.02102,21.1471,3.26624,2053.9,-2.55131,,,10,3,0,True
ETHUSDT,2025-03-22,deployed,,True,8,arith,1.31239,9.18673,1.60312,1964.85,1.86447,up,54.3333,8,6,0,True
ETHUSDT,2025-03-24,deployed,,False,8,geo,1.17132,8.19927,0.910284,2003.98,1.02253,up,8.4,5,4,0,True
ETHUSDT,2025-03-26,deployed,,False,8,geo,1.55613,10.8929,0.879162,2064.6,-3.46524,down,52.7611,7,2,0,True
ETHUSDT,2025-03-28,deployed,,False,8,geo,1.41923,9.93458,1.78982,2002.02,-2.61856,down,5.63333,3,0,0,True
ETHUSDT,2025-03-30,deployed,,False,8,geo,1.92088,13.4462,1.29808,1828.49,-0.999561,down,110.944,16,7,0,True
ETHUSDT,2025-04-01,deployed,,False,8,arith,1.99291,13.9504,0.966441,1827.09,-2.95154,down,137.778,20,8,0,True
ETHUSDT,2025-04-03,deployed,,False,8,arith,4.04934,28.3454,3.29056,1793.45,-7.6952,down,92.6444,4,1,0,True
ETHUSDT,2025-04-05,deployed,,False,8,geo,2.4481,17.1367,2.19043,1813.06,-5.55209,down,42.5333,4,0,0,True
ETHUSDT,2025-04-07,deployed,,False,8,geo,5.39394,37.7576,4.5573,1577.57,-6.24019,down,6.98333,1,0,0,True
ETHUSDT,2025-04-09,deployed,,False,8,geo,3.91688,27.4181,1.44047,1472.67,6.82047,,,14,8,0,True
ETHUSDT,2025-04-11,deployed,,False,8,geo,3.4956,24.4692,1.66733,1522.59,2.43721,,,5,3,0,True
ETHUSDT,2025-04-13,deployed,,False,8,arith,1.85063,12.9544,2.02925,1645.67,1.3176,up,34.7667,11,6,0,True
ETHUSDT,2025-04-15,deployed,,False,8,geo,2.4801,17.3607,2.92046,1622.19,3.77952,up,193.194,13,8,0,True
ETHUSDT,2025-04-17,deployed,,True,8,arith,3.52553,24.6787,4.16271,1578.03,4.78728,up,146.817,8,6,0,True
ETHUSDT,2025-04-19,deployed,,False,8,arith,0.80237,5.61659,1.72399,1589.35,1.31759,up,50.1833,15,9,0,True
ETHUSDT,2025-04-21,deployed,,False,8,arith,1.24444,8.71107,2.21969,1585.72,2.55124,up,38.8278,16,10,0,True
ETHUSDT,2025-04-23,deployed,,True,8,geo,3.5458,24.8206,3.28628,1756.58,0.973623,up,96.2278,3,2,0,True
ETHUSDT,2025-04-25,deployed,,False,8,geo,1.74852,12.2396,0.632946,1768.02,3.54797,,,24,13,0,True
ETHUSDT,2025-04-27,deployed,,False,8,arith,1.1288,7.90163,0.881006,1821.16,2.46866,up,112.828,30,16,0,True
ETHUSDT,2025-04-29,deployed,,False,8,geo,2.14852,15.0396,1.23397,1798.56,3.25769,up,224.45,13,8,0,True
ETHUSDT,2025-05-01,deployed,,True,8,arith,1.91216,13.3851,1.64258,1794.34,3.03574,up,175.644,12,8,0,True
ETHUSDT,2025-05-03,deployed,,True,8,geo,1.44553,10.1187,2.42457,1840.55,2.54632,up,128.417,17,10,0,True
ETHUSDT,2025-05-05,deployed,,True,8,arith,1.25916,8.81414,1.99065,1808.19,3.08569,up,79.4778,19,12,0,True
ETHUSDT,2025-05-07,deployed,,True,8,arith,1.01719,7.12033,1.88643,1815.45,1.08059,up,27.75,9,6,0,True
ETHUSDT,2025-05-09,skip,deploy price outside the band,False,8,arith,4.51118,31.5783,2.49933,,,,,,,,
ETHUSDT,2025-05-11,deployed,,False,8,arith,4.16776,29.1743,1.10396,2583.5,1.48463,up,67.5778,5,3,0,True
ETHUSDT,2025-05-13,deployed,,False,8,arith,3.25318,22.7723,1.34874,2489.84,6.32926,,,20,11,0,True
ETHUSDT,2025-05-15,deployed,,False,8,arith,2.46142,17.2299,1.62473,2612.66,-5.16989,down,92.0944,10,3,0,True
ETHUSDT,2025-05-17,deployed,,False,8,arith,2.54208,17.7945,2.67339,2536.62,4.44991,,,24,12,0,True
ETHUSDT,2025-05-19,deployed,,True,8,arith,4.76634,33.3644,3.92625,2496.74,3.68366,,,5,3,0,True
ETHUSDT,2025-05-21,deployed,,True,8,geo,2.96045,20.7232,3.80451,2524.68,4.01593,up,194.594,13,8,0,True
ETHUSDT,2025-05-23,deployed,,False,8,geo,2.44373,17.1061,3.27771,2664.74,0.439229,,,15,6,0,True
ETHUSDT,2025-05-25,deployed,,True,8,geo,1.55551,10.8885,2.87558,2529.06,2.60893,up,65.8331,10,7,0,True
ETHUSDT,2025-05-27,deployed,,False,8,arith,1.59881,11.1917,2.80418,2563.1,1.32474,up,17.2,5,4,0,True
ETHUSDT,2025-05-29,deployed,,False,8,geo,2.11566,14.8096,2.81557,2680.21,-3.95335,down,188.778,14,5,0,True
ETHUSDT,2025-05-31,deployed,,True,8,arith,2.01281,14.0897,3.06232,2529.24,-2.02141,down,140.767,8,3,0,True
ETHUSDT,2025-06-02,deployed,,True,8,geo,1.56386,10.947,2.07944,2534.19,1.41347,up,63.7278,5,4,0,True
ETHUSDT,2025-06-04,deployed,,True,8,arith,2.01673,14.1171,2.32652,2589.25,-3.7701,down,48.3333,7,2,0,True
ETHUSDT,2025-06-06,deployed,,True,8,geo,4.001,28.007,3.74805,2417.86,4.55279,,,7,4,0,True
ETHUSDT,2025-06-08,deployed,,False,8,geo,0.896118,6.27282,0.984335,2526.32,0.737446,up,41.3333,10,6,0,True
ETHUSDT,2025-06-10,deployed,,True,8,geo,2.21956,15.5369,2.37311,2679.9,0.141345,up,11.3611,1,1,0,True
ETHUSDT,2025-06-12,deployed,,False,8,geo,3.10309,21.7216,1.62518,2770.78,-6.6621,down,26.7833,4,0,0,True
ETHUSDT,2025-06-14,deployed,,False,8,arith,2.41325,16.8928,2.94949,2582.06,-4.11705,down,188,7,2,0,True
ETHUSDT,2025-06-16,deployed,,False,8,geo,1.8503,12.9521,1.42175,2547.97,-4.07796,down,141.494,12,4,0,True
ETHUSDT,2025-06-18,deployed,,False,8,geo,2.53176,17.7223,2.69132,2516.25,-4.14607,down,93.4944,5,1,0,True
ETHUSDT,2025-06-20,deployed,,False,8,geo,1.51971,10.638,1.62982,2521.72,-2.82362,down,44,8,2,0,True
ETHUSDT,2025-06-22,deployed,,False,8,arith,3.51266,24.5886,2.56124,2300.03,4.77384,,,10,6,0,True
ETHUSDT,2025-06-24,deployed,,True,8,geo,4.48627,31.4039,3.06817,2412.23,2.56593,up,229.711,6,4,0,True
ETHUSDT,2025-06-26,deployed,,False,8,arith,2.08376,14.5863,1.94826,2419.19,3.73781,up,166.661,16,10,0,True
ETHUSDT,2025-06-28,deployed,,False,8,arith,1.52609,10.6826,1.76696,2421.95,2.73724,up,113.333,14,9,0,True
ETHUSDT,2025-06-30,deployed,,False,8,arith,1.76416,12.3491,1.42571,2500.64,1.26986,up,68.0167,8,5,0,True
ETHUSDT,2025-07-02,deployed,,False,8,geo,1.73144,12.1201,1.65997,2402.87,3.45613,up,37.7111,9,7,0,True
ETHUSDT,2025-07-04,deployed,,False,8,arith,1.47792,10.3454,0.662533,2589.41,2.27106,up,138.517,15,9,0,True
ETHUSDT,2025-07-06,deployed,,False,8,arith,0.957027,6.69919,0.872892,2517.63,1.66529,up,65.2278,16,10,0,True
ETHUSDT,2025-07-08,deployed,,False,8,geo,1.77717,12.4402,1.80438,2545.31,1.55887,up,42.2667,3,3,0,True
ETHUSDT,2025-07-10,deployed,,False,8,arith,2.44232,17.0962,2.66736,2766.34,0.298613,up,21.3778,1,1,0,True
ETHUSDT,2025-07-12,deployed,,False,8,arith,2.9477,20.6339,0.728061,2959.07,2.81912,up,110.911,5,4,0,True
ETHUSDT,2025-07-14,deployed,,False,8,arith,1.83826,12.8678,0.704986,2973.4,2.12756,up,54.6833,9,6,0,True
ETHUSDT,2025-07-16,deployed,,False,8,arith,2.98521,20.8964,1.68228,3140.83,1.13433,up,18.1778,2,2,0,True
ETHUSDT,2025-07-18,deployed,,False,8,geo,3.54754,24.8328,1.16335,3470.97,2.15879,up,63.95,4,3,0,True
ETHUSDT,2025-07-20,deployed,,False,8,arith,1.81692,12.7185,0.774288,3591.99,1.4273,up,16.7611,3,3,0,True
ETHUSDT,2025-07-22,deployed,,False,8,arith,2.41583,16.9108,0.789217,3767.21,1.73124,,,17,8,0,True
ETHUSDT,2025-07-24,deployed,,False,8,arith,2.93751,20.5626,2.19289,3624.09,-1.38847,,,14,6,0,True
ETHUSDT,2025-07-26,deployed,,False,8,arith,2.21919,15.5343,2.30956,3720.98,3.08591,,,22,11,0,True
ETHUSDT,2025-07-28,deployed,,True,8,arith,1.81929,12.735,2.906,3873.38,-3.4874,down,116.028,15,5,0,True
ETHUSDT,2025-07-30,deployed,,True,8,arith,2.16421,15.1494,2.916,3794.89,-4.14601,down,68.0167,5,1,0,True
ETHUSDT,2025-08-01,deployed,,True,8,arith,1.64728,11.5309,2.41962,3694.63,-1.94595,down,17.1111,6,2,0,True
ETHUSDT,2025-08-03,deployed,,True,8,geo,3.11904,21.8332,2.56755,3394.89,4.96219,up,118.978,6,5,0,True
ETHUSDT,2025-08-05,deployed,,False,8,arith,1.94914,13.644,1.44118,3723.16,0.705808,up,58.1444,6,3,0,True
ETHUSDT,2025-08-07,deployed,,False,8,arith,1.59317,11.1522,2.17198,3684.18,0.924693,up,12.7611,3,3,0,True
ETHUSDT,2025-08-09,deployed,,False,8,arith,2.05764,14.4035,1.08682,4008.67,0.753893,up,5.85,2,2,0,True
ETHUSDT,2025-08-11,deployed,,False,8,arith,1.93857,13.57,0.454259,4254.62,1.91272,up,43.9778,7,5,0,True
ETHUSDT,2025-08-13,deployed,,False,8,arith,2.89401,20.258,1.05772,4593.05,0.373354,up,18.2944,1,1,0,True
ETHUSDT,2025-08-15,deployed,,False,8,arith,3.90889,27.3622,2.24494,4551.76,3.46231,,,5,3,0,True
ETHUSDT,2025-08-17,deployed,,False,8,arith,1.55401,10.878,1.6151,4422.9,-2.46384,down,62.8331,11,4,0,True
ETHUSDT,2025-08-19,deployed,,False,8,arith,2.87547,20.1283,3.62402,4314.01,5.33845,up,93.1944,12,8,0,True
ETHUSDT,2025-08-21,deployed,,True,8,arith,3.336,23.352,4.39057,4338.43,1.97784,up,40.2778,3,3,0,True
ETHUSDT,2025-08-23,deployed,,False,12,geo,2.40367,26.4403,3.10515,4834.23,0.203941,up,41.5,2,1,0,True
ETHUSDT,2025-08-25,deployed,,False,8,geo,3.40929,23.8651,1.95521,4789.55,-1.51209,,,9,3,0,True
ETHUSDT,2025-08-27,deployed,,False,8,geo,2.74199,19.194,3.46409,4607.06,-1.54938,,,10,4,0,True
ETHUSDT,2025-08-29,deployed,,False,8,geo,2.12691,14.8884,2.79536,4512.14,-1.08373,,,12,5,0,True
ETHUSDT,2025-08-31,deployed,,False,8,arith,1.42198,9.95383,1.7094,4374.61,1.62238,,,25,12,0,True
ETHUSDT,2025-09-02,deployed,,False,8,geo,2.7518,19.2626,3.88534,4306.22,2.43597,,,4,2,0,True
ETHUSDT,2025-09-04,deployed,,False,8,arith,1.88338,13.1836,3.57825,4455.23,2.18676,up,211.828,14,8,0,True
ETHUSDT,2025-09-06,deployed,,True,8,arith,2.13275,14.9293,3.5095,4308.34,2.64009,up,164.961,6,5,0,True
ETHUSDT,2025-09-08,deployed,,False,8,arith,1.25983,8.81879,2.14073,4316.03,1.76729,up,96.8278,13,8,0,True
ETHUSDT,2025-09-10,deployed,,True,8,geo,1.54678,10.8274,2.28848,4317.57,1.7203,up,54.0278,7,5,0,True
ETHUSDT,2025-09-12,deployed,,True,8,arith,1.35075,9.45525,2.84253,4464.83,0.542343,up,17.7,2,2,0,True
ETHUSDT,2025-09-14,deployed,,False,8,arith,1.79205,12.5443,0.664376,4647.51,-3.07136,down,192.911,11,4,0,True
ETHUSDT,2025-09-16,deployed,,False,8,geo,1.7813,12.4691,0.970433,4520.69,-3.14539,down,146.533,4,1,0,True
ETHUSDT,2025-09-18,deployed,,True,8,geo,2.64964,18.5475,2.62341,4588.72,-5.53777,down,170.417,8,2,0,True
ETHUSDT,2025-09-20,deployed,,False,8,arith,1.51012,10.5708,1.85586,4470.09,-2.20475,down,50.45,2,0,0,True
ETHUSDT,2025-09-22,deployed,,False,8,arith,1.24318,8.70224,1.7843,4443.54,-4.8551,down,6.07778,3,0,0,True
ETHUSDT,2025-09-24,deployed,,False,8,geo,1.92624,13.4837,1.04377,4176.31,-3.98013,down,41.4278,3,0,0,True
ETHUSDT,2025-09-26,deployed,,False,8,geo,3.57162,25.0013,4.86361,3856.44,6.59922,,,4,4,0,True
ETHUSDT,2025-09-28,deployed,,False,8,geo,1.29141,9.03985,1.42279,4012.04,1.25443,up,38.8167,5,4,0,True
ETHUSDT,2025-09-30,deployed,,False,8,geo,1.61247,11.2873,1.65825,4218.66,0.877161,up,39.5667,6,4,0,True
ETHUSDT,2025-10-02,deployed,,False,8,geo,2.18166,15.2716,2.74127,4332.8,0.642089,up,19.35,2,2,0,True
ETHUSDT,2025-10-04,deployed,,False,8,arith,2.23773,15.6641,0.732893,4508.54,-4.12957,down,159.644,10,3,0,True
ETHUSDT,2025-10-06,deployed,,False,8,arith,1.61229,11.286,1.15086,4509.74,-3.93635,down,111.411,10,3,0,True
ETHUSDT,2025-10-08,deployed,,False,8,arith,2.52708,17.6895,1.53792,4453.47,-4.22059,down,63.4278,2,0,0,True
ETHUSDT,2025-10-10,deployed,,False,8,geo,1.95546,13.6882,2.59177,4364.74,-3.86756,down,15.5944,3,0,0,True
ETHUSDT,2025-10-12,deployed,,False,8,geo,4.2327,29.6289,1.43884,3759.84,4.68124,,,13,7,0,True
ETHUSDT,2025-10-14,deployed,,False,8,arith,2.91567,20.4097,2.67234,4245.71,-5.96852,down,82.4333,10,3,0,True
ETHUSDT,2025-10-16,deployed,,False,8,geo,3.47705,24.3393,4.2382,3990.89,1.73608,,,10,5,0,True
ETHUSDT,2025-10-18,deployed,,False,8,geo,2.90947,20.3663,3.08407,3831.3,4.07119,,,9,6,0,True
ETHUSDT,2025-10-20,deployed,,False,8,geo,2.1643,15.1501,3.9737,3984.55,3.14967,up,169.6,18,10,0,True
ETHUSDT,2025-10-22,deployed,,False,8,arith,3.83778,26.8644,3.71289,3860.75,1.87839,,,8,4,0,True
ETHUSDT,2025-10-24,deployed,,False,8,arith,2.22123,15.5486,3.78001,3859.9,2.16505,up,70.8667,5,4,0,True
ETHUSDT,2025-10-26,deployed,,False,8,geo,1.20668,8.44675,2.64714,3950.9,0.976013,up,22.1278,3,3,0,True
ETHUSDT,2025-10-28,deployed,,True,8,geo,2.22883,15.6018,2.78446,4119.32,-4.92457,down,61.6944,4,0,0,True
ETHUSDT,2025-10-30,deployed,,False,8,geo,3.05458,21.3821,3.32549,3906.8,-5.03513,down,112.167,5,1,0,True
ETHUSDT,2025-11-01,deployed,,True,8,arith,2.28958,16.0271,2.51712,3853.42,-5.0692,down,77.6,4,0,0,True
ETHUSDT,2025-11-03,deployed,,False,8,arith,1.60784,11.2549,1.57847,3899.5,-4.70799,down,15.5611,4,0,0,True
ETHUSDT,2025-11-05,deployed,,False,8,arith,6.6252,46.3764,3.70334,3303.99,-2.43734,,,2,1,0,True
ETHUSDT,2025-11-07,deployed,,False,8,geo,3.2435,22.7045,1.92598,3316.04,-1.28667,,,12,5,0,True
ETHUSDT,2025-11-09,deployed,,False,8,geo,1.81346,12.6942,1.55747,3405.83,1.51278,up,24.7164,3,3,0,True
ETHUSDT,2025-11-11,deployed,,False,8,geo,2.52964,17.7074,3.02536,3562.18,-5.35625,down,66.6333,8,2,0,True
ETHUSDT,2025-11-13,deployed,,False,8,geo,3.15537,22.0876,4.25684,3412.59,-5.49704,down,36.7667,5,1,0,True
ETHUSDT,2025-11-15,deployed,,False,8,arith,4.89821,34.2874,4.48389,3105.98,-8.38473,down,156.433,5,1,0,True
ETHUSDT,2025-11-17,deployed,,True,8,geo,3.99335,27.9534,3.86989,3099.5,-6.60012,down,103.666,7,2,0,True
ETHUSDT,2025-11-19,deployed,,False,8,arith,2.92531,20.4771,2.70593,3125.28,-5.7621,down,51.4111,6,1,0,True
ETHUSDT,2025-11-21,deployed,,False,8,arith,4.13861,28.9703,3.94121,2840.42,3.91617,,,4,3,0,True
ETHUSDT,2025-11-23,deployed,,False,8,geo,2.28933,16.0253,0.865752,2777.12,1.91525,up,43.1667,5,4,0,True
ETHUSDT,2025-11-25,deployed,,False,8,arith,2.77943,19.456,3.15003,2954.77,2.24539,up,206.778,10,6,0,True
ETHUSDT,2025-11-27,deployed,,True,8,geo,2.46603,17.2622,4.30309,3019.87,2.26409,up,166.878,10,6,0,True
ETHUSDT,2025-11-29,deployed,,True,8,arith,2.26121,15.8285,1.81147,3030.16,-5.4468,down,63.5,3,0,0,True
ETHUSDT,2025-12-01,deployed,,False,8,arith,1.55079,10.8555,1.41529,2991.72,-3.22026,down,2.86111,3,0,0,True
ETHUSDT,2025-12-03,deployed,,False,8,arith,2.66901,18.6831,2.78276,2993.52,0.382597,up,13.3333,1,1,0,True
ETHUSDT,2025-12-05,deployed,,False,8,arith,2.93628,20.554,2.59762,3129.97,0.825049,,,10,5,0,True
ETHUSDT,2025-12-07,deployed,,False,8,geo,1.47073,10.2951,1.73956,3036.81,2.45963,up,63.8611,15,9,0,True
ETHUSDT,2025-12-09,deployed,,False,8,geo,2.41908,16.9336,2.48797,3124.17,1.91367,up,17.0833,3,3,0,True
ETHUSDT,2025-12-11,deployed,,False,8,arith,3.46332,24.2432,3.77306,3321.55,-7.26305,down,114.678,4,0,0,True
ETHUSDT,2025-12-13,deployed,,False,8,arith,2.38718,16.7102,2.77657,3083.65,-3.25667,down,66.5167,4,1,0,True
ETHUSDT,2025-12-15,deployed,,False,8,arith,1.97222,13.8056,2.34595,3065.04,-3.01571,down,64.4167,13,5,0,True
ETHUSDT,2025-12-17,deployed,,False,8,arith,2.40582,16.8407,1.97224,2963.92,2.11188,,,17,8,0,True
ETHUSDT,2025-12-19,deployed,,False,8,arith,3.48219,24.3753,2.28958,2822.17,2.42317,,,3,2,0,True
ETHUSDT,2025-12-21,deployed,,False,8,geo,0.863783,6.04648,0.924044,2979.61,3.23085,,,61,30,0,True
ETHUSDT,2025-12-23,deployed,,True,8,arith,1.99378,13.9565,2.2222,3009.22,1.35985,,,11,5,0,True
ETHUSDT,2025-12-25,deployed,,False,8,arith,1.44367,10.1057,2.32478,2945.49,2.4971,up,207.9,16,10,0,True
ETHUSDT,2025-12-27,deployed,,True,8,arith,1.39471,9.76297,2.00222,2931.98,2.41881,up,158.928,14,9,0,True
ETHUSDT,2025-12-29,deployed,,False,8,arith,1.01878,7.13145,1.80355,2953.13,0.707373,up,4.06111,3,3,0,True
ETHUSDT,2025-12-31,deployed,,True,8,arith,1.48678,10.4074,1.95741,2974.62,1.2483,up,64.6111,3,3,0,True
ETHUSDT,2026-01-02,deployed,,True,8,arith,1.01674,7.1172,1.65552,3003.81,0.766553,up,14.9167,5,4,0,True
ETHUSDT,2026-01-04,deployed,,False,8,arith,1.0099,7.0693,0.298976,3129.71,1.01317,up,42.9833,9,6,0,True
ETHUSDT,2026-01-06,deployed,,False,8,arith,2.27599,15.9319,1.87285,3224.61,1.75603,,,8,5,0,True
ETHUSDT,2026-01-08,deployed,,False,8,geo,2.04162,14.2913,1.03006,3167.4,3.0017,,,10,6,0,True
ETHUSDT,2026-01-10,deployed,,True,8,arith,2.29356,16.0549,2.36388,3086.95,2.96963,up,112.361,6,5,0,True
ETHUSDT,2026-01-12,deployed,,False,8,geo,1.36327,9.54292,1.9157,3124.27,1.23768,up,46.2278,7,5,0,True
ETHUSDT,2026-01-14,deployed,,True,8,geo,2.35272,16.469,2.72654,3323.09,-2.44465,,,15,5,0,True
ETHUSDT,2026-01-16,deployed,,True,8,arith,2.12311,14.8618,1.95743,3316.57,-4.03152,down,109.928,5,1,0,True
ETHUSDT,2026-01-18,deployed,,False,8,arith,0.659896,4.61927,0.704586,3310.68,-2.33368,down,24.3664,12,4,0,True
ETHUSDT,2026-01-20,deployed,,False,8,arith,1.38252,9.67767,1.43191,3189.21,-2.20576,down,8.65,2,0,0,True
ETHUSDT,2026-01-22,deployed,,False,8,geo,3.00078,21.0055,2.88023,2990.62,-6.03082,down,210.361,8,2,0,True
ETHUSDT,2026-01-24,deployed,,False,8,arith,1.95459,13.6821,0.833014,2957.77,-3.94133,down,145.794,13,5,0,True
ETHUSDT,2026-01-26,deployed,,False,8,geo,2.39348,16.7544,1.03384,2818.67,-1.95059,down,114.261,8,3,0,True
ETHUSDT,2026-01-28,deployed,,False,8,geo,2.43758,17.0631,2.32246,3026.2,-6.9211,down,66.3944,5,0,0,True
ETHUSDT,2026-01-30,deployed,,True,8,arith,2.55564,17.8895,3.01417,2822.5,-2.7021,down,2.4,1,0,0,True
ETHUSDT,2026-02-01,deployed,,False,8,arith,5.75899,40.3129,3.30538,2454.22,-8.58779,down,66.4444,2,0,0,True
ETHUSDT,2026-02-03,deployed,,False,8,arith,3.46328,24.243,1.51651,2345.54,-7.13656,down,63.0944,8,2,0,True
ETHUSDT,2026-02-05,deployed,,False,8,geo,6.45142,45.1599,3.2324,2147.86,1.74218,,,7,3,0,True
ETHUSDT,2026-02-07,deployed,,False,8,geo,4.73322,33.1325,2.97772,2064.41,1.03006,,,7,3,0,True
ETHUSDT,2026-02-09,deployed,,False,8,arith,3.44654,24.1258,3.98701,2089.22,-1.18242,,,10,4,0,True
ETHUSDT,2026-02-11,deployed,,False,8,geo,2.47522,17.3265,3.44632,2020.22,1.30281,,,17,8,0,True
ETHUSDT,2026-02-13,deployed,,False,8,geo,2.79542,19.5679,4.04377,1947.99,1.59762,,,8,4,0,True
ETHUSDT,2026-02-15,deployed,,False,8,arith,1.50242,10.517,2.70161,2085.59,-3.45452,down,19.1778,9,2,0,True
ETHUSDT,2026-02-17,deployed,,True,8,geo,2.26117,15.8282,3.36279,1998.55,-4.27533,down,172.294,10,3,0,True
ETHUSDT,2026-02-19,deployed,,True,8,arith,2.302,16.114,3.30671,1955.79,-3.81911,down,124.294,7,2,0,True
ETHUSDT,2026-02-21,deployed,,False,8,geo,2.11096,14.7767,2.93578,1969.27,3.77997,up,117.678,19,11,0,True
ETHUSDT,2026-02-23,deployed,,True,8,geo,1.22817,8.59722,1.93337,1957.93,-2.57535,down,1.21111,3,0,0,True
ETHUSDT,2026-02-25,deployed,,True,8,arith,2.2066,15.4462,2.27485,1851.56,2.2785,up,15.6111,4,4,0,True
ETHUSDT,2026-02-27,deployed,,False,8,geo,2.72968,19.1078,2.431,2026.73,1.40622,,,22,10,0,True
ETHUSDT,2026-03-01,deployed,,False,8,arith,3.36788,23.5751,3.38605,1964.67,3.15945,up,90.9444,7,5,0,True
ETHUSDT,2026-03-03,deployed,,False,8,geo,3.39634,23.7744,3.66429,2027.28,2.52535,,,9,5,0,True
ETHUSDT,2026-03-05,deployed,,False,8,arith,3.41504,23.9053,4.75917,2129.32,0.882487,,,6,3,0,True
ETHUSDT,2026-03-07,deployed,,False,8,arith,2.31143,16.18,2.98239,1978.1,5.77607,up,220.45,10,8,0,True
ETHUSDT,2026-03-09,deployed,,False,8,geo,2.71242,18.987,3.47581,1935.03,3.28445,up,109.361,4,4,0,True
ETHUSDT,2026-03-11,deployed,,False,8,arith,2.54562,17.8194,3.37927,2036.92,2.70798,up,123.594,7,5,0,True
ETHUSDT,2026-03-13,deployed,,True,8,arith,2.20479,15.4335,4.04201,2073.27,2.1284,up,75.5944,7,5,0,True
ETHUSDT,2026-03-15,deployed,,False,8,geo,0.899228,6.2946,1.33008,2097.61,0.861171,up,22.7278,5,4,0,True
ETHUSDT,2026-03-17,deployed,,False,8,geo,3.06598,21.4618,2.70421,2351.48,-2.71348,,,10,3,0,True
ETHUSDT,2026-03-19,deployed,,False,8,geo,2.73327,19.1329,0.702564,2205.86,-4.03425,down,71.9833,2,0,0,True
ETHUSDT,2026-03-21,deployed,,False,8,geo,1.97282,13.8097,1.72446,2145.89,-2.2274,down,154.994,20,8,0,True
ETHUSDT,2026-03-23,deployed,,False,8,geo,2.04305,14.3013,1.7224,2052.87,-2.63111,down,166.833,12,5,0,True
ETHUSDT,2026-03-25,deployed,,False,8,geo,2.0608,14.4256,2.13848,2155.92,-4.54312,down,60.6667,4,0,0,True
ETHUSDT,2026-03-27,deployed,,False,8,arith,2.037,14.259,2.37646,2060.16,-2.47878,down,10.9778,1,0,0,True
ETHUSDT,2026-03-29,deployed,,False,8,geo,1.39623,9.77363,0.660204,1995.98,2.30304,up,65.2778,14,9,0,True
ETHUSDT,2026-03-31,deployed,,True,8,geo,2.19615,15.373,2.4632,2025.81,3.02991,up,159.35,13,8,0,True
ETHUSDT,2026-04-02,deployed,,True,8,arith,2.05027,14.3519,2.6198,2139.96,2.48196,up,143.561,13,8,0,True
ETHUSDT,2026-04-04,deployed,,False,8,arith,0.924955,6.47469,1.51266,2053.56,1.15865,up,48.4778,8,6,0,True
ETHUSDT,2026-04-06,deployed,,True,8,geo,2.01748,14.1223,2.12839,2109.37,1.29839,up,47.0611,6,4,0,True
ETHUSDT,2026-04-08,deployed,,True,8,geo,3.66692,25.6685,3.1204,2242.01,2.16024,up,229.311,6,4,0,True
ETHUSDT,2026-04-10,deployed,,True,8,arith,2.5085,17.5595,2.1787,2190.72,4.04013,up,181.378,12,8,0,True
ETHUSDT,2026-04-12,deployed,,False,8,arith,1.86801,13.0761,1.14677,2286.02,1.57056,up,56.8667,8,5,0,True
ETHUSDT,2026-04-14,deployed,,False,8,arith,3.46531,24.2572,2.20223,2369.79,0.680247,,,5,2,0,True
ETHUSDT,2026-04-16,deployed,,False,8,arith,2.08728,14.6109,1.48997,2359.09,0.960737,,,13,6,0,True
ETHUSDT,2026-04-18,deployed,,False,8,arith,2.08526,14.5968,1.62372,2419.96,-0.450432,,,11,4,0,True
ETHUSDT,2026-04-20,deployed,,False,8,arith,1.89707,13.2795,1.69083,2263.13,1.31025,,,13,6,0,True
ETHUSDT,2026-04-22,deployed,,False,8,geo,2.12649,14.8855,2.50062,2326.9,0.650543,,,9,4,0,True
ETHUSDT,2026-04-24,deployed,,True,8,arith,1.157,8.09899,2.22805,2330.69,-1.78048,down,138.211,15,6,0,True
ETHUSDT,2026-04-26,deployed,,False,8,geo,0.482841,3.37989,1.17697,2319.65,0.450373,up,18.2944,5,4,0,True
ETHUSDT,2026-04-28,deployed,,True,8,arith,1.31287,9.19008,1.95962,2304.13,1.74273,,,25,12,0,True
ETHUSDT,2026-04-30,deployed,,True,8,arith,1.88319,13.1823,2.19459,2254.82,2.33924,,,9,5,0,True
ETHUSDT,2026-05-02,deployed,,False,8,arith,1.26563,8.85944,1.30228,2295.59,1.00876,up,50.5833,7,5,0,True
ETHUSDT,2026-05-04,deployed,,True,8,geo,1.58246,11.0772,1.42506,2322.99,0.0448339,,,14,6,0,True
ETHUSDT,2026-05-06,deployed,,True,8,geo,1.50885,10.5619,1.45336,2361.58,-1.96523,down,184.044,15,6,0,True
ETHUSDT,2026-05-08,deployed,,True,8,arith,1.28113,8.96791,1.67884,2290.93,-0.456376,down,181.694,18,8,0,True
ETHUSDT,2026-05-10,deployed,,False,8,geo,0.709201,4.96441,1.12722,2324.93,0.617775,up,22.85,7,5,0,True
ETHUSDT,2026-05-12,deployed,,True,8,geo,1.22743,8.592,1.53421,2340.01,-2.35891,down,85.7833,12,4,0,True
ETHUSDT,2026-05-14,deployed,,True,8,arith,1.27825,8.94773,1.65032,2258.63,-2.49309,down,57.3778,7,2,0,True
ETHUSDT,2026-05-16,deployed,,False,8,geo,1.07346,7.51425,1.07087,2224.84,-1.76249,down,9.39444,2,0,0,True
ETHUSDT,2026-05-18,deployed,,False,8,arith,1.86086,13.0261,1.0896,2131.19,-3.27166,down,127.878,4,1,0,True
ETHUSDT,2026-05-20,deployed,,False,8,arith,1.33016,9.31113,0.481908,2111.9,-1.33243,down,193.65,19,8,0,True
ETHUSDT,2026-05-22,deployed,,False,8,geo,1.3249,9.27429,0.973164,2133.62,-3.16573,down,31.9278,4,0,0,True
ETHUSDT,2026-05-24,deployed,,False,8,geo,2.06228,14.4359,1.51949,2120.06,-4.27157,down,231.417,11,3,0,True
ETHUSDT,2026-05-26,deployed,,False,8,arith,1.04131,7.28914,1.2608,2113.01,-2.42196,down,45.8111,9,3,0,True
ETHUSDT,2026-05-28,deployed,,True,8,geo,1.89563,13.2694,1.86648,2025.85,-2.39063,down,134.533,6,2,0,True
ETHUSDT,2026-05-30,deployed,,True,8,arith,1.76603,12.3622,2.04481,2015.32,-4.20299,down,94.8778,4,0,0,True
ETHUSDT,2026-06-01,deployed,,False,8,arith,1.11945,7.83617,1.21066,2007.02,-2.01599,down,38.5333,5,1,0,True
ETHUSDT,2026-06-03,deployed,,True,8,arith,3.74562,26.2193,2.39894,1861.14,-4.29612,down,52.3778,4,1,0,True
ETHUSDT,2026-06-05,deployed,,False,8,geo,3.14512,22.0159,1.63606,1771.62,-5.97429,down,14.4944,3,0,0,True
ETHUSDT,2026-06-07,deployed,,False,8,geo,2.43574,17.0502,0.870621,1569.58,3.28536,up,189.894,8,6,0,True
ETHUSDT,2026-06-09,deployed,,False,8,arith,2.72083,19.0458,2.42756,1690.75,2.15726,up,159.7,5,4,0,True
ETHUSDT,2026-06-11,deployed,,False,8,arith,1.98859,13.9201,2.34629,1620.65,3.06022,up,107.511,8,6,0,True
ETHUSDT,2026-06-13,deployed,,False,8,geo,1.38087,9.66612,1.80705,1666.56,1.21773,up,59.4111,3,3,0,True
ETHUSDT,2026-06-15,deployed,,False,8,arith,1.90017,13.3012,2.57819,1726.66,0.634026,up,13.2278,2,2,0,True
ETHUSDT,2026-06-17,deployed,,False,12,geo,1.2472,13.7192,0.669215,1791.77,-3.62379,down,152.367,30,12,0,True
ETHUSDT,2026-06-19,deployed,,True,8,geo,2.0059,14.0413,1.90772,1710.87,-3.04683,down,135.828,7,2,0,True
ETHUSDT,2026-06-21,deployed,,False,8,arith,1.12711,7.88979,1.46827,1741.29,-1.89441,down,87.2833,19,7,0,True
ETHUSDT,2026-06-23,deployed,,False,8,arith,1.62487,11.3741,2.02926,1728.6,-3.42839,down,39.6833,3,0,0,True
ETHUSDT,2026-06-25,deployed,,False,8,geo,3.01988,21.1392,2.33391,1622.53,5.02868,,,11,7,0,True
ETHUSDT,2026-06-27,deployed,,False,8,geo,2.32496,16.2747,1.28907,1578.71,2.52192,up,133.694,7,5,0,True
ETHUSDT,2026-06-29,deployed,,False,8,arith,2.15342,15.0739,1.47556,1572.2,3.08485,up,85.6611,10,7,0,True
ETHUSDT,2026-07-01,deployed,,False,8,arith,1.47062,10.2944,1.65021,1572.11,2.2235,up,36.8778,10,7,0,True
ETHUSDT,2026-07-03,deployed,,False,8,arith,1.82033,12.7423,2.87485,1700.43,0.161758,up,8.78333,1,1,0,True
ETHUSDT,2026-07-05,deployed,,False,8,geo,1.43107,10.0175,0.330346,1780.83,3.01099,up,228.878,28,15,0,True
ETHUSDT,2026-07-07,deployed,,False,8,arith,1.6271,11.3897,0.851793,1798.49,2.15645,up,181.444,15,9,0,True
ETHUSDT,2026-07-09,deployed,,False,8,geo,1.4572,10.2004,1.1795,1744.43,2.97514,up,133.111,14,9,0,True
ETHUSDT,2026-07-11,deployed,,False,8,geo,1.22612,8.58286,1.58403,1797.73,0.462578,up,48.2611,4,3,0,True
ETHUSDT,2026-07-13,deployed,,True,8,geo,1.10695,7.74862,1.47425,1806.33,1.67071,up,37.4778,13,8,0,True
ETHUSDT,2026-07-15,deployed,,True,8,arith,1.68769,11.8138,2.31293,1891.26,0,up,12.7944,0,0,0,True
ETHUSDT,2026-07-17,deployed,,False,8,geo,1.52591,10.6814,0.648196,1864.84,2.73511,,,13,8,0,True
ETHUSDT,2026-07-19,deployed,,False,8,arith,0.7903,5.5321,0.718617,1862.23,0.922768,up,39.85,14,8,0,True
ETHUSDT,2026-07-21,deployed,,True,8,geo,1.52745,10.6921,1.36372,1904.43,1.22522,up,150.7,8,5,0,True
ETHUSDT,2026-07-23,deployed,,True,8,geo,1.56612,10.9628,1.18701,1934.36,-1.07233,,,16,6,0,True
ETHUSDT,2026-07-25,deployed,,True,8,arith,0.993972,6.95781,1.38752,1861.62,1.62662,up,47.0333,5,5,0,True
ETHUSDT,2026-07-27,deployed,,True,8,geo,1.437,10.059,1.45542,1954.86,0.288843,up,13.7611,3,2,0,True
ETHUSDT,2026-07-29,deployed,,False,8,arith,1.47009,10.2907,1.84253,1922.79,1.41535,,,17,8,0,True
ETHUSDT,2026-07-31,deployed,,True,8,geo,1.11824,7.82767,2.40014,1918.82,-2.97741,down,42.7944,4,0,0,True
ETHUSDT,2026-08-02,deployed,,False,8,geo,0.903007,6.32105,1.35488,1845.19,2.38982,up,132.228,19,12,0,True
ETHUSDT,2026-08-04,deployed,,True,8,geo,1.19038,8.33266,1.5171,1860.41,1.50049,,,13,7,0,True
ETHUSDT,2026-08-06,deployed,,True,8,geo,1.40656,9.84589,1.70037,1909.04,0.366202,,,9,4,0,True
ETHUSDT,2026-08-08,deployed,,True,8,geo,0.890895,6.23627,1.42868,1915.6,0.849282,,,16,8,0,True
ETHUSDT,2026-08-10,deployed,,True,8,geo,0.872026,6.10418,0.627389,1909.63,-1.6228,down,39.7111,9,3,0,True
ETHUSDT,2026-08-12,deployed,,False,8,geo,0.818107,5.72675,1.35212,1883.13,1.31262,up,180.844,15,9,0,True
ETHUSDT,2026-08-14,deployed,,False,8,arith,0.690385,4.83269,1.22026,1886.26,1.03901,up,132.844,12,8,0,True
ETHUSDT,2026-08-16,deployed,,False,8,geo,0.273047,1.91133,0.429654,1883.04,0.470328,up,26.9611,17,10,0,True
ETHUSDT,2026-08-18,deployed,,True,8,geo,0.768943,5.3826,1.02008,1913.66,0.314429,up,38.7333,4,3,0,True
ETHUSDT,2026-08-20,skip,deploy price outside the band,False,8,arith,3.6863,25.8041,1.93033,,,,,,,,
ETHUSDT,2026-08-22,deployed,,False,8,arith,3.68536,25.7975,0.663231,2515.79,0.616125,,,5,2,543,False
ETHUSDT,2026-08-24,deployed,,False,8,arith,2.4089,16.8623,1.18313,2464.83,0.34827,,,11,5,543,False
ETHUSDT,2026-08-26,deployed,,False,8,arith,2.09662,14.6763,1.42408,2442.71,1.84608,,,12,6,543,False
ETHUSDT,2026-08-28,deployed,,False,8,arith,1.69857,11.89,1.87885,2510.34,1.99413,,,18,9,543,False
ETHUSDT,2026-08-30,deployed,,False,8,geo,0.714468,5.00127,1.73952,2458.89,0.482413,up,16.3444,3,3,543,False
ETHUSDT,2026-09-01,skip,lookback incomplete,,,,,,,,,,,,,,
ETHUSDT,2026-09-03,skip,lookback incomplete,,,,,,,,,,,,,,
ETHUSDT,2026-09-05,skip,lookback incomplete,,,,,,,,,,,,,,
ETHUSDT,2026-09-07,skip,lookback incomplete,,,,,,,,,,,,,,
ETHUSDT,2026-09-09,skip,lookback incomplete,,,,,,,,,,,,,,
ETHUSDT,2026-09-11,deployed,,True,8,geo,1.35863,9.51039,2.09279,2439.97,1.97847,up,14,4,4,0,True
ETHUSDT,2026-09-13,deployed,,False,8,geo,0.632652,4.42856,1.01523,2526.19,1.20185,up,44.3611,21,12,0,True
ETHUSDT,2026-09-15,deployed,,True,8,arith,2.41238,16.8866,1.93867,2514.4,3.38016,up,153.628,11,7,0,True
ETHUSDT,2026-09-17,deployed,,True,8,arith,2.36235,16.5364,1.96875,2417.96,1.96836,up,42.4833,3,3,0,True
DOGEUSDT,2025-01-01,deployed,,True,8,arith,2.55779,17.9046,3.36232,0.31555,3.13497,up,59.9833,6,5,0,True
DOGEUSDT,2025-01-03,deployed,,True,8,geo,2.3278,16.2946,3.04598,0.339116,0.902424,up,13.2111,2,2,0,True
DOGEUSDT,2025-01-05,deployed,,False,8,arith,3.15087,22.0561,0.603048,0.39497,-7.29046,down,88.9444,7,1,0,True
DOGEUSDT,2025-01-07,deployed,,False,8,arith,2.25736,15.8015,0.915384,0.388088,-5.15872,down,18.7778,4,0,0,True
DOGEUSDT,2025-01-09,deployed,,True,8,arith,4.57354,32.0148,3.53793,0.342587,7.99051,up,200.678,12,8,0,True
DOGEUSDT,2025-01-11,deployed,,False,8,arith,3.17578,22.2304,2.34307,0.333845,3.83923,up,111.328,9,6,0,True
DOGEUSDT,2025-01-13,deployed,,False,8,arith,2.01858,14.1301,1.82641,0.335975,4.14612,up,42.8167,20,12,0,True
DOGEUSDT,2025-01-15,deployed,,False,8,geo,2.77527,19.4269,3.05746,0.35602,1.23139,up,15.6278,4,3,0,True
DOGEUSDT,2025-01-17,deployed,,True,8,geo,3.62303,25.3612,2.50669,0.375915,3.04233,up,24.3611,3,3,0,True
DOGEUSDT,2025-01-19,deployed,,False,8,arith,4.57769,32.0438,1.68229,0.39592,-6.40818,down,192.35,13,5,0,True
DOGEUSDT,2025-01-21,deployed,,True,8,geo,6.18223,43.2756,5.30669,0.353379,-1.27669,,,5,2,0,True
DOGEUSDT,2025-01-23,deployed,,False,8,arith,3.65012,25.5509,5.51478,0.362462,-7.50918,down,102.678,5,1,0,True
DOGEUSDT,2025-01-25,deployed,,False,8,arith,2.36603,16.5622,3.4502,0.350719,-4.51331,down,53.0111,5,1,0,True
DOGEUSDT,2025-01-27,deployed,,False,8,geo,2.35314,16.4719,3.35622,0.336025,-2.92284,down,5.29444,2,0,0,True
DOGEUSDT,2025-01-29,deployed,,False,8,arith,3.68148,25.7704,4.23639,0.318641,-6.26487,down,112.817,5,1,0,True
DOGEUSDT,2025-01-31,deployed,,False,8,arith,1.8226,12.7582,2.01169,0.331644,-4.42203,down,46.5333,6,1,0,True
DOGEUSDT,2025-02-02,deployed,,True,8,geo,3.36487,23.5541,3.45122,0.308078,-5.02377,down,16.6111,2,0,0,True
DOGEUSDT,2025-02-04,deployed,,False,8,geo,6.29383,44.0568,4.15172,0.284812,0.568681,,,9,4,0,True
DOGEUSDT,2025-02-06,deployed,,False,8,geo,3.5045,24.5315,2.11845,0.256345,6.44119,,,18,10,0,True
DOGEUSDT,2025-02-08,deployed,,False,8,arith,3.88746,27.2122,3.26474,0.246112,4.68805,,,11,6,0,True
DOGEUSDT,2025-02-10,deployed,,False,8,arith,3.39751,23.7826,3.94194,0.249243,4.9078,up,113.811,10,7,0,True
DOGEUSDT,2025-02-12,deployed,,False,8,geo,3.11188,21.7832,4.46743,0.252994,3.61095,up,65.8278,7,5,0,True
DOGEUSDT,2025-02-14,deployed,,False,8,arith,2.62533,18.3773,3.944,0.262286,1.96247,up,17.8,5,4,0,True
DOGEUSDT,2025-02-16,deployed,,True,8,arith,2.3617,16.5319,1.74966,0.271669,-4.99017,down,54.2111,3,0,0,True
DOGEUSDT,2025-02-18,deployed,,False,8,arith,2.30834,16.1583,2.83224,0.258415,-3.86532,down,16.6944,2,0,0,True
DOGEUSDT,2025-02-20,deployed,,True,8,geo,2.15222,15.0656,2.67703,0.254835,-4.34914,down,99.1111,8,2,0,True
DOGEUSDT,2025-02-22,deployed,,True,8,geo,3.8286,26.8002,2.93142,0.239751,-8.01142,down,70.05,4,1,0,True
DOGEUSDT,2025-02-24,deployed,,False,8,geo,1.4581,10.2067,1.2111,0.243082,-3.13127,down,3.34444,3,0,0,True
DOGEUSDT,2025-02-26,deployed,,False,8,arith,5.10241,35.7169,1.73882,0.211634,4.51359,,,23,11,0,True
DOGEUSDT,2025-02-28,deployed,,False,8,arith,2.89209,20.2446,1.64405,0.206742,-6.23065,down,4.66667,3,0,0,True
DOGEUSDT,2025-03-02,deployed,,False,8,arith,2.46775,17.2743,1.90876,0.205752,1.48917,up,16.4664,3,3,0,True
DOGEUSDT,2025-03-04,deployed,,False,8,arith,5.32659,37.2861,5.87681,0.19908,-4.74477,down,136.494,10,4,0,True
DOGEUSDT,2025-03-06,deployed,,False,8,arith,2.63044,18.4131,3.59705,0.203722,1.52739,up,5.75,3,3,0,True
DOGEUSDT,2025-03-08,deployed,,False,8,geo,5.09588,35.6712,5.09974,0.19776,-9.71387,down,42.3611,3,0,0,True
DOGEUSDT,2025-03-10,deployed,,False,8,arith,4.72312,33.0618,4.77085,0.167782,-2.62594,down,17.1944,3,1,0,True
DOGEUSDT,2025-03-12,deployed,,False,8,arith,4.62098,32.3469,1.76933,0.164532,2.23723,,,6,3,0,True
DOGEUSDT,2025-03-14,deployed,,False,8,geo,3.10495,21.7346,1.7197,0.165162,3.39944,,,9,5,0,True
DOGEUSDT,2025-03-16,deployed,,False,8,arith,1.55107,10.8575,1.41708,0.175855,3.58346,up,206.378,32,17,0,True
DOGEUSDT,2025-03-18,deployed,,False,8,arith,2.05961,14.4173,2.34353,0.173084,3.23047,up,162.928,15,9,0,True
DOGEUSDT,2025-03-20,deployed,,True,8,arith,2.95514,20.686,3.10515,0.177755,1.44548,up,114.928,6,4,0,True
DOGEUSDT,2025-03-22,deployed,,False,8,arith,1.55046,10.8532,2.49215,0.167162,2.15893,up,62.2333,4,4,0,True
DOGEUSDT,2025-03-24,deployed,,False,8,arith,1.2931,9.05171,2.00596,0.172424,0.590377,up,8.94444,4,3,0,True
DOGEUSDT,2025-03-26,deployed,,True,8,geo,3.0458,21.3206,2.39004,0.190908,1.16845,up,8.56111,2,2,0,True
DOGEUSDT,2025-03-28,deployed,,False,8,geo,2.17263,15.2084,0.90184,0.191048,-3.38285,down,13.0833,5,1,0,True
DOGEUSDT,2025-03-30,deployed,,True,8,arith,2.31568,16.2097,2.15852,0.169453,-2.42797,down,24.6611,1,0,0,True
DOGEUSDT,2025-04-01,deployed,,False,8,arith,2.86134,20.0294,1.34992,0.166272,-4.20032,down,141.033,15,6,0,True
DOGEUSDT,2025-04-03,deployed,,True,8,arith,4.827,33.789,3.61268,0.163711,-8.09034,down,99.8111,5,1,0,True
DOGEUSDT,2025-04-05,deployed,,False,8,arith,2.92749,20.4924,2.55806,0.171093,-7.65423,down,47.4,5,0,0,True
DOGEUSDT,2025-04-07,deployed,,False,8,arith,4.59459,32.1621,3.27554,0.149038,-5.213,down,6.35,1,0,0,True
DOGEUSDT,2025-04-09,deployed,,False,8,arith,4.06311,28.4418,2.41473,0.141796,7.24774,up,93.2667,10,7,0,True
DOGEUSDT,2025-04-11,deployed,,False,8,geo,2.53248,17.7274,2.17208,0.153549,2.33306,up,39.4667,3,3,0,True
DOGEUSDT,2025-04-13,deployed,,False,8,arith,1.97757,13.843,1.64522,0.168033,3.71359,up,230.85,29,15,0,True
DOGEUSDT,2025-04-15,deployed,,False,8,geo,2.17575,15.2302,1.38696,0.15889,-2.98376,down,32.25,2,0,0,True
DOGEUSDT,2025-04-17,deployed,,True,8,geo,2.70392,18.9275,2.43718,0.154729,3.44219,up,134.744,8,6,0,True
DOGEUSDT,2025-04-19,deployed,,False,8,geo,0.817446,5.72212,0.987747,0.15835,1.07002,up,49.9278,18,10,0,True
DOGEUSDT,2025-04-21,deployed,,True,8,geo,1.53381,10.7367,1.75268,0.153679,3.17123,up,37.2611,9,7,0,True
DOGEUSDT,2025-04-23,deployed,,True,8,arith,3.36659,23.5662,2.13124,0.179245,0,up,0.361111,0,0,0,True
DOGEUSDT,2025-04-25,deployed,,False,8,arith,2.77561,19.4292,0.62275,0.182186,-0.958904,,,14,6,0,True
DOGEUSDT,2025-04-27,deployed,,False,8,arith,1.45763,10.2034,0.946415,0.181926,-2.12392,down,71.4333,14,5,0,True
DOGEUSDT,2025-04-29,deployed,,False,8,arith,2.21614,15.513,1.94589,0.178715,-3.44844,down,178.867,11,4,0,True
DOGEUSDT,2025-05-01,deployed,,False,8,arith,2.11541,14.8079,1.99602,0.172634,4.46331,up,183.494,16,10,0,True
DOGEUSDT,2025-05-03,deployed,,True,8,geo,1.50069,10.5048,2.35392,0.181236,-3.38513,down,46.1444,4,0,0,True
DOGEUSDT,2025-05-05,deployed,,False,8,geo,1.16015,8.12102,1.76647,0.170213,-0.734495,down,1.64444,1,0,0,True
DOGEUSDT,2025-05-07,deployed,,True,8,geo,2.26558,15.8591,2.0146,0.171884,1.57701,up,33.9833,3,3,0,True
DOGEUSDT,2025-05-09,skip,deploy price outside the band,True,8,geo,3.54851,24.8395,2.52431,,,,,,,,
DOGEUSDT,2025-05-11,skip,deploy price outside the band,False,8,arith,5.15302,36.0712,2.30127,,,,,,,,
DOGEUSDT,2025-05-13,deployed,,False,8,arith,5.14171,35.992,2.08786,0.231069,5.2417,,,9,5,0,True
DOGEUSDT,2025-05-15,deployed,,False,8,arith,2.97629,20.834,2.11388,0.232789,4.22467,,,30,15,0,True
DOGEUSDT,2025-05-17,deployed,,False,8,arith,3.37445,23.6212,3.34033,0.221456,6.26184,,,25,13,0,True
DOGEUSDT,2025-05-19,deployed,,False,8,arith,4.81223,33.6856,4.86427,0.233179,0.259583,,,7,3,0,True
DOGEUSDT,2025-05-21,deployed,,True,8,geo,3.38137,23.6696,4.84839,0.225717,2.71406,up,49.6944,5,4,0,True
DOGEUSDT,2025-05-23,deployed,,True,8,arith,2.85176,19.9623,4.67182,0.244632,-6.7201,down,168.911,11,3,0,True
DOGEUSDT,2025-05-25,deployed,,True,8,arith,1.85914,13.014,3.45372,0.225487,-1.83585,down,119.894,15,6,0,True
DOGEUSDT,2025-05-27,deployed,,True,8,arith,2.12694,14.8886,3.20166,0.226307,-4.96187,down,73.0497,10,3,0,True
DOGEUSDT,2025-05-29,deployed,,True,8,arith,1.95466,13.6826,2.37573,0.220706,-4.68402,down,25.0167,5,1,0,True
DOGEUSDT,2025-05-31,deployed,,True,8,arith,3.68207,25.7745,3.48321,0.193199,-2.26971,down,3.21111,1,0,0,True
DOGEUSDT,2025-06-02,deployed,,False,8,arith,2.14257,14.998,0.715094,0.193399,-5.96274,down,91.3667,8,2,0,True
DOGEUSDT,2025-06-04,deployed,,False,8,geo,2.50893,17.5625,1.08178,0.193249,-6.55731,down,43.3667,4,0,0,True
DOGEUSDT,2025-06-06,deployed,,False,8,geo,4.43977,31.0784,2.27309,0.170913,3.50824,,,7,4,0,True
DOGEUSDT,2025-06-08,deployed,,False,8,geo,1.60769,11.2538,0.87926,0.184897,0.989345,up,45.4167,6,4,0,True
DOGEUSDT,2025-06-10,deployed,,False,8,arith,3.13322,21.9326,2.51092,0.194609,-3.9802,,,10,3,0,True
DOGEUSDT,2025-06-12,deployed,,False,8,geo,3.04559,21.3191,2.6262,0.192819,-6.12383,down,24.4944,3,0,0,True
DOGEUSDT,2025-06-14,deployed,,False,8,arith,1.96969,13.7878,1.87744,0.179936,-4.02635,down,87.6,9,3,0,True
DOGEUSDT,2025-06-16,deployed,,False,8,geo,1.74275,12.1993,1.62632,0.175524,-3.24594,down,40.9278,9,3,0,True
DOGEUSDT,2025-06-18,deployed,,False,8,arith,2.01329,14.093,1.31527,0.170043,-2.64597,down,64.95,4,1,0,True
DOGEUSDT,2025-06-20,deployed,,False,8,arith,1.29543,9.06804,1.14509,0.170693,-2.92812,down,17.2167,6,1,0,True
DOGEUSDT,2025-06-22,deployed,,False,8,arith,3.11991,21.8394,2.02769,0.154279,-4.70167,down,20.25,2,0,0,True
DOGEUSDT,2025-06-24,deployed,,False,8,geo,3.74132,26.1892,1.60556,0.164312,2.61294,up,221.744,9,5,0,True
DOGEUSDT,2025-06-26,deployed,,False,8,arith,2.1263,14.8841,1.96698,0.164332,40.391,,,318,159,0,True
DOGEUSDT,2025-06-28,deployed,,True,8,arith,2.76213,19.3349,2.32786,0.161231,17.0274,up,150.861,93,48,0,True
DOGEUSDT,2025-06-30,deployed,,False,8,arith,1.67762,11.7434,1.64989,0.169443,1.93857,up,77.6111,17,9,0,True
DOGEUSDT,2025-07-02,deployed,,False,8,geo,1.66001,11.6201,1.26264,0.1573,4.5493,up,29.7444,8,7,0,True
DOGEUSDT,2025-07-04,deployed,,True,8,geo,4.88192,34.1735,4.19018,0.176555,7.26934,up,173.878,17,10,0,True
DOGEUSDT,2025-07-06,deployed,,False,8,arith,0.993185,6.95229,1.05172,0.164402,0.847589,up,13.7778,3,3,0,True
DOGEUSDT,2025-07-08,deployed,,False,8,arith,2.08127,14.5689,3.69635,0.167983,2.58308,up,45.3833,6,5,0,True
DOGEUSDT,2025-07-10,deployed,,False,8,geo,5.35681,37.4976,5.34741,0.179966,4.43219,up,38.2667,8,5,0,True
DOGEUSDT,2025-07-12,deployed,,True,8,arith,4.56462,31.9524,6.26726,0.201231,4.25357,up,145.194,9,6,0,True
DOGEUSDT,2025-07-14,deployed,,False,8,arith,3.05732,21.4013,1.08079,0.1982,5.31902,up,95.4278,16,10,0,True
DOGEUSDT,2025-07-16,deployed,,False,8,geo,3.39181,23.7427,2.69601,0.19918,2.61001,up,48.6778,3,3,0,True
DOGEUSDT,2025-07-18,deployed,,False,8,geo,5.32773,37.2941,5.46161,0.217485,3.21543,up,14.1778,3,3,0,True
DOGEUSDT,2025-07-20,deployed,,False,8,arith,3.22984,22.6089,0.919326,0.241051,3.1169,up,18.9278,4,4,0,True
DOGEUSDT,2025-07-22,deployed,,False,8,arith,4.10802,28.7561,2.43144,0.271289,-8.55478,down,54.0167,6,1,0,True
DOGEUSDT,2025-07-24,deployed,,False,8,arith,6.2571,43.7997,4.26724,0.240461,-7.77082,down,192.861,6,2,0,True
DOGEUSDT,2025-07-26,deployed,,False,8,arith,3.55671,24.897,3.99255,0.23623,-7.14678,down,152.178,8,2,0,True
DOGEUSDT,2025-07-28,deployed,,False,8,arith,2.74914,19.244,3.30181,0.240621,-5.78075,down,60.1944,6,1,0,True
DOGEUSDT,2025-07-30,deployed,,False,8,geo,3.12213,21.8549,2.8629,0.223056,-4.83113,down,56.1667,7,2,0,True
DOGEUSDT,2025-08-01,deployed,,False,8,geo,3.14734,22.0314,3.60281,0.209843,-3.14785,down,30.7611,8,3,0,True
DOGEUSDT,2025-08-03,deployed,,True,8,geo,5.0522,35.3654,4.26303,0.191428,6.90889,up,154.317,4,4,0,True
DOGEUSDT,2025-08-05,deployed,,False,8,arith,2.5068,17.5476,1.52452,0.210153,1.64818,up,68.6,9,5,0,True
DOGEUSDT,2025-08-07,deployed,,False,8,geo,1.89103,13.2372,2.01803,0.204822,1.0857,up,13.6778,3,3,0,True
DOGEUSDT,2025-08-09,deployed,,True,8,geo,3.12173,21.8521,2.62973,0.230628,1.11399,up,17.6778,2,2,0,True
DOGEUSDT,2025-08-11,deployed,,False,8,arith,2.26725,15.8708,0.946526,0.233909,0.362031,down,195.811,37,17,0,True
DOGEUSDT,2025-08-13,deployed,,False,8,geo,2.86259,20.0381,1.72893,0.23592,1.27535,up,26.9667,2,2,0,True
DOGEUSDT,2025-08-15,deployed,,False,8,arith,2.96999,20.7899,2.46183,0.223557,-1.22822,down,99.9111,7,3,0,True
DOGEUSDT,2025-08-17,deployed,,False,8,arith,2.16921,15.1845,3.5544,0.231129,-4.19238,down,67.1,12,4,0,True
DOGEUSDT,2025-08-19,deployed,,False,8,arith,2.68165,18.7715,3.79575,0.221976,-3.601,down,25.7667,4,1,0,True
DOGEUSDT,2025-08-21,deployed,,False,8,geo,2.59229,18.146,3.05023,0.221166,1.83448,up,40.4,6,4,0,True
DOGEUSDT,2025-08-23,deployed,,False,8,arith,3.20803,22.4562,3.26095,0.240491,0.754254,up,43.2167,4,2,0,True
DOGEUSDT,2025-08-25,deployed,,True,8,geo,3.34115,23.388,3.97233,0.232199,-6.29971,down,20.9167,3,0,0,True
DOGEUSDT,2025-08-27,deployed,,True,8,geo,2.40148,16.8103,2.66644,0.218145,2.9851,,,20,10,0,True
DOGEUSDT,2025-08-29,deployed,,False,8,arith,1.96728,13.7709,3.06028,0.224117,-3.37605,down,94.2,14,5,0,True
DOGEUSDT,2025-08-31,deployed,,False,8,geo,1.14119,7.98836,1.59244,0.215805,-1.80917,down,45.6278,16,6,0,True
DOGEUSDT,2025-09-02,deployed,,False,8,geo,2.95178,20.6625,2.73481,0.210363,4.88327,up,165.183,8,6,0,True
DOGEUSDT,2025-09-04,deployed,,False,8,arith,1.85165,12.9615,2.47915,0.220476,1.56878,up,95.4278,10,6,0,True
DOGEUSDT,2025-09-06,deployed,,True,8,arith,2.15073,15.0551,2.45352,0.217945,1.72978,up,51.0778,5,4,0,True
DOGEUSDT,2025-09-08,deployed,,True,8,arith,1.97146,13.8002,2.33499,0.228738,0.177092,up,3.11111,1,1,0,True
DOGEUSDT,2025-09-10,deployed,,False,8,geo,2.63886,18.472,0.78622,0.241291,2.58532,up,48.7944,7,5,0,True
DOGEUSDT,2025-09-12,deployed,,False,8,geo,1.87703,13.1392,1.00815,0.256335,0.272443,up,0.833333,1,1,0,True
DOGEUSDT,2025-09-14,deployed,,False,8,arith,4.46192,31.2335,1.5185,0.289613,-6.8748,,,13,4,0,True
DOGEUSDT,2025-09-16,deployed,,False,8,arith,2.11,14.77,1.32857,0.268768,-1.63321,down,144.583,24,11,0,True
DOGEUSDT,2025-09-18,deployed,,False,8,arith,5.04463,35.3124,3.94052,0.282622,-8.11373,,,6,1,0,True
DOGEUSDT,2025-09-20,deployed,,False,8,arith,2.28318,15.9823,3.20821,0.264947,-3.50693,down,48.6111,3,1,0,True
DOGEUSDT,2025-09-22,deployed,,False,8,arith,1.8429,12.9003,2.57888,0.261786,-3.63755,down,2.6,3,0,0,True
DOGEUSDT,2025-09-24,deployed,,False,8,geo,2.65989,18.6192,0.762537,0.23736,5.02657,up,213.911,16,10,0,True
DOGEUSDT,2025-09-26,deployed,,False,8,geo,3.55523,24.8866,3.36405,0.222706,6.45919,,,6,5,0,True
DOGEUSDT,2025-09-28,deployed,,False,8,arith,1.2921,9.04467,1.06144,0.230618,2.46747,up,81,21,12,0,True
DOGEUSDT,2025-09-30,deployed,,False,8,geo,1.96645,13.7652,1.83604,0.234879,1.48375,up,47.9333,5,4,0,True
DOGEUSDT,2025-10-02,deployed,,False,8,arith,2.03909,14.2736,2.67413,0.248653,0,up,0.25,0,0,0,True
DOGEUSDT,2025-10-04,deployed,,False,8,arith,2.4701,17.2907,0.717048,0.259436,-3.26533,down,161.833,18,7,0,True
DOGEUSDT,2025-10-06,deployed,,False,8,arith,1.97916,13.8541,1.17029,0.253054,-2.33595,down,113.683,20,8,0,True
DOGEUSDT,2025-10-08,deployed,,False,8,arith,2.89148,20.2404,1.74032,0.246792,-3.0688,down,66.7611,4,1,0,True
DOGEUSDT,2025-10-10,deployed,,False,8,geo,2.15217,15.0652,2.76378,0.248643,-7.57374,down,20.9611,4,0,0,True
DOGEUSDT,2025-10-12,deployed,,False,8,arith,5.79155,40.5409,1.3712,0.185527,4.82021,,,7,4,0,True
DOGEUSDT,2025-10-14,deployed,,False,8,geo,3.67252,25.7076,1.79847,0.213444,-7.91566,down,79.6167,7,1,0,True
DOGEUSDT,2025-10-16,deployed,,False,8,arith,3.58976,25.1283,3.0713,0.19648,-5.79703,down,33.1167,5,1,0,True
DOGEUSDT,2025-10-18,deployed,,False,8,geo,2.78266,19.4786,3.50791,0.184937,4.94966,up,216.65,12,8,0,True
DOGEUSDT,2025-10-20,deployed,,False,8,geo,2.09678,14.6775,3.23459,0.194879,1.01654,up,39.1778,4,3,0,True
DOGEUSDT,2025-10-22,deployed,,True,8,arith,3.39768,23.7838,4.0249,0.194099,0.131018,,,10,4,0,True
DOGEUSDT,2025-10-24,deployed,,False,8,arith,1.91318,13.3923,3.15464,0.194519,1.31308,up,70.8778,3,3,0,True
DOGEUSDT,2025-10-26,deployed,,False,8,arith,0.938976,6.57283,1.25527,0.19654,1.09854,up,22.1444,4,4,0,True
DOGEUSDT,2025-10-28,deployed,,True,8,arith,2.37211,16.6048,2.37457,0.200261,-4.54792,down,60.7667,9,3,0,True
DOGEUSDT,2025-10-30,deployed,,False,8,geo,3.35164,23.4615,2.27733,0.192359,-5.84189,down,103.161,5,1,0,True
DOGEUSDT,2025-11-01,deployed,,False,8,arith,1.82764,12.7935,1.60104,0.186877,-4.21586,down,54.2667,4,0,0,True
DOGEUSDT,2025-11-03,deployed,,False,8,arith,1.46412,10.2488,1.12543,0.186477,-3.71787,down,3.61667,3,0,0,True
DOGEUSDT,2025-11-05,deployed,,True,8,geo,6.7389,47.1723,3.89288,0.162861,1.22534,,,6,3,0,True
DOGEUSDT,2025-11-07,deployed,,False,8,arith,2.52885,17.702,1.39917,0.160991,3.58625,up,17.5944,6,5,0,True
DOGEUSDT,2025-11-09,deployed,,False,8,arith,2.11518,14.8063,1.81206,0.176275,-2.53858,down,114.933,20,8,0,True
DOGEUSDT,2025-11-11,deployed,,False,8,geo,3.12035,21.8424,3.2069,0.181856,-5.99108,down,84.5111,8,2,0,True
DOGEUSDT,2025-11-13,deployed,,False,8,arith,2.46414,17.249,2.66643,0.170093,-3.1446,down,36.4611,8,3,0,True
DOGEUSDT,2025-11-15,deployed,,False,8,arith,4.45815,31.2071,3.7298,0.15796,-7.16709,down,153.95,5,1,0,True
DOGEUSDT,2025-11-17,deployed,,False,8,geo,3.85157,26.961,2.87667,0.15873,-5.7072,down,103.733,9,3,0,True
DOGEUSDT,2025-11-19,deployed,,False,8,arith,2.19739,15.3817,1.67619,0.161821,-4.77608,down,43.1278,8,2,0,True
DOGEUSDT,2025-11-21,deployed,,False,8,geo,3.10046,21.7032,3.22722,0.148878,-3.95918,down,7.98333,2,0,0,True
DOGEUSDT,2025-11-23,deployed,,False,8,geo,2.7156,19.0092,1.13825,0.140586,2.41179,up,43.1833,5,4,0,True
DOGEUSDT,2025-11-25,deployed,,False,8,geo,2.31451,16.2015,2.22332,0.152129,-4.94101,down,159.65,14,4,0,True
DOGEUSDT,2025-11-27,deployed,,True,8,arith,2.04305,14.3014,2.37916,0.154589,-5.36571,down,96.8667,5,0,0,True
DOGEUSDT,2025-11-29,deployed,,False,8,arith,1.82199,12.754,1.61086,0.150328,-4.08496,down,48.3667,3,0,0,True
DOGEUSDT,2025-12-01,deployed,,True,8,geo,1.71423,11.9996,1.81363,0.146037,-3.38617,down,0.927778,2,0,0,True
DOGEUSDT,2025-12-03,deployed,,False,8,arith,2.18595,15.3016,0.685944,0.145897,0,up,2.46667,0,0,0,True
DOGEUSDT,2025-12-05,deployed,,False,8,arith,1.96775,13.7742,1.32575,0.147417,-3.57829,down,16.6944,3,0,0,True
DOGEUSDT,2025-12-07,deployed,,False,8,arith,0.880146,6.16102,0.281161,0.139745,-2.06527,down,15,5,1,0,True
DOGEUSDT,2025-12-09,deployed,,False,8,geo,2.0455,14.3185,1.86661,0.142346,1.40721,up,16.7667,3,3,0,True
DOGEUSDT,2025-12-11,deployed,,False,8,geo,3.17849,22.2494,2.03524,0.143306,-5.50655,down,112.744,5,1,0,True
DOGEUSDT,2025-12-13,deployed,,False,8,arith,1.48164,10.3715,0.981747,0.136965,-2.4691,down,63.45,9,3,0,True
DOGEUSDT,2025-12-15,deployed,,False,8,arith,1.38328,9.68293,1.19355,0.134334,-1.82632,down,15.45,4,1,0,True
DOGEUSDT,2025-12-17,deployed,,False,8,arith,1.512,10.584,0.705997,0.131883,-3.04668,down,29.3333,8,2,0,True
DOGEUSDT,2025-12-19,deployed,,False,8,geo,3.45582,24.1907,1.26988,0.122221,1.33456,,,4,2,0,True
DOGEUSDT,2025-12-21,deployed,,False,8,arith,0.630976,4.41683,0.438,0.132063,1.5281,up,40.2167,31,17,0,True
DOGEUSDT,2025-12-23,deployed,,False,8,geo,1.67838,11.7487,1.36613,0.132133,-4.04198,down,71.6167,4,0,0,True
DOGEUSDT,2025-12-25,deployed,,False,8,arith,1.04964,7.34749,1.45483,0.128603,-2.14853,down,22.8778,3,0,0,True
DOGEUSDT,2025-12-27,deployed,,False,8,geo,1.43239,10.0267,1.22431,0.122261,-1.4779,down,112.794,11,5,0,True
DOGEUSDT,2025-12-29,deployed,,False,8,geo,0.751692,5.26184,0.310866,0.123481,0.647252,up,2.2,3,3,0,True
DOGEUSDT,2025-12-31,deployed,,False,8,geo,1.06294,7.44061,0.645613,0.123351,-2.58493,down,16.7944,3,0,0,True
DOGEUSDT,2026-01-02,deployed,,False,8,geo,1.90058,13.3041,1.08415,0.126872,0.251211,up,9.81667,1,1,0,True
DOGEUSDT,2026-01-04,deployed,,False,8,arith,1.58852,11.1197,0.27593,0.143536,0.68415,up,3.38333,2,2,0,True
DOGEUSDT,2026-01-06,deployed,,False,8,geo,3.714,25.998,1.02082,0.152149,-1.58926,,,10,4,0,True
DOGEUSDT,2026-01-08,deployed,,False,8,geo,2.62705,18.3893,1.43453,0.146607,-1.37013,,,14,6,0,True
DOGEUSDT,2026-01-10,deployed,,False,8,geo,2.36015,16.5211,1.86353,0.140656,-4.36904,down,216.094,17,7,0,True
DOGEUSDT,2026-01-12,deployed,,False,8,arith,1.82434,12.7704,1.3065,0.137695,3.27422,up,46.4667,10,7,0,True
DOGEUSDT,2026-01-14,deployed,,True,8,arith,3.02072,21.145,2.2035,0.147587,-7.53423,down,160.633,8,1,0,True
DOGEUSDT,2026-01-16,deployed,,True,8,arith,1.8755,13.1285,2.20397,0.140346,-2.38089,down,15.6333,1,0,0,True
DOGEUSDT,2026-01-18,deployed,,False,8,geo,0.841166,5.88816,0.884724,0.137825,-2.0567,down,23.7333,5,1,0,True
DOGEUSDT,2026-01-20,deployed,,False,8,geo,1.35457,9.48202,0.395779,0.129103,-2.25048,down,13.65,2,0,0,True
DOGEUSDT,2026-01-22,deployed,,False,8,arith,3.19427,22.3599,1.14597,0.126512,-5.86014,down,224.678,10,3,0,True
DOGEUSDT,2026-01-24,deployed,,False,8,geo,1.75884,12.3118,0.698441,0.124722,-2.95043,down,135.161,11,4,0,True
DOGEUSDT,2026-01-26,deployed,,False,8,arith,2.07076,14.4953,1.06602,0.11961,-2.15999,down,90.95,8,3,0,True
DOGEUSDT,2026-01-28,deployed,,False,8,geo,1.69305,11.8514,1.41183,0.126292,-4.50414,down,42.95,7,1,0,True
DOGEUSDT,2026-01-30,deployed,,True,8,arith,2.07123,14.4986,1.70955,0.11728,-2.00196,down,1.77778,1,0,0,True
DOGEUSDT,2026-02-01,deployed,,True,8,geo,5.50522,38.5365,2.66371,0.104126,-5.88397,down,114,6,2,0,True
DOGEUSDT,2026-02-03,deployed,,False,8,arith,2.59324,18.1527,1.26212,0.107917,-6.74233,down,63.4278,13,4,0,True
DOGEUSDT,2026-02-05,deployed,,True,8,arith,4.63825,32.4678,3.53213,0.103926,-8.56447,down,20.4167,3,0,0,True
DOGEUSDT,2026-02-07,deployed,,False,8,arith,4.54693,31.8285,3.16864,0.098565,4.80096,up,189.233,9,6,0,True
DOGEUSDT,2026-02-09,deployed,,False,8,geo,2.80728,19.651,3.60741,0.0960943,4.7647,up,139.216,12,8,0,True
DOGEUSDT,2026-02-11,deployed,,False,8,arith,1.74562,12.2193,1.63066,0.0928135,-3.21931,down,15.2111,4,1,0,True
DOGEUSDT,2026-02-13,deployed,,False,8,arith,2.50174,17.5122,2.17781,0.0930135,1.75101,up,35.4611,3,3,0,True
DOGEUSDT,2026-02-15,skip,deploy price outside the band,False,8,arith,4.0744,28.5208,3.54991,,,,,,,,
DOGEUSDT,2026-02-17,deployed,,False,8,arith,1.89292,13.2505,0.730402,0.100996,-2.53275,down,85.7278,10,4,0,True
DOGEUSDT,2026-02-19,deployed,,False,8,geo,1.99161,13.9413,0.780567,0.0985349,-3.15623,down,97.2167,13,5,0,True
DOGEUSDT,2026-02-21,deployed,,False,8,geo,2.38335,16.6834,1.38317,0.100065,-4.91935,down,86.6333,8,2,0,True
DOGEUSDT,2026-02-23,deployed,,False,8,arith,0.854798,5.98358,0.997657,0.0955242,-1.06078,down,1,0,0,0,True
DOGEUSDT,2026-02-25,deployed,,False,8,geo,1.40572,9.84001,0.402495,0.0914231,2.26233,up,13.8667,8,6,0,True
DOGEUSDT,2026-02-27,deployed,,True,8,geo,1.99646,13.9752,1.66747,0.0970546,-3.9747,down,30.4833,3,0,0,True
DOGEUSDT,2026-03-01,deployed,,False,8,geo,2.44583,17.1208,1.68417,0.0938838,3.89963,up,89.6667,15,9,0,True
DOGEUSDT,2026-03-03,deployed,,False,8,arith,2.76672,19.3671,2.32715,0.0935637,3.16736,up,43.25,7,5,0,True
DOGEUSDT,2026-03-05,deployed,,False,8,arith,4.48614,31.403,3.3354,0.0990051,1.39274,,,8,4,0,True
DOGEUSDT,2026-03-07,deployed,,False,8,arith,1.34607,9.42251,1.66059,0.0914231,-1.77861,down,27.2167,2,0,0,True
DOGEUSDT,2026-03-09,deployed,,False,8,arith,2.3592,16.5144,1.97745,0.0891226,2.66976,up,38.7611,4,4,0,True
DOGEUSDT,2026-03-11,deployed,,False,8,arith,3.31933,23.2353,3.16106,0.0944339,2.19569,up,127.133,5,4,0,True
DOGEUSDT,2026-03-13,deployed,,False,8,geo,1.87622,13.1335,2.28327,0.094864,0.914554,up,11.2167,2,2,0,True
DOGEUSDT,2026-03-15,deployed,,False,8,geo,0.966606,6.76624,0.94752,0.0958843,1.22897,up,27.4444,9,6,0,True
DOGEUSDT,2026-03-17,deployed,,True,8,geo,2.97904,20.8533,2.31291,0.103366,-2.29077,,,12,4,0,True
DOGEUSDT,2026-03-19,deployed,,False,8,geo,1.90688,13.3481,1.59745,0.0951141,-1.35109,down,7.47778,1,0,0,True
DOGEUSDT,2026-03-21,deployed,,False,8,arith,1.27842,8.94892,1.2226,0.0942239,-2.62584,down,45.2667,6,1,0,True
DOGEUSDT,2026-03-23,deployed,,False,8,arith,1.35236,9.46654,0.861748,0.0905529,3.69098,up,54.4833,17,11,0,True
DOGEUSDT,2026-03-25,deployed,,False,8,arith,1.7358,12.1506,1.24562,0.0952041,0.608473,,,22,10,0,True
DOGEUSDT,2026-03-27,deployed,,False,8,arith,1.04275,7.29925,0.915456,0.0920433,-0.706081,down,4.09444,0,0,0,True
DOGEUSDT,2026-03-29,deployed,,True,8,arith,1.62319,11.3623,1.46158,0.090703,3.71752,,,23,13,0,True
DOGEUSDT,2026-03-31,deployed,,False,8,arith,1.42111,9.94776,1.38472,0.090823,3.35749,,,30,16,0,True
DOGEUSDT,2026-04-02,deployed,,True,8,geo,1.44561,10.1193,1.55705,0.0921433,2.4063,,,22,12,0,True
DOGEUSDT,2026-04-04,deployed,,False,8,arith,1.23635,8.65448,1.21598,0.0915532,1.6286,up,94.9667,15,9,0,True
DOGEUSDT,2026-04-06,deployed,,False,8,arith,1.33062,9.31433,1.40417,0.0922133,1.26808,up,47.5333,9,6,0,True
DOGEUSDT,2026-04-08,deployed,,False,8,geo,2.34036,16.3825,2.14849,0.0954542,2.7833,up,211.361,16,9,0,True
DOGEUSDT,2026-04-10,deployed,,True,8,arith,1.85115,12.958,1.66543,0.0925734,3.48281,up,162.967,16,10,0,True
DOGEUSDT,2026-04-12,deployed,,False,8,geo,1.11779,7.82451,1.38834,0.0930236,1.56273,up,62.0333,11,7,0,True
DOGEUSDT,2026-04-14,deployed,,True,8,geo,1.49099,10.4369,1.28944,0.0943739,0.401504,up,13.9667,3,2,0,True
DOGEUSDT,2026-04-16,deployed,,False,8,geo,2.01936,14.1355,1.51942,0.094924,1.25153,up,37.1111,3,3,0,True
DOGEUSDT,2026-04-18,deployed,,True,8,arith,2.17737,15.2416,1.56108,0.0995452,0.548648,,,6,3,0,True
DOGEUSDT,2026-04-20,deployed,,True,8,geo,1.74271,12.1989,1.50692,0.0932036,3.6647,up,219.711,14,9,0,True
DOGEUSDT,2026-04-22,deployed,,False,8,geo,1.16367,8.14568,1.08429,0.0951241,1.3814,up,69.0278,9,6,0,True
DOGEUSDT,2026-04-24,deployed,,False,8,arith,1.18391,8.28739,1.46404,0.0973046,0.942678,up,74.95,5,4,0,True
DOGEUSDT,2026-04-26,deployed,,False,8,arith,0.666662,4.66663,0.633594,0.0980848,0.915056,up,26.95,11,7,0,True
DOGEUSDT,2026-04-28,deployed,,True,8,arith,1.15622,8.09356,0.921959,0.098815,1.18345,up,30.1667,7,5,0,True
DOGEUSDT,2026-04-30,deployed,,False,8,geo,2.93573,20.5501,1.83575,0.104116,1.06408,up,97.5833,2,2,0,True
DOGEUSDT,2026-05-02,deployed,,False,8,arith,1.78695,12.5087,0.548424,0.108497,1.73918,up,93.1444,7,5,0,True
DOGEUSDT,2026-05-04,deployed,,False,8,geo,1.43413,10.0389,0.684512,0.108347,1.82595,up,41.5278,9,6,0,True
DOGEUSDT,2026-05-06,deployed,,False,8,arith,2.21592,15.5114,1.02938,0.114999,2.75528,,,23,11,0,True
DOGEUSDT,2026-05-08,deployed,,False,8,arith,1.86755,13.0728,1.97995,0.107957,4.79157,,,35,17,0,True
DOGEUSDT,2026-05-10,deployed,,False,8,geo,0.988727,6.92109,1.41473,0.108788,1.52074,up,23.8111,13,8,0,True
DOGEUSDT,2026-05-12,deployed,,False,8,geo,1.90773,13.3541,2.19525,0.111298,1.89466,up,66.4167,9,6,0,True
DOGEUSDT,2026-05-14,deployed,,True,8,arith,2.77878,19.4515,2.41068,0.112869,-6.625,down,223.911,10,3,0,True
DOGEUSDT,2026-05-16,deployed,,True,8,geo,1.94616,13.6231,2.77495,0.113369,-3.48227,down,49.3167,7,2,0,True
DOGEUSDT,2026-05-18,deployed,,True,8,arith,2.77896,19.4527,2.50373,0.108998,-5.74432,down,127.928,5,1,0,True
DOGEUSDT,2026-05-20,deployed,,False,8,arith,1.45518,10.1863,0.865255,0.103116,-2.46005,down,79.9278,9,3,0,True
DOGEUSDT,2026-05-22,deployed,,False,8,arith,1.69384,11.8569,1.19449,0.105587,-3.0699,down,148.1,14,5,0,True
DOGEUSDT,2026-05-24,deployed,,False,8,geo,1.98063,13.8644,1.69393,0.103046,-3.5311,down,230.544,9,3,0,True
DOGEUSDT,2026-05-26,deployed,,False,8,geo,0.955615,6.6893,1.2361,0.102246,-1.42535,down,51.65,17,7,0,True
DOGEUSDT,2026-05-28,deployed,,False,8,arith,1.67078,11.6955,2.22617,0.100685,-3.67245,down,135.517,9,3,0,True
DOGEUSDT,2026-05-30,deployed,,True,8,geo,1.70874,11.9612,1.56601,0.0995352,-4.25541,down,91.5944,6,1,0,True
DOGEUSDT,2026-06-01,deployed,,False,8,geo,1.1151,7.8057,1.10542,0.100375,-2.21071,down,38.4611,9,3,0,True
DOGEUSDT,2026-06-03,deployed,,True,8,geo,4.02253,28.1577,1.91338,0.0926935,-5.28045,down,53.7778,2,0,0,True
DOGEUSDT,2026-06-05,deployed,,False,8,geo,3.25617,22.7932,1.93029,0.0885324,-5.64327,down,18.8167,3,0,0,True
DOGEUSDT,2026-06-07,deployed,,False,8,geo,1.99983,13.9988,0.800146,0.0818907,2.36196,up,134.361,7,5,0,True
DOGEUSDT,2026-06-09,deployed,,False,8,arith,1.888,13.216,1.32587,0.0863519,1.2879,,,24,11,0,True
DOGEUSDT,2026-06-11,deployed,,False,8,geo,2.09388,14.6571,1.9924,0.083081,2.49895,,,16,8,0,True
DOGEUSDT,2026-06-13,deployed,,False,8,geo,2.38484,16.6939,2.86149,0.0859518,-1.15541,,,7,3,0,True
DOGEUSDT,2026-06-15,deployed,,True,8,geo,1.70569,11.9398,1.8112,0.0888425,-3.98434,down,87.8833,5,0,0,True
DOGEUSDT,2026-06-17,deployed,,False,8,arith,1.25317,8.77219,1.10498,0.0872621,-1.86258,down,28.4167,6,2,0,True
DOGEUSDT,2026-06-19,deployed,,True,8,arith,1.35607,9.49252,1.88536,0.0835412,-1.19508,down,97.9278,8,3,0,True
DOGEUSDT,2026-06-21,deployed,,False,8,geo,0.907634,6.35344,0.476037,0.0837912,-2.51555,down,54.3833,12,4,0,True
DOGEUSDT,2026-06-23,deployed,,False,8,geo,1.46019,10.2213,1.037,0.0825109,-2.77272,down,8.37778,3,0,0,True
DOGEUSDT,2026-06-25,deployed,,False,8,geo,2.7584,19.3088,0.840339,0.0761593,-3.67966,down,132.094,6,2,0,True
DOGEUSDT,2026-06-27,deployed,,False,8,geo,1.83729,12.8611,0.662863,0.0756992,-4.18851,down,84.6444,6,1,0,True
DOGEUSDT,2026-06-29,deployed,,False,8,geo,1.68107,11.7675,1.00765,0.0731585,-2.5701,down,36.6444,7,2,0,True
DOGEUSDT,2026-07-01,deployed,,False,8,arith,1.70551,11.9386,1.11606,0.0719182,2.2606,up,63.1167,6,5,0,True
DOGEUSDT,2026-07-03,deployed,,False,8,arith,1.38215,9.67502,1.61586,0.0741588,0.589868,up,13.9611,2,2,0,True
DOGEUSDT,2026-07-05,deployed,,False,8,geo,1.36798,9.57583,0.744884,0.0776497,-2.58558,down,73.6944,14,5,0,True
DOGEUSDT,2026-07-07,deployed,,True,8,geo,2.06639,14.4647,1.71737,0.0766694,-4.43429,down,32.6833,3,0,0,True
DOGEUSDT,2026-07-09,deployed,,True,8,geo,1.45003,10.1502,1.87283,0.0724283,2.05157,,,22,11,0,True
DOGEUSDT,2026-07-11,deployed,,False,8,geo,0.995997,6.97198,1.01262,0.0741388,1.10744,,,37,17,0,True
DOGEUSDT,2026-07-13,deployed,,False,8,geo,0.967268,6.77088,1.04763,0.0727784,-1.37054,down,18.0444,8,3,0,True
DOGEUSDT,2026-07-15,deployed,,False,8,geo,1.35719,9.50036,0.948875,0.0744789,-2.05799,down,229.178,26,10,0,True
DOGEUSDT,2026-07-17,deployed,,False,8,arith,1.51561,10.6093,1.56249,0.0724183,-1.99355,down,159.128,10,4,0,True
DOGEUSDT,2026-07-19,deployed,,True,8,arith,0.839311,5.87517,1.2194,0.0725284,-0.977229,down,110.983,22,9,0,True
DOGEUSDT,2026-07-21,deployed,,True,8,arith,1.4731,10.3117,1.08923,0.0722283,-2.73496,down,85.2,7,2,0,True
DOGEUSDT,2026-07-23,deployed,,True,8,geo,1.3583,9.50812,1.71335,0.0729785,-3.73044,down,15.25,3,0,0,True
DOGEUSDT,2026-07-25,deployed,,False,8,arith,1.40103,9.80719,0.773012,0.0695776,1.26371,up,17.7611,3,3,0,True
DOGEUSDT,2026-07-27,deployed,,False,8,geo,0.815429,5.70801,0.948563,0.0733886,-1.89212,down,23.0833,11,3,0,True
DOGEUSDT,2026-07-29,deployed,,False,8,arith,1.62028,11.3419,1.64655,0.070898,0.225281,,,11,5,0,True
DOGEUSDT,2026-07-31,deployed,,True,8,arith,1.13412,7.93881,1.84596,0.0705879,0.435057,,,19,9,0,True
DOGEUSDT,2026-08-02,deployed,,False,8,geo,1.18596,8.30172,1.73912,0.0691775,2.63429,up,238.111,18,11,0,True
DOGEUSDT,2026-08-04,deployed,,True,8,arith,0.83284,5.82988,0.885277,0.0703078,1.76394,up,190,23,13,0,True
DOGEUSDT,2026-08-06,deployed,,False,8,geo,0.768734,5.38114,1.1124,0.0700877,1.46835,up,141.767,18,11,0,True
DOGEUSDT,2026-08-08,deployed,,False,8,arith,0.720079,5.04055,1.06751,0.0696576,0.558652,up,14.85,3,3,0,True
DOGEUSDT,2026-08-10,deployed,,True,8,arith,1.15582,8.09076,0.937425,0.0692775,2.72086,up,231.683,15,10,0,True
DOGEUSDT,2026-08-12,deployed,,True,8,geo,1.93726,13.5608,0.918481,0.0720182,1.42461,up,189.167,8,5,0,True
DOGEUSDT,2026-08-14,deployed,,True,8,arith,0.792911,5.55038,0.980593,0.0702178,1.25384,up,135.528,10,7,0,True
DOGEUSDT,2026-08-16,deployed,,True,8,geo,0.526815,3.68771,0.773775,0.0696576,0.999405,up,87.0167,12,8,0,True
DOGEUSDT,2026-08-18,deployed,,False,8,geo,0.693013,4.85109,0.797248,0.0704478,0.493778,up,39.1778,5,4,0,True
DOGEUSDT,2026-08-20,deployed,,True,8,geo,1.95758,13.7031,0.943521,0.0748189,0,up,0.1,0,0,0,True
DOGEUSDT,2026-08-22,deployed,,False,8,arith,5.77367,40.4157,4.00602,0.0915032,0.885588,up,4.74444,1,1,543,False
DOGEUSDT,2026-08-24,deployed,,False,8,geo,3.50122,24.5085,1.62148,0.0932936,-6.87863,down,217.75,8,2,543,False
DOGEUSDT,2026-08-26,deployed,,False,8,geo,3.31475,23.2032,2.46787,0.0857117,1.00456,,,8,4,543,False
DOGEUSDT,2026-08-28,deployed,,False,8,arith,2.14105,14.9874,2.77931,0.0891326,-4.65382,down,130.917,9,2,543,False
DOGEUSDT,2026-08-30,deployed,,False,8,geo,0.891657,6.2416,0.835585,0.0852316,-1.99996,down,23.55,10,3,543,False
DOGEUSDT,2026-09-01,skip,lookback incomplete,,,,,,,,,,,,,,
DOGEUSDT,2026-09-03,skip,lookback incomplete,,,,,,,,,,,,,,
DOGEUSDT,2026-09-05,skip,lookback incomplete,,,,,,,,,,,,,,
DOGEUSDT,2026-09-07,skip,lookback incomplete,,,,,,,,,,,,,,
DOGEUSDT,2026-09-09,skip,lookback incomplete,,,,,,,,,,,,,,
DOGEUSDT,2026-09-11,deployed,,False,8,arith,1.83632,12.8542,2.19111,0.082921,-3.02981,down,114.833,10,4,0,True
DOGEUSDT,2026-09-13,deployed,,False,8,geo,0.729042,5.1033,0.594989,0.0846814,-1.65618,down,22.7667,8,2,0,True
DOGEUSDT,2026-09-15,deployed,,False,8,geo,1.97813,13.8469,1.96625,0.0837012,2.88209,up,113.178,10,7,0,True
DOGEUSDT,2026-09-17,deployed,,False,8,arith,2.47626,17.3338,1.13524,0.0809205,2.00454,up,38.4167,3,3,0,True
LTCUSDT,2025-01-01,deployed,,True,8,arith,2.61423,18.2996,2.81263,103.212,3.11719,up,64.5278,13,8,0,True
LTCUSDT,2025-01-03,deployed,,True,8,geo,1.76849,12.3794,2.61187,105.292,1.57104,up,19.3167,3,3,0,True
LTCUSDT,2025-01-05,deployed,,False,8,arith,1.11308,7.79157,0.302373,111.453,0.893897,up,22.75,3,3,0,True
LTCUSDT,2025-01-07,deployed,,False,8,geo,2.7433,19.2031,1.42601,114.124,-5.24341,down,30.8111,8,2,0,True
LTCUSDT,2025-01-09,deployed,,True,8,arith,4.38009,30.6607,3.68997,101.341,7.52432,up,171.128,12,8,0,True
LTCUSDT,2025-01-11,deployed,,True,8,geo,2.79341,19.5538,3.54147,103.942,5.20853,up,119.161,19,11,0,True
LTCUSDT,2025-01-13,deployed,,False,8,geo,2.33924,16.3747,2.3166,102.351,-4.84205,down,11.6944,3,0,0,True
LTCUSDT,2025-01-15,deployed,,False,8,geo,2.01127,14.0789,2.08246,102.251,0.740444,up,20.4444,2,2,0,True
LTCUSDT,2025-01-17,deployed,,True,8,arith,5.95302,41.6711,4.19809,124.176,2.37221,up,5.89444,2,2,0,True
LTCUSDT,2025-01-19,deployed,,False,8,arith,3.31716,23.2202,1.38937,125.786,-5.54926,down,11.6667,2,0,0,True
LTCUSDT,2025-01-21,deployed,,False,8,geo,6.3296,44.3072,4.87193,118.535,6.47792,,,9,5,0,True
LTCUSDT,2025-01-23,deployed,,False,8,arith,2.64334,18.5034,3.3843,115.254,4.57891,up,64.0278,12,8,0,True
LTCUSDT,2025-01-25,deployed,,False,8,geo,4.32844,30.2991,5.10424,118.815,5.39919,up,134.128,13,8,0,True
LTCUSDT,2025-01-27,deployed,,False,8,arith,2.3846,16.6922,4.06167,117.115,-2.63028,down,5.8,1,0,0,True
LTCUSDT,2025-01-29,deployed,,True,8,geo,3.47884,24.3519,4.98125,109.733,5.30299,up,30.1944,6,5,0,True
LTCUSDT,2025-01-31,deployed,,False,8,arith,3.31761,23.2232,4.06593,129.757,0.382915,up,10.5111,2,1,0,True
LTCUSDT,2025-02-02,deployed,,True,8,geo,3.4412,24.0884,2.96698,118.165,-3.53444,down,16.9,2,0,0,True
LTCUSDT,2025-02-04,deployed,,False,8,arith,7.98354,55.8848,6.1089,106.502,8.20394,,,6,4,0,True
LTCUSDT,2025-02-06,deployed,,False,8,arith,4.81903,33.7332,4.39611,102.532,5.91522,up,113.017,8,6,0,True
LTCUSDT,2025-02-08,deployed,,False,8,geo,3.9397,27.5779,3.7902,103.372,3.99264,up,62.6111,4,4,0,True
LTCUSDT,2025-02-10,deployed,,False,8,arith,3.88532,27.1973,4.246,107.303,2.56353,up,14.6111,3,3,0,True
LTCUSDT,2025-02-12,deployed,,False,8,geo,4.49518,31.4663,3.23094,118.725,8.68206,up,229.761,19,11,0,True
LTCUSDT,2025-02-14,deployed,,False,8,geo,4.27991,29.9594,2.8639,126.417,4.44769,,,14,7,0,True
LTCUSDT,2025-02-16,deployed,,False,8,arith,3.51462,24.6023,2.49591,133.908,-5.78298,down,220.267,17,6,0,True
LTCUSDT,2025-02-18,deployed,,False,8,arith,2.82374,19.7662,3.39702,122.446,6.83004,up,85.7611,19,12,0,True
LTCUSDT,2025-02-20,deployed,,False,8,geo,3.84893,26.9425,5.65012,135.128,-7.35438,down,126.994,11,3,0,True
LTCUSDT,2025-02-22,deployed,,True,8,arith,5.04641,35.3249,4.27329,128.607,-10.6659,down,79.6333,3,0,0,True
LTCUSDT,2025-02-24,deployed,,True,8,arith,2.0925,14.6475,4.06361,129.587,-7.03546,down,22.1111,6,1,0,True
LTCUSDT,2025-02-26,deployed,,False,8,geo,5.06582,35.4607,4.95291,114.614,-5.62677,down,160.667,18,7,0,True
LTCUSDT,2025-02-28,deployed,,True,8,geo,4.163,29.141,4.55803,126.517,-7.21953,down,92.7444,10,3,0,True
LTCUSDT,2025-03-02,deployed,,False,8,geo,2.9472,20.6304,4.14481,124.166,-5.00401,down,43.2667,13,5,0,True
LTCUSDT,2025-03-04,deployed,,True,8,arith,5.7525,40.2675,4.63875,110.013,-8.61208,down,16.5333,2,0,0,True
LTCUSDT,2025-03-06,deployed,,False,8,geo,4.3034,30.1238,2.34367,105.072,-7.13873,down,114.978,14,5,0,True
LTCUSDT,2025-03-08,deployed,,False,8,geo,4.88627,34.2039,3.18919,103.372,-10.0619,down,72.5778,4,0,0,True
LTCUSDT,2025-03-10,deployed,,False,8,arith,3.86145,27.0302,3.39177,94.0197,-3.58977,down,17.7944,3,1,0,True
LTCUSDT,2025-03-12,deployed,,False,8,geo,3.82325,26.7628,2.76465,90.509,1.67754,,,6,3,0,True
LTCUSDT,2025-03-14,deployed,,False,8,geo,2.74404,19.2083,1.48086,87.7884,3.45874,,,10,6,0,True
LTCUSDT,2025-03-16,deployed,,False,8,geo,1.1934,8.35382,1.04086,92.5694,-2.04362,down,61.3278,16,6,0,True
LTCUSDT,2025-03-18,deployed,,False,8,arith,1.78658,12.5061,1.92926,92.2193,2.25958,,,18,9,0,True
LTCUSDT,2025-03-20,deployed,,True,8,arith,2.04762,14.3333,2.6247,94.1397,-2.33266,,,17,6,0,True
LTCUSDT,2025-03-22,deployed,,False,8,arith,1.6311,11.4177,2.05585,91.0891,-1.8648,down,158.217,14,6,0,True
LTCUSDT,2025-03-24,deployed,,False,8,geo,0.988267,6.91787,1.64132,91.4092,1.15481,up,19,7,5,0,True
LTCUSDT,2025-03-26,deployed,,True,8,geo,1.38244,9.67708,1.46843,94.6098,-2.46452,down,55.3,15,5,0,True
LTCUSDT,2025-03-28,deployed,,True,8,arith,1.44073,10.0851,1.51066,92.7194,-2.73026,down,7.3,3,0,0,True
LTCUSDT,2025-03-30,deployed,,False,8,geo,1.77278,12.4095,0.644281,85.2379,-3.02697,down,33.65,3,0,0,True
LTCUSDT,2025-04-01,deployed,,False,8,arith,2.0467,14.3269,0.849854,83.2675,-1.06932,down,133.667,20,9,0,True
LTCUSDT,2025-04-03,deployed,,True,8,geo,4.04267,28.2987,1.95134,81.9072,-7.09918,down,91.8667,5,1,0,True
LTCUSDT,2025-04-05,deployed,,False,8,arith,1.81488,12.7042,1.29474,84.1777,-4.49631,down,41.0778,4,0,0,True
LTCUSDT,2025-04-07,deployed,,False,8,geo,5.4409,38.0863,2.49419,70.5148,-4.00517,down,6.4,1,0,0,True
LTCUSDT,2025-04-09,deployed,,False,8,arith,2.96258,20.738,0.83058,69.2645,5.2697,up,86.6,12,8,0,True
LTCUSDT,2025-04-11,deployed,,False,8,arith,1.88351,13.1845,0.952036,73.8355,1.69371,up,38.6,5,4,0,True
LTCUSDT,2025-04-13,deployed,,False,8,arith,1.26269,8.83885,0.428343,78.7365,0.287754,up,18.2167,3,2,0,True
LTCUSDT,2025-04-15,deployed,,False,8,arith,1.62029,11.3421,0.97521,77.4462,-2.5513,down,42.0444,9,3,0,True
LTCUSDT,2025-04-17,deployed,,True,8,geo,3.04932,21.3452,2.54202,74.3656,4.01949,up,141.911,6,5,0,True
LTCUSDT,2025-04-19,deployed,,False,8,arith,1.34034,9.38241,1.81136,76.0259,1.14362,up,48.6333,5,4,0,True
LTCUSDT,2025-04-21,deployed,,False,8,arith,1.30691,9.14835,1.60645,78.2264,0.316279,up,2.46667,2,2,0,True
LTCUSDT,2025-04-23,deployed,,True,8,arith,3.59461,25.1623,2.40229,83.3975,3.14321,up,212.333,10,6,0,True
LTCUSDT,2025-04-25,deployed,,False,8,arith,1.56929,10.9851,0.512436,84.3677,1.17166,up,27.1833,5,4,0,True
LTCUSDT,2025-04-27,deployed,,False,8,geo,1.21407,8.49848,0.460715,87.2183,-1.65402,down,85.7278,26,11,0,True
LTCUSDT,2025-04-29,deployed,,False,8,geo,2.2009,15.4063,1.31175,85.5179,5.15522,up,193.05,24,14,0,True
LTCUSDT,2025-05-01,deployed,,True,8,arith,2.0248,14.1736,1.91153,83.8676,4.09349,up,143.833,14,9,0,True
LTCUSDT,2025-05-03,deployed,,True,8,arith,1.62553,11.3787,1.4909,87.9484,-3.2304,down,68.5778,9,3,0,True
LTCUSDT,2025-05-05,deployed,,True,8,geo,1.68169,11.7718,1.75943,85.1279,-2.2006,down,32.4167,11,4,0,True
LTCUSDT,2025-05-07,deployed,,True,8,arith,4.14162,28.9913,3.02347,91.7292,1.6209,up,55.1778,5,3,0,True
LTCUSDT,2025-05-09,deployed,,False,8,geo,3.63362,25.4353,3.702,94.6999,1.74933,up,24.1944,2,2,0,True
LTCUSDT,2025-05-11,deployed,,False,8,geo,2.92745,20.4921,0.707841,105.282,1.15773,,,32,14,0,True
LTCUSDT,2025-05-13,deployed,,False,8,arith,4.73692,33.1584,2.70703,103.992,0.686976,,,7,3,0,True
LTCUSDT,2025-05-15,deployed,,False,8,geo,2.59923,18.1946,2.22688,100.911,-3.03074,down,131.244,15,6,0,True
LTCUSDT,2025-05-17,deployed,,False,8,arith,1.98454,13.8918,3.0684,99.5909,-2.59486,down,83.3,17,7,0,True
LTCUSDT,2025-05-19,deployed,,True,8,arith,3.53075,24.7152,3.5852,101.261,-1.41653,,,5,2,0,True
LTCUSDT,2025-05-21,deployed,,True,8,geo,2.28931,16.0252,3.19425,94.4898,-2.57096,down,232.65,21,9,0,True
LTCUSDT,2025-05-23,deployed,,False,8,geo,1.91395,13.3976,2.68682,100.121,-3.2249,down,169.05,17,6,0,True
LTCUSDT,2025-05-25,deployed,,False,8,arith,1.34394,9.40759,2.43238,95.49,-1.95942,down,120.978,22,10,0,True
LTCUSDT,2025-05-27,deployed,,True,8,arith,1.553,10.871,2.16808,95.0399,-2.5782,down,81.0833,11,4,0,True
LTCUSDT,2025-05-29,deployed,,True,8,arith,1.79452,12.5616,1.87573,95.35,-3.3765,down,36.3667,7,2,0,True
LTCUSDT,2025-05-31,deployed,,True,8,arith,2.79945,19.5962,1.91537,85.718,-1.36072,down,1.54444,1,0,0,True
LTCUSDT,2025-06-02,deployed,,False,8,arith,1.43681,10.0577,0.47186,88.4485,-2.19928,down,93.0167,23,9,0,True
LTCUSDT,2025-06-04,deployed,,False,8,arith,2.1474,15.0318,1.64371,89.3087,-4.71276,down,45.0278,4,0,0,True
LTCUSDT,2025-06-06,deployed,,True,8,arith,3.62156,25.3509,2.41208,83.4575,3.38777,,,7,4,0,True
LTCUSDT,2025-06-08,deployed,,False,8,geo,0.941133,6.58793,1.10061,88.4886,0.816811,up,47,10,6,0,True
LTCUSDT,2025-06-10,deployed,,True,8,arith,1.78951,12.5266,1.59607,90.669,1.42097,up,40.5833,10,6,0,True
LTCUSDT,2025-06-12,deployed,,True,8,arith,2.4443,17.1101,1.76838,91.4192,-6.10462,down,24.6833,3,0,0,True
LTCUSDT,2025-06-14,deployed,,True,8,arith,2.05389,14.3772,1.84954,86.5582,-3.50174,down,189.511,12,4,0,True
LTCUSDT,2025-06-16,deployed,,False,8,geo,1.53112,10.7178,1.27537,86.2581,-2.66947,down,113.7,12,4,0,True
LTCUSDT,2025-06-18,deployed,,True,8,geo,2.11433,14.8003,2.08458,84.3477,-3.00129,down,93.5111,6,2,0,True
LTCUSDT,2025-06-20,deployed,,False,8,geo,1.14888,8.04214,1.17562,85.0578,-2.69229,down,17.65,6,1,0,True
LTCUSDT,2025-06-22,deployed,,False,8,geo,2.56012,17.9208,1.78177,79.6867,3.79267,,,10,6,0,True
LTCUSDT,2025-06-24,deployed,,True,8,geo,2.3657,16.5599,1.683,85.0678,0.651493,up,142.428,3,2,0,True
LTCUSDT,2025-06-26,deployed,,False,8,geo,1.64955,11.5469,1.42426,84.4677,3.18375,up,173.9,19,11,0,True
LTCUSDT,2025-06-28,deployed,,True,8,geo,1.46803,10.2762,1.14592,84.7878,2.59506,up,125.611,17,10,0,True
LTCUSDT,2025-06-30,deployed,,True,8,geo,1.69692,11.8784,0.990056,88.2085,2.21346,up,80.4667,16,9,0,True
LTCUSDT,2025-07-02,deployed,,False,8,geo,1.04442,7.31096,1.1509,83.1874,3.67357,up,29.5,16,11,0,True
LTCUSDT,2025-07-04,deployed,,True,8,geo,1.69565,11.8695,1.44837,88.8886,2.16223,up,165.367,13,8,0,True
LTCUSDT,2025-07-06,reject,liquidity < $10.0K/24h,,,,,,,,,,,,,,
LTCUSDT,2025-07-08,deployed,,False,8,arith,1.25285,8.76994,1.53927,86.2181,2.08896,up,45.2444,8,6,0,True
LTCUSDT,2025-07-10,deployed,,True,8,geo,2.55238,17.8667,1.96053,90.649,0.963129,up,26.8167,2,2,0,True
LTCUSDT,2025-07-12,deployed,,True,8,arith,3.55227,24.8659,1.72051,94.1998,4.74343,up,147.411,10,7,0,True
LTCUSDT,2025-07-14,deployed,,True,8,arith,2.38179,16.6726,1.80728,94.4198,3.93889,up,87.7778,17,10,0,True
LTCUSDT,2025-07-16,deployed,,True,8,arith,3.32344,23.2641,3.31813,96.3902,2.54204,up,51.8,3,3,0,True
LTCUSDT,2025-07-18,deployed,,True,8,arith,4.02376,28.1663,3.26986,101.421,2.26198,up,9.97778,3,3,0,True
LTCUSDT,2025-07-20,deployed,,True,8,arith,4.87899,34.1529,4.36736,113.634,1.3519,up,17.5611,3,2,0,True
LTCUSDT,2025-07-22,deployed,,False,8,arith,3.11653,21.8157,0.908611,115.544,-2.66196,,,14,6,0,True
LTCUSDT,2025-07-24,deployed,,False,8,arith,4.35117,30.4582,2.71505,112.264,-2.26967,,,3,1,0,True
LTCUSDT,2025-07-26,deployed,,False,8,arith,2.58101,18.0671,3.06051,113.554,3.87386,,,14,8,0,True
LTCUSDT,2025-07-28,deployed,,False,8,arith,2.02623,14.1836,3.21549,115.054,-3.76146,down,96.0611,10,3,0,True
LTCUSDT,2025-07-30,deployed,,True,8,geo,2.50778,17.5544,3.44431,108.263,4.22098,up,134.394,12,8,0,True
LTCUSDT,2025-08-01,deployed,,True,8,geo,2.48288,17.3801,3.3213,105.602,4.79713,up,86.2667,9,7,0,True
LTCUSDT,2025-08-03,deployed,,True,8,arith,2.67954,18.7568,3.19584,106.052,2.71142,up,36.7,4,4,0,True
LTCUSDT,2025-08-05,skip,deploy price outside the band,True,8,arith,2.52509,17.6756,2.78872,,,,,,,,
LTCUSDT,2025-08-07,deployed,,False,8,geo,2.37866,16.6506,0.940688,119.385,4.85622,up,140.361,20,12,0,True
LTCUSDT,2025-08-09,deployed,,False,8,arith,1.97564,13.8294,1.38135,123.866,2.84009,up,92.3611,17,10,0,True
LTCUSDT,2025-08-11,deployed,,False,8,arith,2.95461,20.6823,2.12109,123.836,-0.58562,,,13,5,0,True
LTCUSDT,2025-08-13,deployed,,True,8,arith,4.17455,29.2219,4.09981,130.577,0.0150601,,,8,3,0,True
LTCUSDT,2025-08-15,deployed,,False,8,arith,3.03048,21.2134,3.28817,121.215,-2.64406,down,74.9444,3,1,0,True
LTCUSDT,2025-08-17,deployed,,False,8,arith,1.885,13.195,2.53238,120.975,-0.929671,down,202.2,32,14,0,True
LTCUSDT,2025-08-19,deployed,,True,8,arith,2.17912,15.2538,2.62719,117.725,-1.28809,down,154.7,21,9,0,True
LTCUSDT,2025-08-21,deployed,,False,8,arith,1.97583,13.8308,1.82113,116.504,2.29054,up,44.4667,11,7,0,True
LTCUSDT,2025-08-23,deployed,,False,8,geo,1.86936,13.0855,1.96726,122.846,0.471946,up,42.8833,4,2,0,True
LTCUSDT,2025-08-25,deployed,,True,8,arith,3.27862,22.9503,2.86038,118.375,-5.29417,down,189.983,7,2,0,True
LTCUSDT,2025-08-27,deployed,,False,8,geo,2.01722,14.1206,1.41065,113.944,0.790269,,,11,5,0,True
LTCUSDT,2025-08-29,deployed,,False,8,geo,1.62449,11.3714,1.78426,113.684,-3.27048,down,93.9833,8,2,0,True
LTCUSDT,2025-08-31,deployed,,False,8,geo,1.03444,7.24105,0.965996,110.793,2.57381,up,133.617,31,17,0,True
LTCUSDT,2025-09-02,deployed,,False,8,geo,2.30557,16.139,1.71168,108.753,2.92036,,,6,4,0,True
LTCUSDT,2025-09-04,deployed,,False,8,geo,1.36259,9.53815,1.95983,112.694,1.85927,up,160.461,16,9,0,True
LTCUSDT,2025-09-06,deployed,,True,8,arith,1.32496,9.27473,1.77137,112.094,1.40918,up,112.517,7,5,0,True
LTCUSDT,2025-09-08,deployed,,True,8,arith,1.28973,9.02813,1.61303,115.124,1.98113,up,114.4,22,12,0,True
LTCUSDT,2025-09-10,deployed,,True,8,geo,1.36774,9.57418,1.40662,111.963,2.95024,up,73.25,18,11,0,True
LTCUSDT,2025-09-12,deployed,,True,8,arith,1.70234,11.9164,1.96937,115.744,1.98276,,,25,12,0,True
LTCUSDT,2025-09-14,deployed,,True,8,geo,2.30461,16.1323,1.84998,119.515,-4.83433,down,198.111,12,4,0,True
LTCUSDT,2025-09-16,deployed,,True,8,arith,1.38853,9.71974,1.91032,113.774,-2.74134,down,150.094,20,9,0,True
LTCUSDT,2025-09-18,deployed,,True,8,arith,2.2327,15.6289,2.19102,117.115,-5.35328,down,104.117,8,2,0,True
LTCUSDT,2025-09-20,deployed,,False,8,arith,1.19352,8.35465,2.28817,114.224,-1.66118,down,50.5444,6,2,0,True
LTCUSDT,2025-09-22,deployed,,True,8,arith,1.27008,8.89057,1.86342,114.094,-4.05464,down,6.09444,5,1,0,True
LTCUSDT,2025-09-24,deployed,,False,8,geo,1.58247,11.0773,0.343936,106.242,3.15037,up,187.783,21,12,0,True
LTCUSDT,2025-09-26,deployed,,False,8,geo,2.67697,18.7388,1.90074,102.051,4.61573,up,144.111,7,6,0,True
LTCUSDT,2025-09-28,deployed,,False,8,geo,0.947244,6.63071,0.877548,104.342,1.17072,up,38.3611,11,7,0,True
LTCUSDT,2025-09-30,deployed,,False,8,arith,1.5312,10.7184,1.40512,107.072,1.2658,up,39.1611,7,5,0,True
LTCUSDT,2025-10-02,deployed,,False,8,arith,2.78235,19.4765,1.56817,115.124,0.212806,up,0.566667,1,1,0,True
LTCUSDT,2025-10-04,deployed,,False,8,arith,2.67089,18.6963,0.542052,120.415,2.9671,up,147.544,9,6,0,True
LTCUSDT,2025-10-06,deployed,,False,8,arith,1.64937,11.5456,0.946818,118.925,3.01351,up,96.1333,16,10,0,True
LTCUSDT,2025-10-08,deployed,,False,8,arith,1.90683,13.3478,1.4456,116.895,2.84329,up,48.3778,6,5,0,True
LTCUSDT,2025-10-10,deployed,,False,8,geo,4.62958,32.4071,3.13998,125.956,-26.2075,down,21.3944,7,1,0,True
LTCUSDT,2025-10-12,deployed,,False,8,arith,6.64739,46.5317,3.53631,93.5496,2.24395,,,6,3,0,True
LTCUSDT,2025-10-14,deployed,,False,8,geo,4.47718,31.3402,2.06096,99.911,2.11389,,,13,6,0,True
LTCUSDT,2025-10-16,deployed,,False,8,geo,4.07164,28.5015,4.093,95.25,3.4257,,,10,5,0,True
LTCUSDT,2025-10-18,deployed,,False,8,geo,4.74346,33.2042,4.98299,90.1389,4.00849,,,3,3,0,True
LTCUSDT,2025-10-20,deployed,,False,8,arith,2.61191,18.2834,5.12347,93.1695,4.63362,up,166.133,21,12,0,True
LTCUSDT,2025-10-22,deployed,,True,8,geo,4.47972,31.358,5.83771,92.6294,3.74354,,,9,5,0,True
LTCUSDT,2025-10-24,deployed,,True,8,geo,3.16977,22.1884,5.72585,95.7801,1.79071,up,102.944,3,3,0,True
LTCUSDT,2025-10-26,deployed,,False,8,arith,1.50819,10.5573,2.22201,96.9303,1.9053,up,39.7444,11,7,0,True
LTCUSDT,2025-10-28,deployed,,True,8,geo,3.23007,22.6105,4.57759,99.4709,-1.3175,down,159.983,30,13,0,True
LTCUSDT,2025-10-30,deployed,,False,8,arith,2.51545,17.6081,3.6818,98.7807,-4.88357,down,111.578,25,11,0,True
LTCUSDT,2025-11-01,deployed,,True,8,geo,1.81818,12.7272,2.73348,95.47,2.05215,up,23.75,9,6,0,True
LTCUSDT,2025-11-03,deployed,,True,8,geo,2.1696,15.1872,2.7143,99.7209,-4.66818,down,12.6,4,0,0,True
LTCUSDT,2025-11-05,deployed,,True,8,geo,6.12307,42.8615,5.10001,85.4879,6.3211,up,96.1167,4,4,0,True
LTCUSDT,2025-11-07,deployed,,True,8,geo,5.08915,35.624,5.03767,86.8282,4.30494,up,16.9167,3,3,0,True
LTCUSDT,2025-11-09,deployed,,True,8,arith,4.57921,32.0545,4.96344,106.762,0.905475,,,18,8,0,True
LTCUSDT,2025-11-11,deployed,,False,8,arith,3.83951,26.8766,2.97199,104.572,-4.97699,down,162.7,11,4,0,True
LTCUSDT,2025-11-13,deployed,,True,8,geo,4.3523,30.4661,4.44863,97.8905,-3.26095,down,199.628,23,10,0,True
LTCUSDT,2025-11-15,deployed,,False,8,arith,4.3552,30.4864,6.2454,97.6105,-5.26866,down,155.7,18,7,0,True
LTCUSDT,2025-11-17,deployed,,True,8,arith,4.49546,31.4682,5.31182,96.2602,-8.82257,down,103.617,6,2,0,True
LTCUSDT,2025-11-19,deployed,,False,8,geo,4.38215,30.6751,5.62894,95.38,-7.08657,down,60.4667,10,3,0,True
LTCUSDT,2025-11-21,deployed,,False,8,arith,3.05176,21.3623,4.48325,87.3183,-1.95851,down,11.7,12,5,0,True
LTCUSDT,2025-11-23,deployed,,False,8,geo,2.08097,14.5668,0.658726,82.2172,1.53765,down,204.861,47,22,0,True
LTCUSDT,2025-11-25,deployed,,False,8,arith,3.34794,23.4356,2.40655,85.898,1.89982,,,12,6,0,True
LTCUSDT,2025-11-27,deployed,,False,8,arith,2.97689,20.8382,3.3928,86.9582,-6.34969,down,111.533,8,2,0,True
LTCUSDT,2025-11-29,deployed,,False,8,geo,2.78991,19.5294,4.29783,84.9078,-3.83835,down,52.5833,13,5,0,True
LTCUSDT,2025-12-01,deployed,,True,8,geo,2.74423,19.2096,3.74552,82.3473,-4.09614,down,15.5333,7,2,0,True
LTCUSDT,2025-12-03,deployed,,False,8,geo,2.76433,19.3503,2.43096,83.5175,0.302816,up,5.21667,1,1,0,True
LTCUSDT,2025-12-05,deployed,,True,8,arith,3.45852,24.2096,3.59257,84.3777,-1.11339,,,11,5,0,True
LTCUSDT,2025-12-07,deployed,,False,8,arith,2.64054,18.4838,4.22526,80.7169,3.11642,,,23,11,0,True
LTCUSDT,2025-12-09,deployed,,True,8,arith,3.03854,21.2698,4.02917,84.4877,-4.92743,down,235.717,18,7,0,True
LTCUSDT,2025-12-11,deployed,,True,8,arith,2.56001,17.9201,3.04163,84.4977,-3.70289,down,112.794,15,6,0,True
LTCUSDT,2025-12-13,deployed,,True,8,geo,2.7412,19.1884,3.51813,82.6973,-4.20597,down,137.4,14,5,0,True
LTCUSDT,2025-12-15,deployed,,True,8,arith,1.56198,10.9339,2.67092,78.9566,-1.39997,down,16.7944,9,4,0,True
LTCUSDT,2025-12-17,deployed,,True,8,geo,2.06654,14.4658,2.62272,79.5567,-3.86576,down,43.9333,12,4,0,True
LTCUSDT,2025-12-19,deployed,,True,8,geo,3.58185,25.0729,2.11735,74.4956,2.99846,,,4,3,0,True
LTCUSDT,2025-12-21,deployed,,True,8,arith,4.17599,29.2319,3.07846,80.2668,0.0161507,,,3,1,0,True
LTCUSDT,2025-12-23,deployed,,False,8,arith,2.07533,14.5273,2.50373,77.7963,2.29891,,,11,6,0,True
LTCUSDT,2025-12-25,reject,liquidity < $10.0K/24h,,,,,,,,,,,,,,
LTCUSDT,2025-12-27,deployed,,True,8,geo,1.52029,10.642,2.39559,77.4963,2.57072,up,160.644,19,11,0,True
LTCUSDT,2025-12-29,reject,liquidity < $10.0K/24h,,,,,,,,,,,,,,
LTCUSDT,2025-12-31,reject,liquidity < $10.0K/24h,,,,,,,,,,,,,,
LTCUSDT,2026-01-02,deployed,,True,8,geo,2.33688,16.3582,2.10957,79.9468,1.08668,up,92.9333,2,2,0,True
LTCUSDT,2026-01-04,reject,liquidity < $10.0K/24h,,,,,,,,,,,,,,
LTCUSDT,2026-01-06,reject,liquidity < $10.0K/24h,,,,,,,,,,,,,,
LTCUSDT,2026-01-08,deployed,,True,8,arith,2.65684,18.5979,3.31903,81.6771,-5.21206,down,124.317,3,0,0,True
LTCUSDT,2026-01-10,deployed,,True,8,arith,2.84087,19.8861,3.57376,80.4069,-4.38364,down,135.894,21,9,0,True
LTCUSDT,2026-01-12,deployed,,True,8,geo,3.93453,27.5417,3.24771,80.2468,-6.4484,down,168.128,11,4,0,True
LTCUSDT,2026-01-14,deployed,,True,8,geo,3.65792,25.6054,3.31102,77.8563,-6.49164,down,167.883,14,5,0,True
LTCUSDT,2026-01-16,deployed,,True,8,geo,6.44576,45.1204,4.88396,72.7753,-2.8277,,,3,1,0,True
LTCUSDT,2026-01-18,deployed,,True,8,geo,2.86655,20.0659,3.87174,74.7857,-7.00056,down,71.8833,4,0,0,True
LTCUSDT,2026-01-20,deployed,,False,8,geo,2.17753,15.2427,2.99987,70.8649,-3.47205,down,21.0444,2,0,0,True
LTCUSDT,2026-01-22,deployed,,False,8,geo,4.44689,31.1283,4.33501,68.6344,-6.5746,down,233.644,12,4,0,True
LTCUSDT,2026-01-24,deployed,,False,8,geo,2.70502,18.9352,3.07668,67.9543,-4.30362,down,182.467,21,9,0,True
LTCUSDT,2026-01-26,deployed,,True,8,geo,4.02714,28.19,4.14668,67.2041,-5.78001,down,137.278,11,4,0,True
LTCUSDT,2026-01-28,deployed,,False,8,arith,2.68975,18.8282,3.60277,70.2547,-3.80442,down,80.8,18,7,0,True
LTCUSDT,2026-01-30,deployed,,True,8,geo,4.32024,30.2417,3.44362,66.674,-6.50176,down,41.55,7,2,0,True
LTCUSDT,2026-02-01,deployed,,True,8,geo,6.41118,44.8783,5.35808,59.0524,-12.1563,down,120.261,7,2,0,True
LTCUSDT,2026-02-03,deployed,,False,8,arith,3.81319,26.6923,2.58644,60.3727,-9.23074,down,68.4444,6,1,0,True
LTCUSDT,2026-02-05,deployed,,False,8,geo,3.28145,22.9702,2.83372,59.0624,-5.86762,down,17.4333,5,1,0,True
LTCUSDT,2026-02-07,deployed,,False,8,geo,5.19023,36.3316,3.69475,55.7517,0.0808099,,,2,1,0,True
LTCUSDT,2026-02-09,deployed,,False,8,geo,1.92636,13.4845,1.8193,54.6815,-2.84833,down,63.6167,13,5,0,True
LTCUSDT,2026-02-11,deployed,,False,8,geo,1.78864,12.5204,1.65142,53.3312,5.53878,,,38,20,0,True
LTCUSDT,2026-02-13,deployed,,False,8,arith,3.15442,22.0809,3.17585,53.0211,1.89011,,,8,4,0,True
LTCUSDT,2026-02-15,reject,liquidity < $10.0K/24h,,,,,,,,,,,,,,
LTCUSDT,2026-02-17,reject,liquidity < $10.0K/24h,,,,,,,,,,,,,,
LTCUSDT,2026-02-19,reject,liquidity < $10.0K/24h,,,,,,,,,,,,,,
LTCUSDT,2026-02-21,deployed,,True,8,arith,1.94035,13.5824,2.00471,55.2616,2.69682,up,110.95,20,11,0,True
LTCUSDT,2026-02-23,reject,liquidity < $10.0K/24h,,,,,,,,,,,,,,
LTCUSDT,2026-02-25,deployed,,True,8,arith,2.4969,17.4783,1.72381,51.1707,2.59598,up,14.6,4,4,0,True
LTCUSDT,2026-02-27,reject,liquidity < $10.0K/24h,,,,,,,,,,,,,,
LTCUSDT,2026-03-01,deployed,,False,8,geo,3.25745,22.8022,2.07292,54.5014,2.85263,,,16,8,0,True
LTCUSDT,2026-03-03,deployed,,False,8,geo,1.96305,13.7414,2.03459,54.5914,4.95706,,,38,19,0,True
LTCUSDT,2026-03-05,deployed,,False,8,arith,1.85604,12.9922,1.65877,56.9019,6.05508,,,62,30,0,True
LTCUSDT,2026-03-07,reject,liquidity < $10.0K/24h,,,,,,,,,,,,,,
LTCUSDT,2026-03-09,deployed,,True,8,geo,1.98721,13.9105,1.89031,52.601,6.74489,up,173.983,36,20,0,True
LTCUSDT,2026-03-11,deployed,,True,8,geo,2.39421,16.7595,2.17806,53.8213,4.23184,up,138.978,16,10,0,True
LTCUSDT,2026-03-13,reject,liquidity < $10.0K/24h,,,,,,,,,,,,,,
LTCUSDT,2026-03-15,deployed,,False,8,geo,0.791364,5.53955,1.23364,54.8815,1.12445,up,27.6833,6,5,0,True
LTCUSDT,2026-03-17,deployed,,False,8,geo,1.53682,10.7577,1.76298,58.6223,0,up,2.36639,0,0,0,True
LTCUSDT,2026-03-19,deployed,,False,8,arith,1.6396,11.4772,0.947633,56.0318,-2.99269,down,72.0333,3,1,0,True
LTCUSDT,2026-03-21,reject,liquidity < $10.0K/24h,,,,,,,,,,,,,,
LTCUSDT,2026-03-23,deployed,,True,8,arith,1.83912,12.8738,1.46295,53.7313,7.43422,,,57,29,0,True
LTCUSDT,2026-03-25,deployed,,False,8,arith,1.30765,9.15352,1.11821,56.3918,-0.703213,down,118.794,41,18,0,True
LTCUSDT,2026-03-27,deployed,,True,8,geo,1.85398,12.9778,1.47703,54.5414,2.46606,down,147.794,46,22,0,True
LTCUSDT,2026-03-29,reject,liquidity < $10.0K/24h,,,,,,,,,,,,,,
LTCUSDT,2026-03-31,deployed,,True,8,geo,3.16538,22.1577,1.61369,53.1511,3.62639,,,13,7,0,True
LTCUSDT,2026-04-02,deployed,,True,8,geo,3.91648,27.4154,2.21278,54.7315,2.14057,,,8,4,0,True
LTCUSDT,2026-04-04,deployed,,True,8,arith,1.52758,10.6931,1.5617,53.4312,1.6092,up,95.5778,12,7,0,True
LTCUSDT,2026-04-06,deployed,,True,8,geo,1.77402,12.4181,2.05651,54.2214,2.80957,,,22,11,0,True
LTCUSDT,2026-04-08,deployed,,True,8,geo,1.97832,13.8482,2.14298,55.3716,2.74555,,,19,10,0,True
LTCUSDT,2026-04-10,reject,liquidity < $10.0K/24h,,,,,,,,,,,,,,
LTCUSDT,2026-04-12,deployed,,False,8,geo,1.80792,12.6554,1.63985,54.9615,2.37697,,,16,8,0,True
LTCUSDT,2026-04-14,deployed,,True,8,geo,1.77377,12.4164,1.49841,54.8315,1.23412,up,85.7444,6,4,0,True
LTCUSDT,2026-04-16,reject,liquidity < $10.0K/24h,,,,,,,,,,,,,,
LTCUSDT,2026-04-18,deployed,,True,8,geo,1.62374,11.3662,1.38724,56.4818,1.33222,,,19,9,0,True
LTCUSDT,2026-04-20,reject,liquidity < $10.0K/24h,,,,,,,,,,,,,,
LTCUSDT,2026-04-22,reject,liquidity < $10.0K/24h,,,,,,,,,,,,,,
LTCUSDT,2026-04-24,reject,liquidity < $10.0K/24h,,,,,,,,,,,,,,
LTCUSDT,2026-04-26,reject,liquidity < $10.0K/24h,,,,,,,,,,,,,,
LTCUSDT,2026-04-28,deployed,,True,8,geo,0.94013,6.58091,1.02281,55.6217,2.83939,up,202.583,32,18,0,True
LTCUSDT,2026-04-30,reject,liquidity < $10.0K/24h,,,,,,,,,,,,,,
LTCUSDT,2026-05-02,reject,liquidity < $10.0K/24h,,,,,,,,,,,,,,
LTCUSDT,2026-05-04,deployed,,True,8,arith,0.69157,4.84099,0.695869,55.6117,0.893936,up,51.6833,13,8,0,True
LTCUSDT,2026-05-06,deployed,,True,8,arith,1.51209,10.5846,0.762956,56.5519,0.795224,up,65.85,4,3,0,True
LTCUSDT,2026-05-08,deployed,,True,8,geo,1.49653,10.4757,1.09125,56.4518,1.91571,up,66.4833,6,5,0,True
LTCUSDT,2026-05-10,deployed,,False,8,geo,0.776775,5.43742,0.204204,58.0822,0.770196,up,18.1611,4,4,0,True
LTCUSDT,2026-05-12,deployed,,True,8,geo,1.78492,12.4944,0.826744,58.4623,-4.30142,down,143.717,7,2,0,True
LTCUSDT,2026-05-14,deployed,,False,8,arith,1.00027,7.00192,1.08586,57.092,-0.839112,down,57.4333,14,6,0,True
LTCUSDT,2026-05-16,deployed,,False,8,arith,0.90616,6.34312,1.25747,57.432,-2.73993,down,47.2944,3,0,0,True
LTCUSDT,2026-05-18,deployed,,True,8,geo,1.49425,10.4597,1.06199,54.6315,-2.31604,down,115.594,2,0,0,True
LTCUSDT,2026-05-20,deployed,,False,8,arith,0.848491,5.93943,0.135284,54.3914,-2.42173,down,79.85,18,7,0,True
LTCUSDT,2026-05-22,deployed,,False,8,arith,0.945865,6.62105,0.359441,54.1514,-2.46597,down,31.8667,9,3,0,True
LTCUSDT,2026-05-24,deployed,,False,8,arith,1.12329,7.86305,0.618673,53.3312,-2.48236,down,99.95,8,2,0,True
LTCUSDT,2026-05-26,deployed,,False,8,geo,0.915838,6.41086,0.643079,52.7011,-1.85664,down,51.95,9,3,0,True
LTCUSDT,2026-05-28,reject,liquidity < $10.0K/24h,,,,,,,,,,,,,,
LTCUSDT,2026-05-30,deployed,,False,8,arith,1.1484,8.03877,0.713746,51.9309,-2.48677,down,77.1167,10,3,0,True
LTCUSDT,2026-06-01,reject,liquidity < $10.0K/24h,,,,,,,,,,,,,,
LTCUSDT,2026-06-03,deployed,,True,8,geo,3.07918,21.5542,1.4326,46.9799,-3.07117,down,26.1333,3,1,0,True
LTCUSDT,2026-06-05,deployed,,False,8,arith,3.07082,21.4957,1.74624,45.5496,-5.27608,down,28.3833,3,0,0,True
LTCUSDT,2026-06-07,deployed,,False,8,arith,2.95451,20.6816,1.28296,41.4187,4.89019,,,5,4,0,True
LTCUSDT,2026-06-09,deployed,,False,8,geo,1.54403,10.8082,0.772197,43.1791,1.82229,up,141.383,14,8,0,True
LTCUSDT,2026-06-11,deployed,,False,8,arith,1.51822,10.6275,1.13087,41.7388,2.75523,up,93.6278,7,6,0,True
LTCUSDT,2026-06-13,deployed,,False,8,arith,0.95059,6.65413,1.24404,43.029,0.540274,up,21.7778,3,3,0,True
LTCUSDT,2026-06-15,deployed,,False,8,geo,1.33297,9.33077,1.44549,45.2995,0.376558,up,13.3611,3,2,0,True
LTCUSDT,2026-06-17,deployed,,False,8,geo,1.46678,10.2675,0.319895,45.7496,-2.99444,down,39.7611,6,1,0,True
LTCUSDT,2026-06-19,deployed,,False,8,geo,1.19316,8.35209,0.64334,43.8492,-1.01917,down,111.011,16,7,0,True
LTCUSDT,2026-06-21,deployed,,False,8,geo,0.992287,6.94601,0.926177,44.4793,0.481946,up,15.5167,2,2,0,True
LTCUSDT,2026-06-23,deployed,,True,8,arith,1.23396,8.63774,1.21359,44.6294,-3.02745,down,15.0111,3,0,0,True
LTCUSDT,2026-06-25,deployed,,True,8,geo,2.43447,17.0413,1.64567,41.1786,4.50394,,,12,8,0,True
LTCUSDT,2026-06-27,deployed,,False,8,geo,1.35549,9.48842,0.641279,41.9888,0.883318,up,36.0167,6,4,0,True
LTCUSDT,2026-06-29,deployed,,True,8,geo,1.9095,13.3665,1.40893,42.6389,2.26894,up,116.9,9,6,0,True
LTCUSDT,2026-07-01,deployed,,False,8,geo,1.03418,7.23927,0.921638,41.9288,2.74668,up,66.6833,19,12,0,True
LTCUSDT,2026-07-03,deployed,,False,8,geo,1.17606,8.2324,1.30162,43.5491,0.422901,up,20.3944,2,2,0,True
LTCUSDT,2026-07-05,deployed,,False,8,arith,1.17813,8.24689,0.494969,44.9094,0.650885,up,22.5944,4,3,0,True
LTCUSDT,2026-07-07,deployed,,True,8,geo,2.01587,14.1111,1.69609,44.8694,1.11042,,,8,4,0,True
LTCUSDT,2026-07-09,deployed,,False,8,arith,0.914192,6.39934,1.04398,43.5191,1.38855,up,63.2778,6,5,0,True
LTCUSDT,2026-07-11,deployed,,False,8,arith,0.801842,5.6129,1.03516,44.7594,0.281594,up,21.15,2,2,0,True
LTCUSDT,2026-07-13,reject,liquidity < $10.0K/24h,,,,,,,,,,,,,,
LTCUSDT,2026-07-15,deployed,,True,8,geo,1.12036,7.84251,1.05646,45.4395,0.141761,up,9.35,2,1,0,True
LTCUSDT,2026-07-17,deployed,,True,8,geo,1.12321,7.86245,0.666216,45.0094,1.77785,up,40.9333,12,8,0,True
LTCUSDT,2026-07-19,deployed,,True,8,geo,1.61574,11.3102,0.834049,47.0299,0.236093,up,62.15,1,1,0,True
LTCUSDT,2026-07-21,deployed,,False,8,arith,1.39045,9.73318,0.516547,47.3999,-2.45258,down,212.117,12,4,0,True
LTCUSDT,2026-07-23,deployed,,False,8,arith,0.993123,6.95186,0.525125,47.0299,-1.53018,down,148.067,19,8,0,True
LTCUSDT,2026-07-25,deployed,,False,8,geo,0.653114,4.5718,0.694193,46.2397,1.49421,up,40.6,9,7,0,True
LTCUSDT,2026-07-27,deployed,,True,8,arith,1.42024,9.94166,1.34211,47.9,-3.34545,down,133.394,10,2,0,True
LTCUSDT,2026-07-29,deployed,,True,8,arith,0.77097,5.39679,0.968023,46.0997,-1.33227,down,4.16667,4,1,0,True
LTCUSDT,2026-07-31,deployed,,False,8,arith,0.785143,5.496,0.408091,45.7696,-2.059,down,41.0167,5,0,0,True
LTCUSDT,2026-08-02,reject,liquidity < $10.0K/24h,,,,,,,,,,,,,,
LTCUSDT,2026-08-04,deployed,,False,8,geo,0.700653,4.90457,0.347213,44.3093,1.26821,up,63.95,10,7,0,True
LTCUSDT,2026-08-06,deployed,,False,8,geo,0.848736,5.94116,0.666386,45.3695,0.646973,up,80.0278,8,5,0,True
LTCUSDT,2026-08-08,deployed,,True,8,arith,0.710769,4.97538,0.54526,45.6196,-1.6103,down,158,10,3,0,True
LTCUSDT,2026-08-10,reject,liquidity < $10.0K/24h,,,,,,,,,,,,,,
LTCUSDT,2026-08-12,deployed,,False,8,arith,0.452689,3.16882,0.318775,45.4895,-1.04513,down,56.15,10,3,0,True
LTCUSDT,2026-08-14,deployed,,False,8,arith,0.465568,3.25898,0.414714,44.7394,-0.896668,down,14.1,2,0,0,True
LTCUSDT,2026-08-16,deployed,,False,8,arith,0.301138,2.10797,0.0364285,44.1393,0.283619,up,15.5,5,4,0,True
LTCUSDT,2026-08-18,deployed,,False,8,arith,0.410592,2.87414,0.151014,44.5793,0.42225,up,33.1,12,7,0,True
LTCUSDT,2026-08-20,skip,deploy price outside the band,True,8,arith,1.39341,9.75389,0.822628,,,,,,,,
LTCUSDT,2026-08-22,deployed,,False,8,geo,4.00449,28.0314,1.425,53.0211,0.445174,up,3.5,1,1,543,False
LTCUSDT,2026-08-24,deployed,,False,8,arith,1.97105,13.7973,0.726069,52.311,-3.64027,down,112.1,12,4,543,False
LTCUSDT,2026-08-26,deployed,,False,8,geo,2.51716,17.6202,1.56641,49.9005,1.70833,,,5,3,543,False
LTCUSDT,2026-08-28,deployed,,False,8,geo,1.39602,9.77216,1.60238,49.9305,-2.37464,down,71.8611,11,4,543,False
LTCUSDT,2026-08-30,deployed,,False,8,arith,0.587475,4.11233,0.363824,48.9403,0.691899,up,15.7611,4,4,543,False
LTCUSDT,2026-09-01,skip,lookback incomplete,,,,,,,,,,,,,,
LTCUSDT,2026-09-03,skip,lookback incomplete,,,,,,,,,,,,,,
LTCUSDT,2026-09-05,skip,lookback incomplete,,,,,,,,,,,,,,
LTCUSDT,2026-09-07,skip,lookback incomplete,,,,,,,,,,,,,,
LTCUSDT,2026-09-09,skip,lookback incomplete,,,,,,,,,,,,,,
LTCUSDT,2026-09-11,deployed,,False,8,geo,1.11936,7.8355,0.770082,52.0309,2.91113,up,66.8944,15,10,0,True
LTCUSDT,2026-09-13,deployed,,False,8,arith,0.670823,4.69576,0.740883,53.6813,0.827572,up,17.25,9,6,0,True
LTCUSDT,2026-09-15,deployed,,False,8,geo,1.65181,11.5627,1.7703,53.1511,-3.11,down,25.9278,3,0,0,True
LTCUSDT,2026-09-17,deployed,,True,8,geo,2.16235,15.1365,1.57053,51.7409,1.60248,up,32.1111,3,3,0,True
LINKUSDT,2025-01-01,deployed,,False,8,arith,3.03636,21.2545,2.27379,19.9864,4.56588,up,36.2333,5,5,0,True
LINKUSDT,2025-01-03,deployed,,False,8,geo,2.49,17.43,1.92735,22.057,1.77947,up,16.9278,3,3,0,True
LINKUSDT,2025-01-05,deployed,,False,8,arith,2.56059,17.9242,1.71344,23.6075,-5.14785,down,75.1278,10,3,0,True
LINKUSDT,2025-01-07,deployed,,False,8,arith,2.9508,20.6556,1.87575,23.8076,-6.57132,down,27.8667,4,0,0,True
LINKUSDT,2025-01-09,deployed,,True,8,geo,4.01013,28.0709,3.74171,20.4665,-5.81626,down,106.833,5,1,0,True
LINKUSDT,2025-01-11,deployed,,False,8,arith,2.81499,19.7049,1.75947,20.3065,4.31425,up,119.711,15,9,0,True
LINKUSDT,2025-01-13,deployed,,False,8,arith,1.80742,12.6519,1.06497,19.8463,-3.22305,down,9.43333,5,1,0,True
LINKUSDT,2025-01-15,deployed,,False,8,arith,2.38569,16.6998,1.89317,20.3265,1.00122,up,13.9,4,3,0,True
LINKUSDT,2025-01-17,deployed,,True,8,geo,4.57131,31.9992,3.60087,22.9873,1.68042,up,22.6611,2,2,0,True
LINKUSDT,2025-01-19,deployed,,False,8,arith,4.14338,29.0037,1.38756,24.1677,5.48624,,,34,16,0,True
LINKUSDT,2025-01-21,deployed,,False,8,arith,6.34085,44.3859,4.17509,24.958,2.99703,,,9,4,0,True
LINKUSDT,2025-01-23,deployed,,False,8,arith,2.53136,17.7195,2.93781,25.3081,-2.25152,down,101.717,19,8,0,True
LINKUSDT,2025-01-25,deployed,,False,8,geo,3.10362,21.7253,4.44036,25.168,-6.06027,down,56.2,5,1,0,True
LINKUSDT,2025-01-27,deployed,,False,8,geo,3.70656,25.9459,5.92795,24.9279,-5.19991,down,160.578,13,5,0,True
LINKUSDT,2025-01-29,deployed,,False,8,arith,3.70468,25.9327,5.9535,22.6572,-3.33716,down,113.994,14,6,0,True
LINKUSDT,2025-01-31,deployed,,False,8,geo,2.61695,18.3187,4.15216,24.5378,-4.60718,down,64.6333,14,5,0,True
LINKUSDT,2025-02-02,deployed,,True,8,geo,3.92128,27.449,4.53075,23.0273,-4.72802,down,17,2,0,0,True
LINKUSDT,2025-02-04,deployed,,False,8,geo,7.51862,52.6304,5.2568,21.5969,-3.57688,,,5,2,0,True
LINKUSDT,2025-02-06,deployed,,False,8,geo,4.06531,28.4571,2.69803,19.1661,4.19801,,,18,9,0,True
LINKUSDT,2025-02-08,deployed,,False,8,arith,3.35133,23.4593,3.33005,18.3759,5.77497,,,19,10,0,True
LINKUSDT,2025-02-10,deployed,,False,8,arith,4.81744,33.7221,4.07468,18.2858,3.32495,,,14,7,0,True
LINKUSDT,2025-02-12,deployed,,False,8,arith,3.46642,24.265,4.72012,18.6359,-0.212142,,,16,7,0,True
LINKUSDT,2025-02-14,deployed,,False,8,geo,2.85661,19.9963,4.02885,18.5659,0.0921163,,,15,6,0,True
LINKUSDT,2025-02-16,deployed,,True,8,geo,1.81744,12.7221,3.37028,18.976,-2.24021,down,56.8833,13,5,0,True
LINKUSDT,2025-02-18,deployed,,True,8,arith,3.21933,22.5353,3.90035,19.0761,-5.62446,down,148.083,10,3,0,True
LINKUSDT,2025-02-20,deployed,,True,8,geo,2.66281,18.6397,3.39395,17.9757,-4.53259,down,111.044,12,4,0,True
LINKUSDT,2025-02-22,deployed,,True,8,arith,3.76131,26.3292,3.23961,17.4156,-7.003,down,70.1278,4,1,0,True
LINKUSDT,2025-02-24,deployed,,False,8,arith,2.1299,14.9093,2.04948,17.6456,-5.22397,down,14.9667,3,0,0,True
LINKUSDT,2025-02-26,deployed,,False,8,geo,5.2656,36.8592,2.04318,15.3349,8.56389,,,21,11,0,True
LINKUSDT,2025-02-28,deployed,,False,8,geo,2.91924,20.4347,1.30914,15.0948,-5.51211,down,4.15,3,0,0,True
LINKUSDT,2025-03-02,deployed,,False,8,arith,2.498,17.486,1.91279,14.7647,2.08022,up,16.6,5,4,0,True
LINKUSDT,2025-03-04,deployed,,False,8,geo,6.36466,44.5526,5.00904,14.4446,-4.0957,down,168.467,12,5,0,True
LINKUSDT,2025-03-06,deployed,,False,8,arith,3.78877,26.5214,4.75747,16.4352,0.318063,up,1.86111,1,1,0,True
LINKUSDT,2025-03-08,deployed,,False,8,geo,6.1371,42.9597,4.13975,15.9551,-10.1494,down,64.7611,3,0,0,True
LINKUSDT,2025-03-10,deployed,,False,8,geo,3.57108,24.9976,5.1513,13.7544,-1.79364,down,14.3944,3,1,0,True
LINKUSDT,2025-03-12,deployed,,False,8,arith,4.83387,33.8371,3.38405,13.1242,5.64104,,,12,7,0,True
LINKUSDT,2025-03-14,deployed,,False,8,geo,3.28999,23.0299,2.74337,13.0642,5.85081,up,141.233,16,10,0,True
LINKUSDT,2025-03-16,deployed,,False,8,arith,1.52637,10.6846,1.16538,14.0345,-2.94722,down,23.1611,8,2,0,True
LINKUSDT,2025-03-18,deployed,,False,8,geo,2.44072,17.0851,2.71836,14.0345,2.13719,up,47.5278,8,5,0,True
LINKUSDT,2025-03-20,deployed,,True,8,geo,3.26394,22.8476,4.23101,14.9948,1.27287,up,140.233,5,3,0,True
LINKUSDT,2025-03-22,reject,liquidity < $10.0K/24h,,,,,,,,,,,,,,
LINKUSDT,2025-03-24,reject,liquidity < $10.0K/24h,,,,,,,,,,,,,,
LINKUSDT,2025-03-26,deployed,,False,8,arith,1.84961,12.9473,0.578116,15.4449,-3.19386,down,63.9944,16,6,0,True
LINKUSDT,2025-03-28,deployed,,False,8,arith,2.03151,14.2206,0.877661,15.4949,-4.25228,down,8.55,3,0,0,True
LINKUSDT,2025-03-30,deployed,,False,8,arith,2.20917,15.4642,1.528,13.5243,-2.23187,down,33.7,3,1,0,True
LINKUSDT,2025-04-01,deployed,,False,8,geo,2.35689,16.4982,1.14597,13.5543,-3.49859,down,61.0833,14,5,0,True
LINKUSDT,2025-04-03,deployed,,True,8,arith,5.21881,36.5317,2.50403,12.9541,-8.63425,down,94.8833,2,0,0,True
LINKUSDT,2025-04-05,deployed,,False,8,geo,2.98896,20.9227,1.48017,12.9241,-6.43505,down,43.8833,4,0,0,True
LINKUSDT,2025-04-07,deployed,,False,8,geo,4.88565,34.1996,3.07764,11.2436,-4.83535,down,6.69444,1,0,0,True
LINKUSDT,2025-04-09,deployed,,False,8,arith,4.10054,28.7038,1.95158,10.8635,6.7858,up,85.8333,7,6,0,True
LINKUSDT,2025-04-11,deployed,,False,8,arith,2.56467,17.9527,2.05276,12.0839,2.54685,up,38.4944,5,4,0,True
LINKUSDT,2025-04-13,reject,liquidity < $10.0K/24h,,,,,,,,,,,,,,
LINKUSDT,2025-04-15,deployed,,False,8,geo,2.45248,17.1674,1.52839,12.604,4.74356,up,183.267,14,9,0,True
LINKUSDT,2025-04-17,reject,liquidity < $10.0K/24h,,,,,,,,,,,,,,
LINKUSDT,2025-04-19,deployed,,False,8,arith,0.707906,4.95534,1.186,12.544,0.751949,up,9.28333,4,4,0,True
LINKUSDT,2025-04-21,deployed,,False,8,arith,1.80841,12.6589,2.00702,13.2842,1.34693,up,39.0611,8,5,0,True
LINKUSDT,2025-04-23,deployed,,True,8,arith,2.53232,17.7262,1.9978,14.1245,0.615724,up,5.05,2,2,0,True
LINKUSDT,2025-04-25,deployed,,False,8,geo,2.58438,18.0906,0.623067,15.0148,-1.93414,,,15,6,0,True
LINKUSDT,2025-04-27,deployed,,False,8,arith,1.25138,8.75969,0.694084,14.8647,-2.50729,down,25.6944,5,1,0,True
LINKUSDT,2025-04-29,deployed,,False,8,arith,2.40185,16.813,1.60547,15.0248,-4.66379,down,170.433,12,4,0,True
LINKUSDT,2025-05-01,deployed,,True,8,arith,2.16561,15.1592,2.08072,14.3346,-2.94922,down,111.817,8,3,0,True
LINKUSDT,2025-05-03,deployed,,True,8,arith,1.88075,13.1652,2.69053,14.5947,-3.51535,down,50.2333,3,0,0,True
LINKUSDT,2025-05-05,deployed,,False,8,arith,1.50477,10.5334,1.67412,13.8444,-1.61847,down,26.1778,4,1,0,True
LINKUSDT,2025-05-07,deployed,,False,8,geo,2.3203,16.2421,1.3256,13.8144,1.80945,up,32.1167,5,4,0,True
LINKUSDT,2025-05-09,skip,deploy price outside the band,True,8,arith,3.19241,22.3469,1.8647,,,,,,,,
LINKUSDT,2025-05-11,deployed,,False,8,arith,3.13473,21.9431,1.61624,17.3555,2.15336,,,28,12,0,True
LINKUSDT,2025-05-13,deployed,,False,8,geo,4.0116,28.0812,1.70388,16.7653,3.53719,,,14,7,0,True
LINKUSDT,2025-05-15,deployed,,False,8,geo,2.47858,17.35,2.00092,17.0154,-4.55634,down,49.1667,8,2,0,True
LINKUSDT,2025-05-17,deployed,,False,8,geo,3.15727,22.1009,3.37074,15.745,3.54336,,,23,11,0,True
LINKUSDT,2025-05-19,deployed,,True,8,geo,4.31578,30.2104,4.47608,15.8751,2.77313,,,12,6,0,True
LINKUSDT,2025-05-21,deployed,,True,8,geo,2.91854,20.4298,3.31249,15.655,-4.25639,down,232.628,16,6,0,True
LINKUSDT,2025-05-23,deployed,,True,8,arith,1.91027,13.3719,2.84108,16.7553,-3.73732,down,56.9278,15,5,0,True
LINKUSDT,2025-05-25,deployed,,False,8,geo,1.81166,12.6816,3.11396,15.3449,-3.79331,down,120.994,18,8,0,True
LINKUSDT,2025-05-27,deployed,,True,8,geo,2.26738,15.8716,2.73534,15.4549,-3.71016,down,88.4167,12,4,0,True
LINKUSDT,2025-05-29,deployed,,False,8,arith,2.43743,17.062,2.87861,15.645,-4.3775,down,30.8778,5,1,0,True
LINKUSDT,2025-05-31,deployed,,True,8,geo,2.55602,17.8921,2.10956,13.9044,-1.32752,down,1.65,1,0,0,True
LINKUSDT,2025-06-02,deployed,,False,8,arith,1.31624,9.21368,0.372438,14.0645,-2.07517,down,91.9278,19,7,0,True
LINKUSDT,2025-06-04,reject,liquidity < $10.0K/24h,,,,,,,,,,,,,,
LINKUSDT,2025-06-06,deployed,,False,8,geo,3.49782,24.4847,1.40534,12.9241,7.01827,up,134.644,5,5,0,True
LINKUSDT,2025-06-08,deployed,,False,8,geo,0.935546,6.54882,0.842016,13.8444,0.719886,up,40.4667,10,6,0,True
LINKUSDT,2025-06-10,deployed,,True,8,arith,1.42951,10.0066,1.30229,14.3246,0.133523,up,1.4,1,1,0,True
LINKUSDT,2025-06-12,deployed,,False,8,arith,2.77915,19.454,0.921625,14.8947,-5.29971,down,24.2778,5,1,0,True
LINKUSDT,2025-06-14,deployed,,False,8,arith,2.22022,15.5415,1.62261,13.4143,-3.84739,down,161.428,11,4,0,True
LINKUSDT,2025-06-16,reject,liquidity < $10.0K/24h,,,,,,,,,,,,,,
LINKUSDT,2025-06-18,deployed,,False,8,geo,1.70257,11.918,1.13081,13.0041,-1.57509,down,10.9944,3,1,0,True
LINKUSDT,2025-06-20,deployed,,False,8,geo,0.999454,6.99618,0.677833,13.0542,-2.88076,down,17.4278,8,2,0,True
LINKUSDT,2025-06-22,deployed,,False,8,geo,3.07637,21.5346,1.45284,12.0038,-4.23288,down,19.7944,2,0,0,True
LINKUSDT,2025-06-24,deployed,,False,8,geo,3.86937,27.0856,1.62189,12.8441,0.545027,up,16.2667,1,1,0,True
LINKUSDT,2025-06-26,deployed,,False,8,geo,1.64666,11.5266,1.07152,13.1342,3.16532,,,28,14,0,True
LINKUSDT,2025-06-28,deployed,,False,8,geo,2.00321,14.0224,1.32472,13.0442,3.11353,,,17,9,0,True
LINKUSDT,2025-06-30,deployed,,False,8,geo,1.83719,12.8603,0.979508,13.7344,2.41475,up,223.617,18,10,0,True
LINKUSDT,2025-07-02,deployed,,False,8,geo,1.07051,7.49355,1.12343,12.8441,2.91752,up,20.0667,6,6,0,True
LINKUSDT,2025-07-04,deployed,,True,8,geo,1.29705,9.07938,0.922086,13.6844,-3.01802,down,16.4,4,0,0,True
LINKUSDT,2025-07-06,deployed,,False,8,arith,0.591913,4.14339,0.606142,13.2142,0.519344,up,15.5944,5,4,0,True
LINKUSDT,2025-07-08,deployed,,False,8,arith,1.64448,11.5114,1.25416,13.4443,1.67127,up,31.6278,5,4,0,True
LINKUSDT,2025-07-10,deployed,,False,8,arith,1.78409,12.4886,0.883642,14.2745,0.617018,up,21.1167,2,2,0,True
LINKUSDT,2025-07-12,deployed,,False,8,arith,3.33149,23.3204,0.678245,15.2849,3.61212,up,114.767,7,5,0,True
LINKUSDT,2025-07-14,deployed,,False,8,geo,2.32599,16.2819,0.661824,15.685,1.90868,up,57.5444,8,5,0,True
LINKUSDT,2025-07-16,deployed,,False,8,arith,3.38364,23.6855,1.34047,16.0951,2.30968,up,46.7778,3,3,0,True
LINKUSDT,2025-07-18,deployed,,True,8,arith,4.36944,30.5861,2.16157,17.9957,1.81721,up,57.5944,4,3,0,True
LINKUSDT,2025-07-20,deployed,,False,8,arith,2.45364,17.1755,0.899479,18.3859,1.56544,up,15.8667,3,3,0,True
LINKUSDT,2025-07-22,deployed,,False,8,arith,3.10269,21.7188,1.27382,19.5362,0.0300331,down,55.1167,42,19,0,True
LINKUSDT,2025-07-24,deployed,,False,8,geo,4.11334,28.7934,3.83102,18.1558,-4.09873,down,200.5,10,4,0,True
LINKUSDT,2025-07-26,deployed,,False,8,arith,2.88306,20.1814,3.6821,18.2358,-5.10027,down,164.35,12,4,0,True
LINKUSDT,2025-07-28,deployed,,True,8,geo,1.99342,13.954,3.7529,19.2161,-4.54011,down,59.9167,9,2,0,True
LINKUSDT,2025-07-30,deployed,,True,8,geo,2.46121,17.2284,3.54961,17.7957,-3.68043,down,48.85,9,3,0,True
LINKUSDT,2025-08-01,deployed,,False,8,geo,2.60407,18.2285,3.12743,16.9254,-3.8538,down,22.45,4,1,0,True
LINKUSDT,2025-08-03,deployed,,False,8,geo,2.84041,19.8829,1.29961,15.655,4.73087,up,109.461,7,6,0,True
LINKUSDT,2025-08-05,deployed,,False,8,geo,1.47341,10.3139,0.659774,17.1355,0.928625,up,59.0167,10,5,0,True
LINKUSDT,2025-08-07,deployed,,False,8,arith,1.48312,10.3818,1.20041,16.7053,0.891574,up,11.4667,3,3,0,True
LINKUSDT,2025-08-09,deployed,,False,8,arith,2.76725,19.3708,0.970646,19.9163,0.17003,up,1.92778,1,1,0,True
LINKUSDT,2025-08-11,deployed,,False,8,geo,3.32804,23.2963,0.796398,22.1271,2.37696,up,39.9944,6,4,0,True
LINKUSDT,2025-08-13,deployed,,False,8,arith,4.08629,28.6041,1.78675,23.5775,2.16601,up,109.9,7,4,0,True
LINKUSDT,2025-08-15,deployed,,False,8,geo,4.233,29.631,2.35199,22.4572,8.76866,up,184.194,14,9,0,True
LINKUSDT,2025-08-17,deployed,,False,8,geo,2.35496,16.4847,2.77844,22.6672,0.975201,up,4.78333,2,2,0,True
LINKUSDT,2025-08-19,deployed,,True,8,geo,5.97035,41.7924,4.94655,25.7682,2.26607,,,8,4,0,True
LINKUSDT,2025-08-21,deployed,,True,8,geo,5.03182,35.2228,5.28138,26.4184,-1.51382,,,8,3,0,True
LINKUSDT,2025-08-23,deployed,,True,8,arith,4.30156,30.1109,4.80606,26.8486,-6.67669,,,8,2,0,True
LINKUSDT,2025-08-25,deployed,,False,8,geo,4.49524,31.4667,4.38968,25.8282,-2.51001,,,6,2,0,True
LINKUSDT,2025-08-27,deployed,,False,8,arith,3.01181,21.0827,4.32852,24.3978,-2.54588,,,13,5,0,True
LINKUSDT,2025-08-29,deployed,,False,8,arith,4.16285,29.1399,4.18477,25.178,-4.25958,,,4,1,0,True
LINKUSDT,2025-08-31,deployed,,False,8,arith,1.14468,8.01277,0.975145,23.4775,-2.17619,down,44.8111,14,5,0,True
LINKUSDT,2025-09-02,deployed,,False,8,geo,2.28497,15.9948,2.47928,22.5272,6.21525,,,19,11,0,True
LINKUSDT,2025-09-04,deployed,,False,8,geo,1.45859,10.2102,1.97145,23.7176,-2.91172,down,41.1667,11,3,0,True
LINKUSDT,2025-09-06,deployed,,True,8,geo,2.14596,15.0217,2.47241,22.3271,2.87335,up,142.65,6,5,0,True
LINKUSDT,2025-09-08,deployed,,False,8,arith,1.27707,8.93949,0.974983,22.4572,0.979385,up,13.3444,5,4,0,True
LINKUSDT,2025-09-10,deployed,,True,8,arith,1.44288,10.1001,1.67817,23.1374,1.86036,up,45.0944,11,7,0,True
LINKUSDT,2025-09-12,deployed,,True,8,geo,1.90963,13.3674,1.8703,24.4378,1.5116,up,22.45,10,6,0,True
LINKUSDT,2025-09-14,deployed,,False,8,arith,1.737,12.159,0.776638,24.8779,-3.9528,down,32.9833,4,0,0,True
LINKUSDT,2025-09-16,deployed,,False,8,arith,1.86677,13.0674,1.47895,23.5675,-1.93961,down,144.683,12,5,0,True
LINKUSDT,2025-09-18,deployed,,True,8,geo,3.05193,21.3635,2.43781,24.0177,-7.12313,down,102.128,6,1,0,True
LINKUSDT,2025-09-20,deployed,,False,8,geo,1.65328,11.5729,2.13683,23.5275,-3.06768,down,48.6278,2,0,0,True
LINKUSDT,2025-09-22,deployed,,False,8,geo,0.973603,6.81522,0.866972,22.9473,-1.86955,down,0.877778,2,0,0,True
LINKUSDT,2025-09-24,deployed,,False,8,arith,1.86993,13.0895,0.44313,21.5969,-3.50536,down,41.3444,7,2,0,True
LINKUSDT,2025-09-26,deployed,,False,8,geo,3.22804,22.5963,1.54639,20.0264,6.88727,,,12,7,0,True
LINKUSDT,2025-09-28,deployed,,False,8,geo,1.20547,8.43828,1.13758,20.9567,1.75301,up,44.65,13,8,0,True
LINKUSDT,2025-09-30,deployed,,False,8,geo,1.67587,11.7311,1.4845,21.7469,1.08094,up,43.2333,6,4,0,True
LINKUSDT,2025-10-02,deployed,,False,8,geo,1.67156,11.701,1.93711,22.5472,0.115228,up,2.73333,1,1,0,True
LINKUSDT,2025-10-04,deployed,,False,8,arith,2.415,16.905,1.35786,22.4572,-2.84675,down,163.578,21,9,0,True
LINKUSDT,2025-10-06,deployed,,True,8,geo,2.83512,19.8458,2.16907,22.017,-5.74271,down,117.028,13,5,0,True
LINKUSDT,2025-10-08,deployed,,True,8,geo,2.38097,16.6668,2.1328,21.7969,-3.40614,down,67.6111,6,2,0,True
LINKUSDT,2025-10-10,deployed,,False,8,arith,1.73354,12.1348,2.26766,22.027,-3.95778,down,19.6111,6,1,0,True
LINKUSDT,2025-10-12,deployed,,False,8,geo,6.65934,46.6154,3.32948,17.3255,4.60127,,,9,5,0,True
LINKUSDT,2025-10-14,deployed,,False,8,geo,2.98622,20.9035,1.46664,19.8663,-5.86386,down,78.6111,13,4,0,True
LINKUSDT,2025-10-16,deployed,,False,8,geo,3.47753,24.3427,3.14971,18.0357,-4.99233,down,31.2278,4,1,0,True
LINKUSDT,2025-10-18,deployed,,False,8,geo,2.85177,19.9624,3.043,16.6153,8.02844,,,23,13,0,True
LINKUSDT,2025-10-20,deployed,,False,8,geo,2.15609,15.0926,2.29482,17.2555,1.19431,up,6.41667,4,3,0,True
LINKUSDT,2025-10-22,deployed,,False,8,geo,4.5984,32.1888,3.68883,17.5556,1.15219,,,7,3,0,True
LINKUSDT,2025-10-24,deployed,,False,8,geo,2.02568,14.1798,2.75754,17.4055,2.30061,up,71.45,7,5,0,True
LINKUSDT,2025-10-26,deployed,,False,8,arith,0.81085,5.67595,0.815217,17.9957,0.701695,up,13.5778,7,5,0,True
LINKUSDT,2025-10-28,deployed,,False,8,geo,2.29117,16.0382,1.91368,18.2358,-3.34779,down,65.1333,13,5,0,True
LINKUSDT,2025-10-30,deployed,,True,8,geo,3.69502,25.8651,2.86125,18.0057,-9.98316,down,111.544,7,2,0,True
LINKUSDT,2025-11-01,deployed,,True,8,geo,2.01533,14.1073,2.03511,17.2355,-4.16561,down,54.7778,6,1,0,True
LINKUSDT,2025-11-03,deployed,,True,8,geo,1.91578,13.4105,2.08052,17.5956,-4.56654,down,6.27778,5,0,0,True
LINKUSDT,2025-11-05,deployed,,True,8,geo,6.29653,44.0757,2.45952,14.7747,-0.515131,,,6,3,0,True
LINKUSDT,2025-11-07,deployed,,False,8,arith,2.66911,18.6838,1.28079,14.5947,5.106,up,72.9778,14,9,0,True
LINKUSDT,2025-11-09,deployed,,False,8,arith,2.55322,17.8725,2.36338,15.5149,-3.01177,down,132.283,20,8,0,True
LINKUSDT,2025-11-11,deployed,,False,8,arith,2.8954,20.2678,3.59124,16.3752,-5.7454,down,66.9444,10,3,0,True
LINKUSDT,2025-11-13,deployed,,False,8,geo,3.03599,21.2519,3.42601,15.1348,-3.57587,down,36.3,8,3,0,True
LINKUSDT,2025-11-15,deployed,,False,8,arith,4.19272,29.3491,3.33702,13.8344,-5.64516,down,151.644,8,3,0,True
LINKUSDT,2025-11-17,deployed,,False,8,arith,4.32632,30.2842,2.71582,13.8544,-7.69594,down,107.883,7,2,0,True
LINKUSDT,2025-11-19,deployed,,False,8,geo,1.986,13.902,1.4863,13.8944,-3.45318,down,52.6278,14,5,0,True
LINKUSDT,2025-11-21,deployed,,False,8,arith,3.392,23.744,2.30873,12.9241,-5.51573,down,12.2667,2,0,0,True
LINKUSDT,2025-11-23,deployed,,False,8,geo,2.3062,16.1434,0.521661,12.1639,2.01685,up,41.9167,5,4,0,True
LINKUSDT,2025-11-25,deployed,,False,8,geo,2.3922,16.7454,1.7893,12.9841,2.66865,up,192.944,14,8,0,True
LINKUSDT,2025-11-27,deployed,,False,8,geo,1.71551,12.0086,1.76722,13.4843,-3.80405,down,99.3667,12,3,0,True
LINKUSDT,2025-11-29,deployed,,False,8,geo,1.49557,10.469,1.09102,13.1442,-2.24937,down,48.2444,5,1,0,True
LINKUSDT,2025-12-01,deployed,,False,8,arith,1.40659,9.84611,1.07489,12.9541,-3.16789,down,0.861111,3,0,0,True
LINKUSDT,2025-12-03,skip,deploy price outside the band,False,8,arith,2.04478,14.3134,0.901797,,,,,,,,
LINKUSDT,2025-12-05,deployed,,False,12,arith,1.47362,16.2098,0.388534,14.2946,-4.56703,down,63.0278,11,3,0,True
LINKUSDT,2025-12-07,deployed,,False,8,arith,1.46551,10.2586,0.935152,13.9244,2.58858,up,64.2833,19,11,0,True
LINKUSDT,2025-12-09,deployed,,False,8,arith,1.54464,10.8125,1.33528,13.7644,2.17525,up,16.3111,6,5,0,True
LINKUSDT,2025-12-11,deployed,,False,8,arith,3.51452,24.6016,2.23934,14.1045,-7.01655,down,160.417,7,2,0,True
LINKUSDT,2025-12-13,deployed,,True,8,geo,1.94194,13.5936,2.0434,13.6944,-3.84752,down,64.2833,6,1,0,True
LINKUSDT,2025-12-15,deployed,,False,8,geo,1.34568,9.41975,1.57002,13.2842,-1.52974,down,15.3611,5,2,0,True
LINKUSDT,2025-12-17,reject,liquidity < $10.0K/24h,,,,,,,,,,,,,,
LINKUSDT,2025-12-19,deployed,,False,8,arith,2.63374,18.4362,0.77167,11.9638,3.91392,,,15,8,0,True
LINKUSDT,2025-12-21,reject,liquidity < $10.0K/24h,,,,,,,,,,,,,,
LINKUSDT,2025-12-23,deployed,,False,8,arith,1.98857,13.92,1.23164,12.574,2.7859,,,21,10,0,True
LINKUSDT,2025-12-25,deployed,,False,8,geo,0.873112,6.11178,0.798066,12.2939,2.00566,up,97.7611,27,15,0,True
LINKUSDT,2025-12-27,deployed,,False,8,geo,1.00252,7.01763,1.18552,12.2239,1.98125,up,50.1944,16,10,0,True
LINKUSDT,2025-12-29,deployed,,False,8,arith,0.880608,6.16425,1.05211,12.3639,0.902241,up,2.2,5,4,0,True
LINKUSDT,2025-12-31,deployed,,True,8,geo,0.759639,5.31747,0.964887,12.404,1.20018,up,51.7333,10,7,0,True
LINKUSDT,2026-01-02,deployed,,True,8,geo,0.928949,6.50264,0.894427,12.614,0.148684,up,3.73333,1,1,0,True
LINKUSDT,2026-01-04,deployed,,False,8,geo,0.74382,5.20674,0.221346,13.2642,0.41166,up,12.3778,4,3,0,True
LINKUSDT,2026-01-06,deployed,,False,8,geo,2.15051,15.0536,0.600141,13.9244,2.02858,,,17,8,0,True
LINKUSDT,2026-01-08,deployed,,False,8,geo,1.58956,11.127,0.74326,13.4443,-1.50922,down,110.494,10,4,0,True
LINKUSDT,2026-01-10,reject,liquidity < $10.0K/24h,,,,,,,,,,,,,,
LINKUSDT,2026-01-12,deployed,,False,8,geo,1.23369,8.63586,1.36032,13.2042,1.59139,up,46.2111,9,6,0,True
LINKUSDT,2026-01-14,deployed,,True,8,arith,1.95467,13.6827,1.55351,14.0545,0,up,2.36667,0,0,0,True
LINKUSDT,2026-01-16,deployed,,False,8,arith,1.64171,11.492,0.762575,13.7644,-4.32263,down,72.0944,4,1,0,True
LINKUSDT,2026-01-18,reject,liquidity < $10.0K/24h,,,,,,,,,,,,,,
LINKUSDT,2026-01-20,deployed,,False,8,geo,1.07253,7.50772,0.438488,12.8841,-1.32807,down,6.96667,2,0,0,True
LINKUSDT,2026-01-22,deployed,,False,8,geo,2.78579,19.5005,1.04528,12.504,-6.11487,down,183.094,6,1,0,True
LINKUSDT,2026-01-24,deployed,,False,8,geo,1.06217,7.43517,0.374423,12.2539,-2.65297,down,40.4111,3,0,0,True
LINKUSDT,2026-01-26,skip,deploy price outside the band,False,8,geo,1.58729,11.111,0.727016,,,,,,,,
LINKUSDT,2026-01-28,reject,liquidity < $10.0K/24h,,,,,,,,,,,,,,
LINKUSDT,2026-01-30,deployed,,False,8,arith,1.9863,13.9041,0.828536,11.0935,-2.11087,down,1.76667,1,0,0,True
LINKUSDT,2026-02-01,deployed,,False,8,arith,4.0129,28.0903,1.49285,9.88315,-5.5681,down,27.4,1,0,0,True
LINKUSDT,2026-02-03,deployed,,False,8,geo,1.88501,13.1951,0.560729,9.83313,-3.62766,down,42.2833,12,4,0,True
LINKUSDT,2026-02-05,deployed,,False,8,geo,3.09957,21.697,1.13516,9.28296,-5.91404,down,15.4333,3,0,0,True
LINKUSDT,2026-02-07,deployed,,False,8,geo,3.76766,26.3736,1.84596,8.89283,2.35656,,,9,4,0,True
LINKUSDT,2026-02-09,deployed,,False,8,geo,2.052,14.364,1.45839,8.87283,-3.74615,down,59.3833,8,2,0,True
LINKUSDT,2026-02-11,deployed,,False,8,arith,0.960555,6.72388,0.630542,8.55273,-1.61911,down,6.3,4,1,0,True
LINKUSDT,2026-02-13,reject,liquidity < $10.0K/24h,,,,,,,,,,,,,,
LINKUSDT,2026-02-15,deployed,,False,8,arith,1.5225,10.6575,1.13414,9.0829,-2.82223,down,193.283,23,9,0,True
LINKUSDT,2026-02-17,deployed,,True,8,arith,1.49865,10.4905,1.03,8.92284,-2.79563,down,145.283,18,7,0,True
LINKUSDT,2026-02-19,reject,liquidity < $10.0K/24h,,,,,,,,,,,,,,
LINKUSDT,2026-02-21,deployed,,True,8,geo,1.89187,13.2431,1.22417,8.95285,2.01429,up,111.367,15,8,0,True
LINKUSDT,2026-02-23,deployed,,False,8,geo,0.712609,4.98826,0.824215,8.66276,-0.485508,down,0.6,0,0,0,True
LINKUSDT,2026-02-25,deployed,,False,8,geo,0.944521,6.61164,0.195099,8.25263,0.797146,up,1.36667,3,3,0,True
LINKUSDT,2026-02-27,deployed,,False,8,geo,1.46144,10.2301,0.594826,9.1129,-3.41113,down,22.5833,6,1,0,True
LINKUSDT,2026-03-01,deployed,,False,8,geo,1.9712,13.7984,1.2736,8.83282,3.0145,up,87.5167,17,10,0,True
LINKUSDT,2026-03-03,deployed,,False,8,geo,2.72708,19.0895,2.16751,8.97286,2.80578,,,14,7,0,True
LINKUSDT,2026-03-05,deployed,,True,8,geo,2.72427,19.0699,2.52041,9.37299,1.76633,,,13,6,0,True
LINKUSDT,2026-03-07,deployed,,False,8,geo,1.40415,9.82904,1.03867,8.80281,-0.470372,down,2.53333,0,0,0,True
LINKUSDT,2026-03-09,reject,liquidity < $10.0K/24h,,,,,,,,,,,,,,
LINKUSDT,2026-03-11,deployed,,False,8,arith,1.7878,12.5146,1.92105,9.00287,1.88504,up,62.1833,7,5,0,True
LINKUSDT,2026-03-13,deployed,,True,8,arith,1.74303,12.2012,2.08307,9.07289,1.47443,up,14.3,5,4,0,True
LINKUSDT,2026-03-15,deployed,,False,8,geo,0.721311,5.04918,0.922427,9.16292,0.711173,up,22.75,9,6,0,True
LINKUSDT,2026-03-17,deployed,,False,8,arith,2.26089,15.8262,1.55908,9.92316,-5.32397,down,139.6,10,2,0,True
LINKUSDT,2026-03-19,skip,deploy price outside the band,False,8,arith,1.66213,11.6349,0.410384,,,,,,,,
LINKUSDT,2026-03-21,deployed,,False,8,geo,1.35847,9.50929,1.1558,9.1129,-3.09111,down,45.1778,6,1,0,True
LINKUSDT,2026-03-23,deployed,,False,8,geo,1.38287,9.6801,0.912337,8.72278,3.58682,up,56.65,15,10,0,True
LINKUSDT,2026-03-25,reject,liquidity < $10.0K/24h,,,,,,,,,,,,,,
LINKUSDT,2026-03-27,deployed,,False,8,arith,1.37044,9.59306,0.920698,8.95285,-1.42085,down,8.68333,1,0,0,True
LINKUSDT,2026-03-29,deployed,,False,8,geo,1.18083,8.26578,0.441924,8.49271,-1.92225,down,22.8444,5,1,0,True
LINKUSDT,2026-03-31,reject,liquidity < $10.0K/24h,,,,,,,,,,,,,,
LINKUSDT,2026-04-02,deployed,,True,8,geo,1.23076,8.61529,1.31673,8.97286,-3.10225,down,13.7167,5,0,0,True
LINKUSDT,2026-04-04,reject,liquidity < $10.0K/24h,,,,,,,,,,,,,,
LINKUSDT,2026-04-06,deployed,,False,8,geo,0.966633,6.76643,1.19174,8.81281,0.269779,up,0.766667,2,2,0,True
LINKUSDT,2026-04-08,deployed,,False,8,arith,2.13686,14.958,1.48389,9.32297,2.43821,up,211.6,17,9,0,True
LINKUSDT,2026-04-10,reject,liquidity < $10.0K/24h,,,,,,,,,,,,,,
LINKUSDT,2026-04-12,reject,liquidity < $10.0K/24h,,,,,,,,,,,,,,
LINKUSDT,2026-04-14,deployed,,False,8,geo,2.57265,18.0085,1.16317,9.37299,0.601518,up,67.7,3,2,0,True
LINKUSDT,2026-04-16,deployed,,False,8,arith,1.48356,10.3849,1.10747,9.23294,1.63998,up,37.2333,9,6,0,True
LINKUSDT,2026-04-18,deployed,,False,8,arith,1.67587,11.7311,0.941279,9.61306,-0.0388248,,,12,5,0,True
LINKUSDT,2026-04-20,reject,liquidity < $10.0K/24h,,,,,,,,,,,,,,
LINKUSDT,2026-04-22,deployed,,True,8,geo,2.16485,15.1539,1.67653,9.423,-0.773022,,,5,2,0,True
LINKUSDT,2026-04-24,deployed,,True,8,geo,0.92612,6.48284,1.33845,9.31297,-1.77429,down,138.233,17,7,0,True
LINKUSDT,2026-04-26,reject,liquidity < $10.0K/24h,,,,,,,,,,,,,,
LINKUSDT,2026-04-28,reject,liquidity < $10.0K/24h,,,,,,,,,,,,,,
LINKUSDT,2026-04-30,deployed,,True,8,geo,1.1756,8.22923,1.2104,9.12491,3.09075,up,130.361,21,13,0,True
LINKUSDT,2026-05-02,reject,liquidity < $10.0K/24h,,,,,,,,,,,,,,
LINKUSDT,2026-05-04,reject,liquidity < $10.0K/24h,,,,,,,,,,,,,,
LINKUSDT,2026-05-06,deployed,,True,8,geo,2.13873,14.9711,1.27439,9.81213,0.661051,up,11.25,2,2,0,True
LINKUSDT,2026-05-08,deployed,,False,8,arith,1.84973,12.9481,0.640677,9.85214,2.32092,up,28.2333,4,4,0,True
LINKUSDT,2026-05-10,deployed,,False,8,arith,0.921201,6.44841,0.19285,10.3833,0.880437,up,17.0833,5,4,0,True
LINKUSDT,2026-05-12,deployed,,False,8,arith,1.35866,9.51059,0.426222,10.5784,-2.26131,down,40.0611,12,4,0,True
LINKUSDT,2026-05-14,deployed,,False,8,geo,1.49498,10.4649,1.18261,10.2253,-2.40448,down,55.3111,9,3,0,True
LINKUSDT,2026-05-16,deployed,,False,8,arith,1.07619,7.53335,1.36595,10.0992,-1.79029,down,6.91111,2,0,0,True
LINKUSDT,2026-05-18,deployed,,False,8,geo,1.60335,11.2235,0.614526,9.57305,-2.82357,down,127.861,12,5,0,True
LINKUSDT,2026-05-20,deployed,,False,8,geo,1.06495,7.45463,0.393275,9.49703,1.39245,up,59.9111,8,6,0,True
LINKUSDT,2026-05-22,deployed,,False,8,geo,1.42002,9.94017,0.702,9.7321,-2.94026,down,31.9278,10,3,0,True
LINKUSDT,2026-05-24,deployed,,False,8,geo,1.9541,13.6787,1.25646,9.57605,-4.08558,down,100.117,8,2,0,True
LINKUSDT,2026-05-26,reject,liquidity < $10.0K/24h,,,,,,,,,,,,,,
LINKUSDT,2026-05-28,deployed,,True,8,geo,1.74385,12.2069,1.55965,9.14692,-2.32414,down,4.12778,2,0,0,True
LINKUSDT,2026-05-30,deployed,,False,8,geo,1.68051,11.7636,0.835772,9.02288,-3.49276,down,91.6111,10,3,0,True
LINKUSDT,2026-06-01,deployed,,False,8,arith,1.52466,10.6726,1.31215,9.1029,-3.31294,down,38.4778,5,1,0,True
LINKUSDT,2026-06-03,deployed,,True,8,geo,3.93134,27.5194,1.96116,8.38467,-5.38779,down,53.8333,2,0,0,True
LINKUSDT,2026-06-05,deployed,,False,8,geo,3.21664,22.5165,2.0245,8.00255,-5.65916,down,15.6833,3,0,0,True
LINKUSDT,2026-06-07,deployed,,False,8,geo,1.68109,11.7676,0.564899,7.40236,1.48524,up,9.34444,3,3,0,True
LINKUSDT,2026-06-09,deployed,,False,8,arith,2.08923,14.6246,1.59845,7.98354,1.95778,up,155.461,9,6,0,True
LINKUSDT,2026-06-11,deployed,,False,8,arith,2.04472,14.313,2.02382,7.57942,3.64489,up,107.4,5,5,0,True
LINKUSDT,2026-06-13,deployed,,False,8,arith,1.23023,8.61164,1.4774,7.87251,1.33789,up,48.3167,7,5,0,True
LINKUSDT,2026-06-15,deployed,,True,8,geo,1.82464,12.7724,1.49009,8.17861,0.609309,up,13.4167,2,2,0,True
LINKUSDT,2026-06-17,deployed,,False,8,geo,1.56283,10.9398,0.665657,8.29364,-2.96849,down,39.9333,10,3,0,True
LINKUSDT,2026-06-19,deployed,,True,8,geo,1.88512,13.1959,1.87531,8.02156,-3.44985,down,104.483,9,3,0,True
LINKUSDT,2026-06-21,deployed,,False,8,arith,1.17894,8.2526,1.05192,7.99055,-3.21962,down,56.4833,12,4,0,True
LINKUSDT,2026-06-23,deployed,,True,8,geo,1.50773,10.5541,1.29796,7.87251,-3.07162,down,8.49444,3,0,0,True
LINKUSDT,2026-06-25,deployed,,True,8,geo,2.46144,17.2301,1.35551,7.42037,4.88441,,,15,9,0,True
LINKUSDT,2026-06-27,deployed,,False,8,arith,1.64063,11.4844,0.623538,7.36235,2.56344,up,132.833,17,10,0,True
LINKUSDT,2026-06-29,deployed,,False,8,arith,1.67315,11.7121,0.972301,7.28032,2.86691,up,84.9833,14,9,0,True
LINKUSDT,2026-07-01,deployed,,False,8,arith,1.18576,8.30032,1.16015,7.18729,2.32283,up,34.35,9,7,0,True
LINKUSDT,2026-07-03,deployed,,False,8,geo,1.30575,9.14024,1.48111,7.74947,0,up,1.3,0,0,0,True
LINKUSDT,2026-07-05,deployed,,False,8,geo,1.3954,9.76779,0.300633,8.02156,-2.2966,down,87.2667,16,6,0,True
LINKUSDT,2026-07-07,deployed,,False,8,geo,1.75255,12.2679,0.504131,8.03256,2.76562,up,204.594,17,10,0,True
LINKUSDT,2026-07-09,deployed,,False,8,arith,0.895069,6.26548,0.616435,7.63743,-0.454796,down,2.01667,2,1,0,True
LINKUSDT,2026-07-11,deployed,,False,8,arith,1.03978,7.27843,1.01097,7.97154,0.156195,up,15.5,1,1,0,True
LINKUSDT,2026-07-13,reject,liquidity < $10.0K/24h,,,,,,,,,,,,,,
LINKUSDT,2026-07-15,deployed,,True,8,arith,1.40376,9.82635,1.16776,8.34266,0,up,1,0,0,0,True
LINKUSDT,2026-07-17,deployed,,False,8,geo,1.12612,7.88283,0.224218,8.34866,-2.4786,down,13.1944,3,0,0,True
LINKUSDT,2026-07-19,reject,liquidity < $10.0K/24h,,,,,,,,,,,,,,
LINKUSDT,2026-07-21,deployed,,True,8,arith,1.38803,9.71619,1.01128,8.58074,1.07982,up,142.883,10,6,0,True
LINKUSDT,2026-07-23,deployed,,False,8,arith,1.00373,7.02614,0.488171,8.61074,-1.88548,down,37.75,5,1,0,True
LINKUSDT,2026-07-25,reject,liquidity < $10.0K/24h,,,,,,,,,,,,,,
LINKUSDT,2026-07-27,reject,liquidity < $10.0K/24h,,,,,,,,,,,,,,
LINKUSDT,2026-07-29,reject,liquidity < $10.0K/24h,,,,,,,,,,,,,,
LINKUSDT,2026-07-31,deployed,,True,8,arith,0.959485,6.71639,0.736485,8.4567,-2.90413,down,14.1833,4,0,0,True
LINKUSDT,2026-08-02,deployed,,False,8,geo,0.923514,6.4646,0.458352,8.06257,3.50092,up,217.561,37,21,0,True
LINKUSDT,2026-08-04,deployed,,False,8,arith,0.845743,5.9202,0.697893,8.17561,3.00625,up,177.083,33,19,0,True
LINKUSDT,2026-08-06,reject,liquidity < $10.0K/24h,,,,,,,,,,,,,,
LINKUSDT,2026-08-08,deployed,,False,8,arith,0.971157,6.7981,1.04519,8.18761,1.26067,up,80.1,8,6,0,True
LINKUSDT,2026-08-10,reject,liquidity < $10.0K/24h,,,,,,,,,,,,,,
LINKUSDT,2026-08-12,skip,deploy price outside the band,False,8,arith,1.50062,10.5044,1.10246,,,,,,,,
LINKUSDT,2026-08-14,deployed,,False,8,arith,0.835634,5.84944,0.244424,8.87983,0.468052,up,24.4167,6,4,0,True
LINKUSDT,2026-08-16,deployed,,False,8,arith,1.5846,11.0922,0.540553,9.47802,0.190606,up,25.5833,2,1,0,True
LINKUSDT,2026-08-18,deployed,,False,8,geo,1.25767,8.80372,0.45886,9.53804,0.921923,up,39.5167,5,4,0,True
LINKUSDT,2026-08-20,deployed,,False,8,arith,3.9748,27.8236,1.30076,10.5294,0.37563,up,17.9278,1,1,0,True
LINKUSDT,2026-08-22,deployed,,False,8,geo,4.38795,30.7157,1.89192,12.0148,0.433871,up,3.62778,1,1,543,False
LINKUSDT,2026-08-24,deployed,,False,8,arith,2.5094,17.5658,1.07359,11.5237,0.269092,,,15,7,543,False
LINKUSDT,2026-08-26,deployed,,False,8,geo,2.49282,17.4498,1.59663,11.2866,3.70318,,,15,8,543,False
LINKUSDT,2026-08-28,deployed,,False,8,geo,1.74178,12.1924,1.98157,11.9638,2.90163,up,217.633,25,13,543,False
LINKUSDT,2026-08-30,deployed,,False,8,geo,0.903647,6.32553,1.86876,11.4436,-1.69246,down,27,12,4,543,False
LINKUSDT,2026-09-01,skip,lookback incomplete,,,,,,,,,,,,,,
LINKUSDT,2026-09-03,skip,lookback incomplete,,,,,,,,,,,,,,
LINKUSDT,2026-09-05,skip,lookback incomplete,,,,,,,,,,,,,,
LINKUSDT,2026-09-07,skip,lookback incomplete,,,,,,,,,,,,,,
LINKUSDT,2026-09-09,skip,lookback incomplete,,,,,,,,,,,,,,
LINKUSDT,2026-09-11,deployed,,False,8,geo,1.76518,12.3562,0.948451,11.4527,-1.65807,down,114.783,18,8,0,True
LINKUSDT,2026-09-13,deployed,,False,8,arith,0.780489,5.46342,0.587812,11.5137,-1.53858,down,22.4667,7,2,0,True
LINKUSDT,2026-09-15,deployed,,False,8,geo,2.30689,16.1482,1.47016,11.5227,2.57606,up,91.95,9,6,0,True
LINKUSDT,2026-09-17,deployed,,False,8,arith,2.46464,17.2525,1.27219,11.0515,1.84595,up,34.1667,3,3,0,True
AVAXUSDT,2025-01-01,deployed,,True,8,arith,2.31143,16.18,2.69933,35.7122,2.81144,up,28.8611,4,4,0,True
AVAXUSDT,2025-01-03,deployed,,True,8,geo,2.51699,17.6189,3.09934,39.3134,1.04196,up,15.1833,2,2,0,True
AVAXUSDT,2025-01-05,deployed,,False,8,geo,2.07849,14.5495,0.526677,42.6245,1.43632,up,39.55,6,4,0,True
AVAXUSDT,2025-01-07,deployed,,False,8,geo,2.35613,16.4929,0.756999,44.045,-5.66212,down,23.9833,5,0,0,True
AVAXUSDT,2025-01-09,deployed,,True,8,geo,4.19401,29.358,4.06102,37.5128,-6.59372,down,107.728,2,0,0,True
AVAXUSDT,2025-01-11,deployed,,False,8,arith,2.84408,19.9085,1.64127,36.6225,5.15408,up,145.661,16,10,0,True
AVAXUSDT,2025-01-13,deployed,,False,8,geo,1.87006,13.0904,1.15256,36.5525,-3.75373,down,10.1333,5,1,0,True
AVAXUSDT,2025-01-15,deployed,,False,8,arith,1.76448,12.3514,1.66432,36.5625,0.703881,up,13.6,4,3,0,True
AVAXUSDT,2025-01-17,deployed,,False,8,arith,2.87498,20.1248,3.01848,40.0236,-5.5692,down,72.3833,10,3,0,True
AVAXUSDT,2025-01-19,deployed,,False,8,arith,2.941,20.587,1.59356,39.2634,-5.75611,down,22.85,6,2,0,True
AVAXUSDT,2025-01-21,deployed,,False,8,arith,5.93279,41.5295,4.94876,36.0123,-1.35675,,,3,1,0,True
AVAXUSDT,2025-01-23,deployed,,False,8,arith,2.81458,19.7021,3.77851,36.8025,-4.63208,down,106.683,11,4,0,True
AVAXUSDT,2025-01-25,deployed,,False,8,arith,2.60847,18.2593,3.08862,35.332,-3.50667,down,93.7111,13,5,0,True
AVAXUSDT,2025-01-27,deployed,,False,8,geo,2.89865,20.2905,3.72457,35.7922,-4.75677,down,10.7444,3,0,0,True
AVAXUSDT,2025-01-29,deployed,,False,8,geo,3.1561,22.0927,3.6275,32.1109,-2.84323,down,112.661,10,4,0,True
AVAXUSDT,2025-01-31,deployed,,False,8,geo,1.94045,13.5832,1.82136,34.2817,1.06517,up,16.0944,4,3,0,True
AVAXUSDT,2025-02-02,deployed,,True,8,geo,2.88542,20.198,2.89528,32.191,-3.18629,down,4.02778,1,0,0,True
AVAXUSDT,2025-02-04,deployed,,False,8,arith,6.24242,43.6969,3.07496,28.3597,-1.12524,,,10,4,0,True
AVAXUSDT,2025-02-06,deployed,,False,8,geo,3.69372,25.8561,1.70625,25.8388,10.3276,,,46,23,0,True
AVAXUSDT,2025-02-08,deployed,,False,8,arith,4.56202,31.9342,2.83643,24.4583,12.4673,,,40,20,0,True
AVAXUSDT,2025-02-10,deployed,,False,8,geo,4.732,33.124,4.22105,24.9185,-0.473713,,,5,2,0,True
AVAXUSDT,2025-02-12,deployed,,False,8,geo,2.98607,20.9025,5.03157,25.3586,1.17048,,,15,7,0,True
AVAXUSDT,2025-02-14,deployed,,False,8,arith,2.46584,17.2609,4.62609,25.3787,-3.83248,down,112.694,13,5,0,True
AVAXUSDT,2025-02-16,deployed,,False,8,arith,1.60356,11.2249,3.07165,25.5587,-2.10903,down,42.8333,6,2,0,True
AVAXUSDT,2025-02-18,deployed,,True,8,arith,3.14739,22.0317,4.22946,25.0485,-4.25368,down,166.2,17,7,0,True
AVAXUSDT,2025-02-20,deployed,,False,8,arith,2.4143,16.9001,1.79235,23.7481,2.11369,up,33.3833,3,3,0,True
AVAXUSDT,2025-02-22,deployed,,True,8,geo,4.4047,30.8329,3.3819,24.5384,-7.77378,down,79.4944,8,2,0,True
AVAXUSDT,2025-02-24,deployed,,False,8,arith,2.08512,14.5958,2.64152,24.8585,-3.92078,down,14.7778,3,0,0,True
AVAXUSDT,2025-02-26,deployed,,True,8,geo,6.57072,45.995,4.83856,21.9875,0.91251,,,11,5,0,True
AVAXUSDT,2025-02-28,deployed,,False,8,geo,3.34017,23.3812,3.39194,22.4977,3.77425,up,71.7111,9,6,0,True
AVAXUSDT,2025-03-02,deployed,,False,8,geo,2.45814,17.207,2.28828,21.9075,2.03644,up,16.6667,5,4,0,True
AVAXUSDT,2025-03-04,deployed,,False,8,geo,6.09996,42.6997,4.97935,20.9872,-5.99873,down,138.044,8,3,0,True
AVAXUSDT,2025-03-06,deployed,,False,8,geo,4.96996,34.7897,3.80585,21.6574,-11.5491,down,114.967,9,2,0,True
AVAXUSDT,2025-03-08,deployed,,False,8,geo,5.27643,36.935,5.8959,20.1069,-8.12035,down,65.7667,7,2,0,True
AVAXUSDT,2025-03-10,deployed,,False,8,geo,4.54033,31.7823,4.80864,17.9161,-3.26253,down,18.8944,7,3,0,True
AVAXUSDT,2025-03-12,deployed,,False,8,geo,4.52242,31.657,2.47534,17.516,5.77832,,,12,7,0,True
AVAXUSDT,2025-03-14,deployed,,False,8,arith,4.33334,30.3334,5.07948,18.5463,3.32049,,,5,3,0,True
AVAXUSDT,2025-03-16,deployed,,False,8,geo,2.55379,17.8766,2.55229,19.4566,3.4112,up,194.933,18,10,0,True
AVAXUSDT,2025-03-18,deployed,,False,8,geo,2.19343,15.354,2.77055,18.7364,3.42634,up,144.617,15,9,0,True
AVAXUSDT,2025-03-20,deployed,,True,8,geo,3.43995,24.0797,4.09948,19.7667,2.2871,up,100.167,6,4,0,True
AVAXUSDT,2025-03-22,deployed,,False,8,arith,2.30329,16.123,3.22203,19.2065,1.37221,up,50.9333,3,3,0,True
AVAXUSDT,2025-03-24,reject,liquidity < $10.0K/24h,,,,,,,,,,,,,,
AVAXUSDT,2025-03-26,deployed,,False,8,arith,2.87028,20.092,0.605669,22.9278,-7.40269,down,94.8611,5,0,0,True
AVAXUSDT,2025-03-28,deployed,,False,8,arith,1.70634,11.9444,0.679648,22.0375,-3.72708,down,7.78333,3,0,0,True
AVAXUSDT,2025-03-30,deployed,,False,8,arith,2.59965,18.1976,1.81084,19.6567,-4.57011,down,33.6,3,0,0,True
AVAXUSDT,2025-04-01,deployed,,False,8,arith,2.41945,16.9362,1.0853,18.8564,-1.49701,down,123.511,25,11,0,True
AVAXUSDT,2025-04-03,deployed,,True,8,arith,5.45096,38.1567,3.40482,17.9961,-7.67047,down,99.8167,4,1,0,True
AVAXUSDT,2025-04-05,deployed,,False,8,geo,3.13149,21.9204,1.71315,18.2162,-6.83883,down,44.8667,4,0,0,True
AVAXUSDT,2025-04-07,deployed,,False,8,geo,4.77941,33.4558,3.13201,16.0455,-5.37149,down,7.56667,2,0,0,True
AVAXUSDT,2025-04-09,deployed,,False,8,arith,4.15299,29.0709,2.86566,16.1555,5.54945,up,60.5944,6,5,0,True
AVAXUSDT,2025-04-11,deployed,,True,8,geo,3.27463,22.9224,2.95978,18.2962,2.27089,up,39.4278,3,3,0,True
AVAXUSDT,2025-04-13,deployed,,False,8,geo,2.73877,19.1714,1.65512,20.447,3.79976,up,230.867,21,11,0,True
AVAXUSDT,2025-04-15,deployed,,False,8,geo,2.53447,17.7413,0.845187,20.1269,5.03898,up,189.9,21,12,0,True
AVAXUSDT,2025-04-17,deployed,,False,8,arith,3.40247,23.8173,2.42322,18.7564,4.85028,up,135.083,8,6,0,True
AVAXUSDT,2025-04-19,deployed,,False,8,geo,1.26708,8.86958,1.29612,19.1265,1.10734,up,18.1167,3,3,0,True
AVAXUSDT,2025-04-21,deployed,,False,8,geo,1.61327,11.2929,2.30072,19.4466,1.77897,up,8.09444,4,4,0,True
AVAXUSDT,2025-04-23,deployed,,True,8,arith,2.87494,20.1246,3.22946,22.0675,0,up,2.44444,0,0,0,True
AVAXUSDT,2025-04-25,deployed,,False,8,arith,2.26811,15.8767,0.527771,22.3676,-2.95306,down,216.633,18,7,0,True
AVAXUSDT,2025-04-27,deployed,,False,8,geo,1.62121,11.3485,0.973792,22.4076,-2.51685,down,85.3111,18,7,0,True
AVAXUSDT,2025-04-29,deployed,,False,8,arith,2.29396,16.0577,2.02988,21.8675,-3.68321,down,123.411,9,3,0,True
AVAXUSDT,2025-05-01,deployed,,True,8,arith,2.59687,18.1781,2.4804,20.9271,-3.25702,down,97.6167,6,2,0,True
AVAXUSDT,2025-05-03,deployed,,True,8,arith,2.11925,14.8348,2.1309,21.2272,-4.53615,down,49.6111,3,0,0,True
AVAXUSDT,2025-05-05,deployed,,False,8,geo,1.61163,11.2814,0.944813,19.8768,-1.9889,down,15.8167,3,1,0,True
AVAXUSDT,2025-05-07,deployed,,False,8,arith,2.73793,19.1655,1.33692,19.9968,2.26468,up,44.7444,5,4,0,True
AVAXUSDT,2025-05-09,deployed,,True,8,geo,3.18499,22.2949,2.42449,22.1375,0,up,0.133333,0,0,0,True
AVAXUSDT,2025-05-11,deployed,,False,8,arith,3.30986,23.169,1.46887,25.9488,0.776107,up,31.3278,4,2,0,True
AVAXUSDT,2025-05-13,deployed,,False,8,arith,5.19543,36.368,1.69239,24.8185,3.6648,,,8,4,0,True
AVAXUSDT,2025-05-15,deployed,,False,8,geo,2.75905,19.3134,1.77695,24.9985,-5.40956,down,48.7,5,1,0,True
AVAXUSDT,2025-05-17,deployed,,False,8,geo,2.88779,20.2145,2.82302,23.1179,4.65405,,,26,13,0,True
AVAXUSDT,2025-05-19,deployed,,False,8,arith,4.29113,30.0379,4.00942,23.1179,2.80922,,,8,4,0,True
AVAXUSDT,2025-05-21,deployed,,False,8,geo,2.72709,19.0897,1.66626,22.5277,2.07071,up,32.3167,5,4,0,True
AVAXUSDT,2025-05-23,deployed,,False,8,arith,2.86228,20.036,3.16419,25.2586,0.228684,up,2.83333,1,1,0,True
AVAXUSDT,2025-05-25,deployed,,False,8,arith,2.03511,14.2458,2.99496,22.9678,-1.81926,down,121.061,21,9,0,True
AVAXUSDT,2025-05-27,deployed,,True,8,arith,2.24792,15.7354,2.84452,23.0779,-4.3176,down,88.5944,14,5,0,True
AVAXUSDT,2025-05-29,deployed,,False,8,arith,2.62999,18.4099,2.92815,23.578,-6.18869,down,40.55,6,1,0,True
AVAXUSDT,2025-05-31,deployed,,True,8,geo,2.75653,19.2957,2.70023,20.627,-1.96457,down,1.6,1,0,0,True
AVAXUSDT,2025-06-02,deployed,,False,8,geo,1.97609,13.8326,0.483764,20.8771,-4.12307,down,92.3,12,4,0,True
AVAXUSDT,2025-06-04,deployed,,False,8,arith,1.97606,13.8324,1.0297,21.0872,-3.91103,down,40.85,5,1,0,True
AVAXUSDT,2025-06-06,deployed,,False,8,arith,3.17368,22.2158,1.0439,18.8264,7.98518,up,120.117,8,7,0,True
AVAXUSDT,2025-06-08,skip,deploy price outside the band,False,8,geo,0.90898,6.36286,0.327505,,,,,,,,
AVAXUSDT,2025-06-10,deployed,,False,8,arith,2.18652,15.3056,1.33249,21.8775,0.260559,up,12.4111,1,1,0,True
AVAXUSDT,2025-06-12,deployed,,False,8,arith,2.89015,20.2311,1.22296,21.6174,-6.06489,down,24.2778,3,0,0,True
AVAXUSDT,2025-06-14,deployed,,False,8,arith,1.62838,11.3987,0.90711,19.3966,-1.87687,down,87.0944,8,3,0,True
AVAXUSDT,2025-06-16,reject,liquidity < $10.0K/24h,,,,,,,,,,,,,,
AVAXUSDT,2025-06-18,deployed,,False,8,geo,2.27291,15.9104,0.987892,18.6464,-2.87026,down,39.2333,6,2,0,True
AVAXUSDT,2025-06-20,deployed,,False,8,geo,1.348,9.436,0.541405,18.0662,-3.32056,down,17.4278,5,1,0,True
AVAXUSDT,2025-06-22,deployed,,False,8,geo,2.89076,20.2353,1.18441,16.7857,-4.26056,down,20.3833,2,0,0,True
AVAXUSDT,2025-06-24,deployed,,True,8,geo,4.20298,29.4209,1.46377,17.9861,1.73389,,,5,3,0,True
AVAXUSDT,2025-06-26,reject,liquidity < $10.0K/24h,,,,,,,,,,,,,,
AVAXUSDT,2025-06-28,reject,liquidity < $10.0K/24h,,,,,,,,,,,,,,
AVAXUSDT,2025-06-30,deployed,,False,8,geo,1.75028,12.2519,1.13328,18.7564,1.27024,up,78.5333,11,6,0,True
AVAXUSDT,2025-07-02,deployed,,False,8,geo,1.31401,9.19805,0.854566,17.1158,-0.140242,down,0.1,0,0,0,True
AVAXUSDT,2025-07-04,deployed,,False,8,geo,1.21124,8.47871,0.593859,18.5063,-2.63444,down,15.6333,5,1,0,True
AVAXUSDT,2025-07-06,reject,liquidity < $10.0K/24h,,,,,,,,,,,,,,
AVAXUSDT,2025-07-08,deployed,,False,8,geo,1.30748,9.15235,1.03478,17.9061,2.21142,up,43.7111,10,7,0,True
AVAXUSDT,2025-07-10,deployed,,False,8,arith,2.34523,16.4166,1.40859,19.5067,0.212164,up,17.9667,1,1,0,True
AVAXUSDT,2025-07-12,deployed,,False,8,arith,3.00872,21.061,0.366534,20.647,3.37784,up,114.733,7,5,0,True
AVAXUSDT,2025-07-14,deployed,,False,8,arith,2.34965,16.4475,0.724279,21.1972,3.17724,up,66.6167,13,8,0,True
AVAXUSDT,2025-07-16,deployed,,False,8,arith,3.126,21.882,1.4291,22.5477,1.68702,up,47.7111,6,4,0,True
AVAXUSDT,2025-07-18,deployed,,True,8,geo,4.51263,31.5884,2.4517,23.8381,2.24534,up,83.3611,4,3,0,True
AVAXUSDT,2025-07-20,deployed,,False,8,arith,3.16056,22.1239,1.50367,24.5284,5.76691,up,197.444,23,13,0,True
AVAXUSDT,2025-07-22,deployed,,False,8,arith,2.81423,19.6996,0.805941,25.5687,-1.78293,down,211.161,34,15,0,True
AVAXUSDT,2025-07-24,deployed,,True,8,geo,4.06565,28.4596,2.62871,23.9682,-3.56323,down,209.967,12,5,0,True
AVAXUSDT,2025-07-26,deployed,,False,8,geo,2.00093,14.0065,2.19077,24.0282,1.15288,up,18.8611,3,3,0,True
AVAXUSDT,2025-07-28,deployed,,False,8,geo,2.15945,15.1162,2.94815,26.0289,0.371532,up,9.86667,1,1,0,True
AVAXUSDT,2025-07-30,deployed,,True,8,arith,2.47179,17.3025,2.75757,24.3983,-3.79907,down,18.9278,2,0,0,True
AVAXUSDT,2025-08-01,deployed,,False,8,arith,2.32009,16.2406,1.97908,22.4677,-2.94944,down,18.35,2,0,0,True
AVAXUSDT,2025-08-03,deployed,,False,8,arith,1.73372,12.136,0.538998,20.8871,5.11652,up,46.9,16,11,0,True
AVAXUSDT,2025-08-05,skip,deploy price outside the band,False,8,arith,2.00974,14.0682,0.864216,,,,,,,,
AVAXUSDT,2025-08-07,deployed,,False,8,geo,1.23388,8.63713,0.941296,22.2576,1.23373,up,22.4167,7,5,0,True
AVAXUSDT,2025-08-09,deployed,,False,8,geo,1.89491,13.2644,1.29545,23.7781,0.690953,up,10.25,2,2,0,True
AVAXUSDT,2025-08-11,deployed,,False,8,arith,1.54557,10.819,0.538055,23.8981,-1.40119,down,21.6944,17,7,0,True
AVAXUSDT,2025-08-13,deployed,,False,8,arith,2.24289,15.7002,1.97127,24.7384,0.326573,up,10.7167,1,1,0,True
AVAXUSDT,2025-08-15,deployed,,False,8,geo,3.10091,21.7064,1.99461,23.6681,-2.33425,down,121.728,10,4,0,True
AVAXUSDT,2025-08-17,deployed,,False,8,geo,1.33334,9.33336,2.00007,24.3283,0.781305,up,15.3333,4,3,0,True
AVAXUSDT,2025-08-19,deployed,,True,8,arith,2.78366,19.4856,2.78032,23.6681,5.1889,up,109.611,12,8,0,True
AVAXUSDT,2025-08-21,deployed,,False,8,geo,1.7333,12.1331,1.56305,23.488,1.81538,up,39.6,12,7,0,True
AVAXUSDT,2025-08-23,deployed,,True,8,geo,2.94275,20.5992,2.3352,25.2686,0.374445,up,6.15,2,1,0,True
AVAXUSDT,2025-08-25,deployed,,False,8,geo,3.64214,25.495,2.1038,25.7588,1.97961,,,13,6,0,True
AVAXUSDT,2025-08-27,deployed,,True,8,geo,2.1917,15.3419,2.1368,24.1882,3.586,,,23,12,0,True
AVAXUSDT,2025-08-29,deployed,,False,8,arith,1.64457,11.512,1.34267,24.9185,-3.72819,down,74.9,8,2,0,True
AVAXUSDT,2025-08-31,reject,liquidity < $10.0K/24h,,,,,,,,,,,,,,
AVAXUSDT,2025-09-02,deployed,,True,8,geo,2.4113,16.8791,1.63562,23.1379,4.52374,up,174.861,9,7,0,True
AVAXUSDT,2025-09-04,deployed,,False,8,geo,1.45561,10.1893,1.68353,25.1586,1.13611,up,111.183,11,6,0,True
AVAXUSDT,2025-09-06,deployed,,True,8,arith,1.48705,10.4094,1.45932,24.4984,1.98575,up,78.8611,8,6,0,True
AVAXUSDT,2025-09-08,deployed,,True,8,arith,1.23054,8.61378,1.03343,24.6784,0.808441,up,15.1611,3,3,0,True
AVAXUSDT,2025-09-10,deployed,,False,8,arith,1.39526,9.7668,0.759699,25.9288,0.52039,up,6.73333,2,2,0,True
AVAXUSDT,2025-09-12,deployed,,False,8,geo,1.59447,11.1613,0.358681,29.21,1.33592,up,28.45,7,5,0,True
AVAXUSDT,2025-09-14,deployed,,False,8,geo,1.54419,10.8093,0.502109,30.0602,0.186682,up,6.08333,1,1,0,True
AVAXUSDT,2025-09-16,deployed,,False,8,geo,3.45543,24.188,1.86832,29.8402,2.69476,up,52.1611,3,3,0,True
AVAXUSDT,2025-09-18,deployed,,False,8,arith,3.40035,23.8025,1.67735,31.8809,0.908967,up,17.1944,2,2,0,True
AVAXUSDT,2025-09-20,deployed,,False,8,geo,3.06641,21.4649,0.668399,33.6915,-2.53873,down,133.728,23,10,0,True
AVAXUSDT,2025-09-22,deployed,,False,8,arith,1.24379,8.7065,0.621692,33.0713,-2.62685,down,1.41667,3,0,0,True
AVAXUSDT,2025-09-24,deployed,,False,8,arith,3.19633,22.3743,2.03889,33.6515,-6.47638,down,41.6944,8,2,0,True
AVAXUSDT,2025-09-26,deployed,,False,8,arith,3.38416,23.6892,4.11158,28.6498,-0.19532,down,0.0888889,0,0,0,True
AVAXUSDT,2025-09-28,deployed,,False,8,geo,1.11659,7.81616,0.328778,28.7998,1.29118,up,22.9278,11,7,0,True
AVAXUSDT,2025-09-30,deployed,,False,8,arith,2.08589,14.6012,1.26706,30.4604,0.577637,,,28,12,0,True
AVAXUSDT,2025-10-02,deployed,,False,8,geo,1.79563,12.5694,1.45933,30.9906,-1.55888,down,143.311,32,13,0,True
AVAXUSDT,2025-10-04,deployed,,False,8,geo,2.14946,15.0462,1.84135,31.4507,-4.59445,down,88.2,9,2,0,True
AVAXUSDT,2025-10-06,deployed,,False,8,arith,1.88343,13.184,2.08181,30.1203,-3.90637,down,43.7833,5,1,0,True
AVAXUSDT,2025-10-08,deployed,,False,8,arith,2.39567,16.7697,2.43921,27.9695,-0.439432,down,41.0444,4,2,0,True
AVAXUSDT,2025-10-10,deployed,,False,8,geo,1.66347,11.6443,0.776649,28.3597,-3.45105,down,18.0944,4,0,0,True
AVAXUSDT,2025-10-12,deployed,,False,8,arith,5.74435,40.2104,1.13645,21.4773,-2.88739,,,7,3,0,True
AVAXUSDT,2025-10-14,deployed,,False,8,arith,3.06306,21.4414,1.86227,23.8181,-7.17104,down,78.9111,10,2,0,True
AVAXUSDT,2025-10-16,deployed,,False,8,geo,2.79664,19.5765,2.35515,21.9275,-4.79333,down,30.6,5,1,0,True
AVAXUSDT,2025-10-18,deployed,,False,8,geo,2.74995,19.2497,2.54243,19.9868,-3.41735,down,117.1,8,3,0,True
AVAXUSDT,2025-10-20,deployed,,False,8,geo,1.04941,7.34588,0.525797,20.607,0.45373,up,3.98333,5,3,0,True
AVAXUSDT,2025-10-22,deployed,,True,8,arith,3.2557,22.7899,3.24666,19.5567,-2.92826,down,209.167,12,5,0,True
AVAXUSDT,2025-10-24,deployed,,False,8,geo,1.27119,8.89836,0.717845,19.0965,2.59619,up,59.9333,11,8,0,True
AVAXUSDT,2025-10-26,reject,liquidity < $10.0K/24h,,,,,,,,,,,,,,
AVAXUSDT,2025-10-28,deployed,,False,8,geo,1.594,11.158,1.09237,20.3169,-3.5292,down,20.4278,3,0,0,True
AVAXUSDT,2025-10-30,deployed,,True,8,geo,2.61405,18.2984,1.73061,19.6467,-4.74195,down,17.1444,5,1,0,True
AVAXUSDT,2025-11-01,deployed,,False,8,geo,2.10132,14.7092,1.11365,18.2262,-5.0444,down,63.55,13,5,0,True
AVAXUSDT,2025-11-03,deployed,,False,8,geo,1.98044,13.863,1.31214,18.8464,-4.83139,down,11.0667,4,0,0,True
AVAXUSDT,2025-11-05,deployed,,True,8,geo,5.81382,40.6967,1.81752,16.0255,0.521804,,,9,4,0,True
AVAXUSDT,2025-11-07,deployed,,False,8,arith,2.36859,16.5801,1.1327,16.0955,3.61171,up,18.0333,8,6,0,True
AVAXUSDT,2025-11-09,deployed,,False,8,geo,1.71594,12.0116,1.4471,17.496,1.85888,up,49.3833,9,6,0,True
AVAXUSDT,2025-11-11,deployed,,False,8,arith,2.74937,19.2456,2.12461,18.1362,-5.72018,down,66.95,8,2,0,True
AVAXUSDT,2025-11-13,deployed,,False,8,arith,1.62813,11.3969,1.83232,16.9758,-1.70066,down,18.0167,8,3,0,True
AVAXUSDT,2025-11-15,deployed,,True,8,arith,4.29628,30.074,2.89375,15.1352,-5.70751,down,137.267,6,2,0,True
AVAXUSDT,2025-11-17,deployed,,False,8,geo,3.01116,21.0781,1.36706,15.1852,-3.57786,down,64.9,11,4,0,True
AVAXUSDT,2025-11-19,deployed,,False,8,arith,2.0722,14.5054,1.07215,14.575,-4.05283,down,41.2333,7,2,0,True
AVAXUSDT,2025-11-21,deployed,,False,8,geo,2.31706,16.2194,1.32699,13.8547,-4.25089,down,9.95,2,0,0,True
AVAXUSDT,2025-11-23,deployed,,False,8,arith,1.33256,9.32794,0.338744,13.2745,1.4802,up,42.2667,6,5,0,True
AVAXUSDT,2025-11-25,deployed,,False,8,arith,1.13937,7.97558,0.55797,13.8847,0,up,0.15,0,0,0,True
AVAXUSDT,2025-11-27,reject,liquidity < $10.0K/24h,,,,,,,,,,,,,,
AVAXUSDT,2025-11-29,reject,liquidity < $10.0K/24h,,,,,,,,,,,,,,
AVAXUSDT,2025-12-01,deployed,,False,8,arith,1.96843,13.779,0.566729,13.7047,-2.63369,down,0.616667,1,0,0,True
AVAXUSDT,2025-12-03,deployed,,False,8,geo,1.54541,10.8179,0.391803,13.6547,0,up,0.35,0,0,0,True
AVAXUSDT,2025-12-05,deployed,,False,8,geo,1.4618,10.2326,0.876866,14.4349,-3.06116,down,12.6333,3,0,0,True
AVAXUSDT,2025-12-07,deployed,,False,8,arith,1.25711,8.79974,0.530105,13.4446,1.75221,up,63.9167,13,8,0,True
AVAXUSDT,2025-12-09,reject,liquidity < $10.0K/24h,,,,,,,,,,,,,,
AVAXUSDT,2025-12-11,reject,liquidity < $10.0K/24h,,,,,,,,,,,,,,
AVAXUSDT,2025-12-13,deployed,,False,8,geo,1.99133,13.9393,1.09974,13.1545,-2.52199,down,64.1,11,4,0,True
AVAXUSDT,2025-12-15,deployed,,False,8,geo,1.79809,12.5866,1.21106,12.8844,-2.28114,down,16.1,4,1,0,True
AVAXUSDT,2025-12-17,deployed,,False,8,arith,1.40711,9.84979,0.287591,12.3442,-2.61156,down,27.5667,9,3,0,True
AVAXUSDT,2025-12-19,deployed,,False,8,geo,2.56371,17.9459,0.722827,11.4639,5.34059,,,12,8,0,True
AVAXUSDT,2025-12-21,reject,liquidity < $10.0K/24h,,,,,,,,,,,,,,
AVAXUSDT,2025-12-23,deployed,,False,8,geo,1.23958,8.67704,0.747741,12.4342,1.98529,up,121,22,12,0,True
AVAXUSDT,2025-12-25,deployed,,False,8,arith,0.888564,6.21995,0.888907,12.1041,0.7238,up,18.7667,3,3,0,True
AVAXUSDT,2025-12-27,deployed,,True,8,geo,0.898561,6.28993,0.683397,12.3742,0.696117,up,25,3,3,0,True
AVAXUSDT,2025-12-29,reject,liquidity < $10.0K/24h,,,,,,,,,,,,,,
AVAXUSDT,2025-12-31,deployed,,False,8,arith,0.637701,4.46391,0.310315,12.5743,-1.4554,down,28.8167,10,3,0,True
AVAXUSDT,2026-01-02,skip,deploy price outside the band,False,8,arith,1.8834,13.1838,1.05264,,,,,,,,
AVAXUSDT,2026-01-04,deployed,,False,8,arith,1.04732,7.33123,0.2065,14.0248,0.383079,up,21.2944,2,2,0,True
AVAXUSDT,2026-01-06,deployed,,False,8,arith,1.91241,13.3869,0.397978,14.4649,0.759707,,,25,11,0,True
AVAXUSDT,2026-01-08,deployed,,False,8,geo,1.21403,8.49824,0.543355,14.1348,-2.23286,down,7.11111,2,0,0,True
AVAXUSDT,2026-01-10,reject,liquidity < $10.0K/24h,,,,,,,,,,,,,,
AVAXUSDT,2026-01-12,reject,liquidity < $10.0K/24h,,,,,,,,,,,,,,
AVAXUSDT,2026-01-14,skip,deploy price outside the band,True,8,geo,1.94492,13.6144,1.15795,,,,,,,,
AVAXUSDT,2026-01-16,deployed,,True,8,arith,1.66719,11.6703,0.901646,13.7747,-1.73057,down,15.5833,0,0,0,True
AVAXUSDT,2026-01-18,reject,liquidity < $10.0K/24h,,,,,,,,,,,,,,
AVAXUSDT,2026-01-20,deployed,,False,8,geo,1.22346,8.56424,0.138552,12.6543,-1.38157,down,14.0667,6,2,0,True
AVAXUSDT,2026-01-22,deployed,,False,8,geo,2.99771,20.984,0.801458,12.5143,-5.7411,down,183.233,10,3,0,True
AVAXUSDT,2026-01-24,reject,liquidity < $10.0K/24h,,,,,,,,,,,,,,
AVAXUSDT,2026-01-26,deployed,,False,8,geo,2.05803,14.4062,0.976979,11.5039,-1.44599,down,87.1111,11,5,0,True
AVAXUSDT,2026-01-28,reject,liquidity < $10.0K/24h,,,,,,,,,,,,,,
AVAXUSDT,2026-01-30,skip,deploy price outside the band,False,8,geo,1.7218,12.0526,1.09933,,,,,,,,
AVAXUSDT,2026-02-01,deployed,,False,8,geo,3.82192,26.7534,1.41136,10.1335,-4.22913,down,107,6,2,0,True
AVAXUSDT,2026-02-03,deployed,,False,8,geo,1.21462,8.50232,0.441094,10.1535,-2.35689,down,18.4833,12,4,0,True
AVAXUSDT,2026-02-05,deployed,,False,8,arith,3.20797,22.4558,1.42404,9.76333,-5.6255,down,15.4667,3,0,0,True
AVAXUSDT,2026-02-07,deployed,,False,8,arith,3.51662,24.6163,1.68742,9.31318,1.34941,,,6,3,0,True
AVAXUSDT,2026-02-09,deployed,,False,8,geo,1.3597,9.5179,0.667166,9.11311,-2.21742,down,38.8,7,2,0,True
AVAXUSDT,2026-02-11,deployed,,False,8,geo,1.36209,9.53466,0.863431,8.74298,3.52098,up,87.0167,21,13,0,True
AVAXUSDT,2026-02-13,deployed,,False,8,geo,2.14135,14.9895,1.44816,8.88303,1.2462,up,40.7,3,3,0,True
AVAXUSDT,2026-02-15,reject,liquidity < $10.0K/24h,,,,,,,,,,,,,,
AVAXUSDT,2026-02-17,reject,liquidity < $10.0K/24h,,,,,,,,,,,,,,
AVAXUSDT,2026-02-19,reject,liquidity < $10.0K/24h,,,,,,,,,,,,,,
AVAXUSDT,2026-02-21,deployed,,False,8,arith,1.22059,8.54413,0.961518,9.16312,0.17159,up,13.6333,1,1,0,True
AVAXUSDT,2026-02-23,reject,liquidity < $10.0K/24h,,,,,,,,,,,,,,
AVAXUSDT,2026-02-25,reject,liquidity < $10.0K/24h,,,,,,,,,,,,,,
AVAXUSDT,2026-02-27,reject,liquidity < $10.0K/24h,,,,,,,,,,,,,,
AVAXUSDT,2026-03-01,deployed,,False,8,arith,2.1218,14.8526,1.08571,9.18313,1.90467,up,87.9167,10,6,0,True
AVAXUSDT,2026-03-03,deployed,,False,8,arith,1.57933,11.0553,0.801676,9.23315,1.63535,up,40.0667,9,6,0,True
AVAXUSDT,2026-03-05,reject,liquidity < $10.0K/24h,,,,,,,,,,,,,,
AVAXUSDT,2026-03-07,reject,liquidity < $10.0K/24h,,,,,,,,,,,,,,
AVAXUSDT,2026-03-09,reject,liquidity < $10.0K/24h,,,,,,,,,,,,,,
AVAXUSDT,2026-03-11,deployed,,True,8,arith,2.68451,18.7916,1.80313,9.51324,2.09965,up,61.8167,5,4,0,True
AVAXUSDT,2026-03-13,deployed,,True,8,arith,1.83698,12.8589,1.12328,9.72332,1.29536,up,13.7167,5,4,0,True
AVAXUSDT,2026-03-15,deployed,,False,8,arith,0.972539,6.80777,0.790715,9.70331,1.15392,up,27.5278,6,5,0,True
AVAXUSDT,2026-03-17,deployed,,False,8,geo,2.25687,15.7981,1.55911,10.4836,-5.36631,down,120.111,12,3,0,True
AVAXUSDT,2026-03-19,deployed,,False,8,arith,1.75515,12.286,0.822013,9.6733,-0.434117,down,4.66667,0,0,0,True
AVAXUSDT,2026-03-21,deployed,,False,8,geo,1.50691,10.5484,1.15867,9.57326,-3.26118,down,42.6833,6,1,0,True
AVAXUSDT,2026-03-23,deployed,,False,8,geo,1.28395,8.98764,0.621558,9.04308,4.4674,up,59.6,24,15,0,True
AVAXUSDT,2026-03-25,reject,liquidity < $10.0K/24h,,,,,,,,,,,,,,
AVAXUSDT,2026-03-27,deployed,,False,8,arith,1.47319,10.3123,1.02415,9.12311,-0.366258,down,0.0888889,0,0,0,True
AVAXUSDT,2026-03-29,reject,liquidity < $10.0K/24h,,,,,,,,,,,,,,
AVAXUSDT,2026-03-31,deployed,,False,8,geo,1.1886,8.32021,0.507507,8.75298,1.50043,up,30.2111,8,6,0,True
AVAXUSDT,2026-04-02,deployed,,False,8,arith,1.2134,8.49383,0.732894,9.11311,1.83303,up,96.8333,20,11,0,True
AVAXUSDT,2026-04-04,deployed,,False,8,geo,1.33872,9.37107,0.831471,8.89303,1.10784,up,48.5,7,5,0,True
AVAXUSDT,2026-04-06,reject,liquidity < $10.0K/24h,,,,,,,,,,,,,,
AVAXUSDT,2026-04-08,deployed,,False,8,arith,3.53399,24.7379,1.43573,9.47323,2.24076,,,7,4,0,True
AVAXUSDT,2026-04-10,reject,liquidity < $10.0K/24h,,,,,,,,,,,,,,
AVAXUSDT,2026-04-12,reject,liquidity < $10.0K/24h,,,,,,,,,,,,,,
AVAXUSDT,2026-04-14,deployed,,False,8,arith,2.96246,20.7372,1.46186,9.70331,0.94968,,,10,4,0,True
AVAXUSDT,2026-04-16,reject,liquidity < $10.0K/24h,,,,,,,,,,,,,,
AVAXUSDT,2026-04-18,deployed,,False,8,geo,1.40547,9.83828,1.08593,9.73332,-3.31786,down,44.9111,5,0,0,True
AVAXUSDT,2026-04-20,deployed,,True,8,arith,1.19873,8.39112,1.21663,9.02308,3.07766,,,32,16,0,True
AVAXUSDT,2026-04-22,deployed,,True,8,geo,1.97331,13.8132,1.68692,9.3732,-0.273752,,,9,4,0,True
AVAXUSDT,2026-04-24,deployed,,False,8,geo,0.984879,6.89415,1.14104,9.35319,-2.00841,down,138.233,17,7,0,True
AVAXUSDT,2026-04-26,reject,liquidity < $10.0K/24h,,,,,,,,,,,,,,
AVAXUSDT,2026-04-28,deployed,,False,8,arith,0.67443,4.72101,0.865125,9.24315,-0.729824,down,7.6,1,0,0,True
AVAXUSDT,2026-04-30,deployed,,True,8,arith,1.34342,9.40392,0.995769,9.11311,2.31246,up,152.567,12,8,0,True
AVAXUSDT,2026-05-02,deployed,,False,8,geo,0.784927,5.49449,0.541394,9.0931,1.94211,up,82.7667,24,14,0,True
AVAXUSDT,2026-05-04,reject,liquidity < $10.0K/24h,,,,,,,,,,,,,,
AVAXUSDT,2026-05-06,reject,liquidity < $10.0K/24h,,,,,,,,,,,,,,
AVAXUSDT,2026-05-08,deployed,,True,8,arith,1.43954,10.0768,0.730834,9.50324,1.68986,up,25.2944,4,4,0,True
AVAXUSDT,2026-05-10,deployed,,False,8,arith,0.989184,6.92429,0.212896,9.9634,0.668052,up,16.6778,3,3,0,True
AVAXUSDT,2026-05-12,deployed,,False,8,arith,1.43673,10.0571,0.529393,10.1535,-2.60289,down,85.7278,12,4,0,True
AVAXUSDT,2026-05-14,deployed,,False,8,geo,1.4278,9.99461,0.957599,9.75333,-2.14794,down,54.9167,9,3,0,True
AVAXUSDT,2026-05-16,reject,liquidity < $10.0K/24h,,,,,,,,,,,,,,
AVAXUSDT,2026-05-18,deployed,,False,8,arith,1.47761,10.3432,0.468701,9.17213,1.72036,,,28,14,0,True
AVAXUSDT,2026-05-20,reject,liquidity < $10.0K/24h,,,,,,,,,,,,,,
AVAXUSDT,2026-05-22,deployed,,False,8,geo,1.20949,8.46643,0.778498,9.45322,-3.08615,down,31.9278,5,0,0,True
AVAXUSDT,2026-05-24,deployed,,True,8,arith,2.00507,14.0355,1.24174,9.40421,-4.83695,down,230.45,10,3,0,True
AVAXUSDT,2026-05-26,reject,liquidity < $10.0K/24h,,,,,,,,,,,,,,
AVAXUSDT,2026-05-28,deployed,,False,8,geo,1.66143,11.63,1.25704,9.04608,-2.3027,down,134.244,9,3,0,True
AVAXUSDT,2026-05-30,deployed,,True,8,geo,1.74307,12.2015,1.41573,8.809,-2.95448,down,87.5833,7,2,0,True
AVAXUSDT,2026-06-01,reject,liquidity < $10.0K/24h,,,,,,,,,,,,,,
AVAXUSDT,2026-06-03,deployed,,True,8,arith,2.99125,20.9388,2.20022,8.14078,-2.33585,down,25.45,1,0,0,True
AVAXUSDT,2026-06-05,deployed,,False,8,arith,3.2756,22.9292,2.12049,7.69562,-5.18909,down,6.45,2,0,0,True
AVAXUSDT,2026-06-07,deployed,,False,8,geo,2.88641,20.2049,0.729079,6.67928,2.95258,,,9,5,0,True
AVAXUSDT,2026-06-09,deployed,,False,8,arith,2.01914,14.134,1.24271,6.77631,-1.3211,down,231.933,30,13,0,True
AVAXUSDT,2026-06-11,deployed,,False,8,geo,2.55238,17.8666,1.6842,6.39818,-1.56593,down,199.633,18,8,0,True
AVAXUSDT,2026-06-13,reject,liquidity < $10.0K/24h,,,,,,,,,,,,,,
AVAXUSDT,2026-06-15,deployed,,False,8,geo,2.54326,17.8028,2.31603,6.78231,-5.60605,down,100.633,6,1,0,True
AVAXUSDT,2026-06-17,deployed,,True,8,geo,1.54336,10.8035,1.5143,6.89435,-4.08772,down,39.3778,14,5,0,True
AVAXUSDT,2026-06-19,deployed,,True,8,geo,2.17493,15.2245,1.90267,6.32116,-2.5492,down,3.33333,1,0,0,True
AVAXUSDT,2026-06-21,deployed,,False,8,arith,2.33412,16.3388,1.24017,6.24613,2.79821,up,101.411,14,8,0,True
AVAXUSDT,2026-06-23,deployed,,False,8,geo,2.18865,15.3205,1.69455,6.24813,6.89812,up,161.267,38,21,0,True
AVAXUSDT,2026-06-25,deployed,,True,8,arith,3.37552,23.6286,2.66691,6.4482,4.49271,up,233.944,13,8,0,True
AVAXUSDT,2026-06-27,deployed,,True,8,geo,3.49272,24.4491,3.30728,6.63226,1.93632,up,185.644,6,4,0,True
AVAXUSDT,2026-06-29,deployed,,True,8,arith,3.0432,21.3024,3.82216,6.4532,1.83248,,,9,4,0,True
AVAXUSDT,2026-07-01,deployed,,True,8,arith,1.83309,12.8316,2.42003,6.53123,2.5687,up,69.9667,8,6,0,True
AVAXUSDT,2026-07-03,deployed,,False,8,arith,1.28641,9.00484,0.957806,6.80332,0.89775,up,41.5667,6,4,0,True
AVAXUSDT,2026-07-05,reject,liquidity < $10.0K/24h,,,,,,,,,,,,,,
AVAXUSDT,2026-07-07,deployed,,True,8,arith,2.15675,15.0972,1.86491,6.92736,-4.94267,down,32.4167,4,0,0,True
AVAXUSDT,2026-07-09,deployed,,False,8,arith,1.17989,8.25925,1.47788,6.47321,-0.20709,down,78.2167,11,5,0,True
AVAXUSDT,2026-07-11,deployed,,False,8,arith,0.974313,6.82019,1.24869,6.7423,-2.05516,down,24.0944,6,1,0,True
AVAXUSDT,2026-07-13,deployed,,False,8,geo,1.27356,8.91491,0.98609,6.41119,4.37126,,,36,19,0,True
AVAXUSDT,2026-07-15,deployed,,False,8,geo,1.48405,10.3883,1.45703,6.70629,-2.44708,down,229.2,22,8,0,True
AVAXUSDT,2026-07-17,deployed,,False,8,arith,1.27299,8.91091,1.52936,6.48721,-0.391438,down,162.011,21,10,0,True
AVAXUSDT,2026-07-19,reject,liquidity < $10.0K/24h,,,,,,,,,,,,,,
AVAXUSDT,2026-07-21,deployed,,True,8,arith,1.39877,9.7914,1.3501,6.58625,-3.23854,down,66.2778,6,1,0,True
AVAXUSDT,2026-07-23,reject,liquidity < $10.0K/24h,,,,,,,,,,,,,,
AVAXUSDT,2026-07-25,reject,liquidity < $10.0K/24h,,,,,,,,,,,,,,
AVAXUSDT,2026-07-27,deployed,,False,8,geo,0.891667,6.24167,0.712447,6.7433,-2.81245,down,23.0444,7,1,0,True
AVAXUSDT,2026-07-29,reject,liquidity < $10.0K/24h,,,,,,,,,,,,,,
AVAXUSDT,2026-07-31,reject,liquidity < $10.0K/24h,,,,,,,,,,,,,,
AVAXUSDT,2026-08-02,deployed,,False,8,geo,1.36507,9.55551,1.28521,6.19111,3.71253,up,49.6611,10,8,0,True
AVAXUSDT,2026-08-04,reject,liquidity < $10.0K/24h,,,,,,,,,,,,,,
AVAXUSDT,2026-08-06,deployed,,False,8,arith,0.955569,6.68898,0.566487,6.66627,-2.61405,down,10.1333,3,0,0,True
AVAXUSDT,2026-08-08,reject,liquidity < $10.0K/24h,,,,,,,,,,,,,,
AVAXUSDT,2026-08-10,reject,liquidity < $10.0K/24h,,,,,,,,,,,,,,
AVAXUSDT,2026-08-12,deployed,,False,8,arith,1.24943,8.74598,0.972291,6.31415,3.6975,up,75.0833,16,11,0,True
AVAXUSDT,2026-08-14,deployed,,False,8,arith,0.910382,6.37268,0.878301,6.4542,0.76949,up,26.8333,8,5,0,True
AVAXUSDT,2026-08-16,deployed,,False,8,geo,1.34118,9.38824,1.12263,6.32816,3.67302,up,93.5611,17,11,0,True
AVAXUSDT,2026-08-18,deployed,,False,8,arith,0.838069,5.86648,0.841466,6.35317,1.23846,up,39.5278,13,8,0,True
AVAXUSDT,2026-08-20,deployed,,True,8,geo,2.89763,20.2834,1.08079,6.76831,0.416309,up,15.15,1,1,0,True
AVAXUSDT,2026-08-22,deployed,,True,8,geo,3.90746,27.3522,1.43845,7.85668,0.638373,up,4.86111,1,1,543,False
AVAXUSDT,2026-08-24,deployed,,False,8,arith,2.04459,14.3121,1.17901,7.6146,-1.36049,,,13,5,543,False
AVAXUSDT,2026-08-26,deployed,,False,8,geo,1.6261,11.3827,1.46734,7.3265,-1.2287,down,119.767,14,6,543,False
AVAXUSDT,2026-08-28,deployed,,False,8,geo,1.33437,9.34057,1.66117,7.53257,2.9932,up,236.833,32,17,543,False
AVAXUSDT,2026-08-30,reject,liquidity < $10.0K/24h,,,,,,,,,,,,,,
AVAXUSDT,2026-09-01,skip,lookback incomplete,,,,,,,,,,,,,,
AVAXUSDT,2026-09-03,skip,lookback incomplete,,,,,,,,,,,,,,
AVAXUSDT,2026-09-05,skip,lookback incomplete,,,,,,,,,,,,,,
AVAXUSDT,2026-09-07,skip,lookback incomplete,,,,,,,,,,,,,,
AVAXUSDT,2026-09-09,skip,lookback incomplete,,,,,,,,,,,,,,
AVAXUSDT,2026-09-11,skip,deploy price outside the band,False,8,geo,1.28151,8.97054,0.565821,,,,,,,,
AVAXUSDT,2026-09-13,reject,liquidity < $10.0K/24h,,,,,,,,,,,,,,
AVAXUSDT,2026-09-15,deployed,,False,8,geo,1.68874,11.8212,0.947507,7.60559,1.6946,up,75.8,12,7,0,True
AVAXUSDT,2026-09-17,reject,liquidity < $10.0K/24h,,,,,,,,,,,,,,
SUIUSDT,2025-01-01,deployed,,False,8,arith,2.8953,20.2671,3.04684,4.11164,3.99446,up,63.7611,8,6,0,True
SUIUSDT,2025-01-03,deployed,,False,8,geo,1.81408,12.6986,2.23438,4.36494,1.0402,up,15.6167,4,3,0,True
SUIUSDT,2025-01-05,deployed,,False,8,geo,4.19768,29.3838,1.21872,5.29381,-1.10695,,,15,6,0,True
SUIUSDT,2025-01-07,deployed,,False,8,geo,3.41149,23.8804,1.10234,5.09703,-6.64979,down,30.7444,3,0,0,True
SUIUSDT,2025-01-09,deployed,,True,8,geo,5.98985,41.929,4.44817,4.90956,3.90707,,,8,4,0,True
SUIUSDT,2025-01-11,deployed,,False,8,arith,4.641,32.487,3.4012,5.17377,-1.453,,,19,8,0,True
SUIUSDT,2025-01-13,deployed,,False,8,geo,2.86131,20.0292,4.12994,4.71418,-3.72446,down,9.22778,4,1,0,True
SUIUSDT,2025-01-15,deployed,,False,8,geo,3.59422,25.1596,4.81831,4.58413,2.29251,,,31,14,0,True
SUIUSDT,2025-01-17,deployed,,True,8,geo,5.00205,35.0143,5.39125,4.7602,-7.22061,down,240,14,5,0,True
SUIUSDT,2025-01-19,deployed,,True,8,geo,4.03596,28.2517,5.13451,5.021,-7.19924,down,144.761,13,4,0,True
SUIUSDT,2025-01-21,deployed,,True,8,arith,5.88289,41.1803,5.7334,4.39325,-8.77389,down,146.017,4,1,0,True
SUIUSDT,2025-01-23,deployed,,True,8,geo,3.34562,23.4194,6.63392,4.49189,-5.87357,down,93.8944,7,2,0,True
SUIUSDT,2025-01-25,deployed,,True,8,geo,3.71291,25.9903,5.31809,4.19988,-5.71798,down,48.95,3,0,0,True
SUIUSDT,2025-01-27,deployed,,False,8,geo,3.42972,24.008,2.53203,3.86774,-4.71449,down,6.75,2,0,0,True
SUIUSDT,2025-01-29,deployed,,False,8,geo,4.43512,31.0459,2.68751,3.65956,-7.80817,down,120.583,9,3,0,True
SUIUSDT,2025-01-31,deployed,,False,8,geo,4.30216,30.1151,3.97332,4.12455,-10.8631,down,70.75,8,1,0,True
SUIUSDT,2025-02-02,deployed,,False,8,arith,3.77215,26.4051,5.49217,3.77821,-4.89786,down,16.6111,2,0,0,True
SUIUSDT,2025-02-04,deployed,,False,8,geo,7.55982,52.9187,9.5663,3.65696,3.26273,,,10,5,0,True
SUIUSDT,2025-02-06,deployed,,False,8,arith,5.55002,38.8502,5.23148,3.34223,5.59643,,,11,6,0,True
SUIUSDT,2025-02-08,deployed,,False,8,arith,5.84283,40.8998,4.57079,3.0124,7.66282,,,12,7,0,True
SUIUSDT,2025-02-10,deployed,,False,8,geo,5.06136,35.4295,4.40091,3,5.11755,up,32.7778,5,4,0,True
SUIUSDT,2025-02-12,deployed,,False,8,arith,5.33658,37.3561,7.43761,3.30952,3.77314,,,12,6,0,True
SUIUSDT,2025-02-14,deployed,,False,8,arith,3.55235,24.8664,3.96385,3.47979,-6.65078,down,105.067,7,2,0,True
SUIUSDT,2025-02-16,deployed,,False,8,geo,1.76145,12.3301,1.50328,3.43467,-3.02982,down,18.4833,2,0,0,True
SUIUSDT,2025-02-18,deployed,,False,8,geo,2.32452,16.2716,2.74494,3.23889,-3.85506,down,9.06667,3,0,0,True
SUIUSDT,2025-02-20,deployed,,False,8,arith,3.05433,21.3803,2.6122,3.22159,1.42488,up,21.0167,2,2,0,True
SUIUSDT,2025-02-22,deployed,,True,8,geo,4.29999,30.0999,4.02215,3.29021,-7.39739,down,71.0778,5,1,0,True
SUIUSDT,2025-02-24,deployed,,False,8,geo,1.69033,11.8323,1.85605,3.37995,-4.5159,down,14.4333,8,2,0,True
SUIUSDT,2025-02-26,deployed,,True,8,arith,7.37251,51.6076,5.29887,2.96788,-0.824768,,,12,5,0,True
SUIUSDT,2025-02-28,deployed,,False,8,geo,3.26123,22.8286,2.75446,2.78041,-5.26145,down,3.86667,2,0,0,True
SUIUSDT,2025-03-02,deployed,,False,8,arith,2.79999,19.5999,2.26763,2.81812,2.78089,up,16.6111,5,4,0,True
SUIUSDT,2025-03-04,deployed,,False,8,arith,5.94435,41.6105,6.21932,2.63445,-8.57158,down,16.6667,2,0,0,True
SUIUSDT,2025-03-06,deployed,,False,8,geo,4.05075,28.3553,3.33924,2.63325,1.58986,up,14.2111,2,2,0,True
SUIUSDT,2025-03-08,deployed,,False,8,arith,6.23276,43.6293,6.53536,2.57613,-10.541,down,66.4,3,0,0,True
SUIUSDT,2025-03-10,deployed,,False,8,geo,3.76718,26.3703,3.64818,2.29902,-4.09965,down,17.1664,5,2,0,True
SUIUSDT,2025-03-12,deployed,,False,8,arith,4.4514,31.1598,2.06108,2.23039,3.41852,,,12,6,0,True
SUIUSDT,2025-03-14,deployed,,False,8,arith,4.17883,29.2518,3.23116,2.16737,4.58381,,,9,5,0,True
SUIUSDT,2025-03-16,deployed,,False,8,arith,1.56713,10.9699,1.19712,2.35624,4.08589,up,95.1833,33,18,0,True
SUIUSDT,2025-03-18,deployed,,False,8,arith,2.82942,19.8059,2.82478,2.37635,3.24663,up,198.817,14,8,0,True
SUIUSDT,2025-03-20,deployed,,True,8,geo,3.33918,23.3742,3.48496,2.48099,2.2214,up,154.617,9,5,0,True
SUIUSDT,2025-03-22,deployed,,False,8,geo,1.70023,11.9016,1.81703,2.2421,5.75891,up,101.794,14,10,0,True
SUIUSDT,2025-03-24,reject,liquidity < $10.0K/24h,,,,,,,,,,,,,,
SUIUSDT,2025-03-26,deployed,,True,8,geo,1.88818,13.2173,1.4539,2.46068,0.848081,up,10.4278,2,2,0,True
SUIUSDT,2025-03-28,deployed,,False,8,geo,2.84668,19.9268,0.868964,2.78501,-7.1505,down,34.7111,6,0,0,True
SUIUSDT,2025-03-30,deployed,,True,8,geo,2.72624,19.0837,1.7686,2.31622,-1.31264,down,28.3833,3,1,0,True
SUIUSDT,2025-04-01,deployed,,False,8,geo,3.01308,21.0916,1.87111,2.26761,-1.09725,down,136.4,25,11,0,True
SUIUSDT,2025-04-03,deployed,,True,8,geo,6.14604,43.0223,3.81764,2.31112,-11.4544,down,99.6167,5,1,0,True
SUIUSDT,2025-04-05,deployed,,False,8,arith,3.02864,21.2005,2.43656,2.2604,-7.4074,down,42.3444,4,0,0,True
SUIUSDT,2025-04-07,deployed,,False,8,geo,4.7504,33.2528,3.00234,1.92197,-3.38134,down,3.81667,1,0,0,True
SUIUSDT,2025-04-09,deployed,,False,8,geo,3.59712,25.1798,1.92446,1.92697,5.716,up,18.3167,8,6,0,True
SUIUSDT,2025-04-11,deployed,,False,8,arith,2.80595,19.6417,2.32514,2.11044,2.42532,up,38.4778,3,3,0,True
SUIUSDT,2025-04-13,deployed,,False,8,geo,3.00834,21.0584,2.09984,2.34183,3.15638,up,234.4,15,8,0,True
SUIUSDT,2025-04-15,deployed,,False,8,arith,2.96433,20.7503,1.58644,2.19388,-4.39099,down,41.9278,4,1,0,True
SUIUSDT,2025-04-17,deployed,,False,8,arith,2.92394,20.4676,2.89788,2.05932,4.66334,up,131.944,8,6,0,True
SUIUSDT,2025-04-19,deployed,,False,8,arith,0.800028,5.60019,0.698136,2.12345,1.24556,up,49.1,15,9,0,True
SUIUSDT,2025-04-21,deployed,,False,8,geo,1.35865,9.51058,1.25181,2.11364,1.8325,up,6.08333,4,4,0,True
SUIUSDT,2025-04-23,deployed,,True,8,arith,5.23957,36.677,2.56461,2.65956,0,up,0.0888889,0,0,0,True
SUIUSDT,2025-04-25,deployed,,False,8,arith,5.82666,40.7866,1.11944,3.33963,0.905798,up,7.11667,1,1,0,True
SUIUSDT,2025-04-27,deployed,,False,8,arith,2.86488,20.0542,1.20518,3.51,-0.167489,down,172.761,33,15,0,True
SUIUSDT,2025-04-29,deployed,,False,8,geo,4.45489,31.1842,2.26494,3.5182,8.46684,,,17,10,0,True
SUIUSDT,2025-05-01,deployed,,False,8,geo,3.84804,26.9363,2.91452,3.5069,6.8173,up,189.411,16,10,0,True
SUIUSDT,2025-05-03,deployed,,False,8,arith,2.21859,15.5301,3.64895,3.41686,-4.12851,down,28.6278,5,1,0,True
SUIUSDT,2025-05-05,deployed,,False,8,arith,2.41646,16.9152,2.55905,3.29171,4.34378,up,75.2778,16,10,0,True
SUIUSDT,2025-05-07,deployed,,False,8,arith,4.4535,31.1745,3.9515,3.36234,4.37441,up,39.75,5,4,0,True
SUIUSDT,2025-05-09,skip,deploy price outside the band,True,8,geo,4.75001,33.25,3.51465,,,,,,,,
SUIUSDT,2025-05-11,deployed,,False,8,geo,4.05175,28.3623,1.7924,4.11914,1.10278,,,14,6,0,True
SUIUSDT,2025-05-13,deployed,,False,8,arith,4.09472,28.663,2.32922,3.96828,3.33087,,,16,8,0,True
SUIUSDT,2025-05-15,deployed,,False,8,geo,2.10486,14.734,2.69415,3.91866,-4.05959,down,14.85,3,0,0,True
SUIUSDT,2025-05-17,deployed,,False,8,arith,2.95539,20.6877,3.79589,3.78651,0.211098,down,201.761,33,15,0,True
SUIUSDT,2025-05-19,deployed,,True,8,arith,3.84435,26.9105,4.31772,3.96208,0.585334,,,19,8,0,True
SUIUSDT,2025-05-21,deployed,,True,8,geo,3.0081,21.0567,3.63363,3.85694,-4.38703,down,145.394,16,6,0,True
SUIUSDT,2025-05-23,deployed,,True,8,arith,4.12244,28.8571,3.13465,3.88795,-9.83261,down,184.628,5,1,0,True
SUIUSDT,2025-05-25,deployed,,False,8,geo,1.41697,9.91882,1.6476,3.59914,-2.0332,down,9.21667,6,2,0,True
SUIUSDT,2025-05-27,deployed,,False,8,arith,1.69853,11.8897,1.12374,3.46758,-0.306576,down,88.6111,32,15,0,True
SUIUSDT,2025-05-29,deployed,,False,8,geo,2.45615,17.193,2.99602,3.60584,-5.20032,down,40.6278,11,4,0,True
SUIUSDT,2025-05-31,deployed,,False,8,geo,4.3971,30.7797,3.03663,3.18877,-3.73956,down,139.433,4,1,0,True
SUIUSDT,2025-06-02,deployed,,False,8,arith,1.94737,13.6316,0.815116,3.36214,-5.82382,down,91.3778,9,2,0,True
SUIUSDT,2025-06-04,deployed,,False,8,arith,2.35039,16.4527,2.0367,3.2499,-5.48453,down,43.35,3,0,0,True
SUIUSDT,2025-06-06,deployed,,True,8,arith,4.13563,28.9494,2.13771,2.91406,4.9093,,,11,6,0,True
SUIUSDT,2025-06-08,deployed,,False,8,arith,1.52591,10.6814,1.45627,3.23939,1.17199,up,41.2167,5,4,0,True
SUIUSDT,2025-06-10,deployed,,True,8,geo,1.88426,13.1898,1.60959,3.44427,0.238229,up,11.7278,2,1,0,True
SUIUSDT,2025-06-12,deployed,,False,8,arith,2.48011,17.3608,1.35682,3.39566,-4.80892,down,24.1444,3,0,0,True
SUIUSDT,2025-06-14,deployed,,False,8,arith,2.95635,20.6944,2.44178,3.06082,-4.36042,down,88.9667,7,2,0,True
SUIUSDT,2025-06-16,deployed,,False,8,geo,1.93026,13.5118,0.909247,3.0168,-4.15047,down,56.7,12,4,0,True
SUIUSDT,2025-06-18,deployed,,False,8,geo,2.8486,19.9402,1.35324,2.82553,-2.36162,down,10.4833,3,1,0,True
SUIUSDT,2025-06-20,deployed,,False,8,arith,1.47003,10.2902,0.6417,2.85644,-4.14884,down,17.4667,6,1,0,True
SUIUSDT,2025-06-22,deployed,,False,8,geo,3.82571,26.78,1.69371,2.56612,-5.34421,down,19.3444,2,0,0,True
SUIUSDT,2025-06-24,deployed,,False,8,arith,5.25569,36.7898,3.14778,2.83973,2.45002,up,221.994,7,4,0,True
SUIUSDT,2025-06-26,deployed,,False,8,geo,2.95038,20.6527,2.34687,2.72159,5.31608,up,176.817,12,8,0,True
SUIUSDT,2025-06-28,deployed,,False,8,geo,2.04186,14.293,2.25447,2.70508,1.14277,up,46.3611,3,3,0,True
SUIUSDT,2025-06-30,deployed,,True,8,geo,2.50328,17.5229,1.95358,2.90356,1.97549,up,79,10,6,0,True
SUIUSDT,2025-07-02,deployed,,False,8,geo,1.31532,9.20726,1.25756,2.67727,3.62435,up,16.7778,6,6,0,True
SUIUSDT,2025-07-04,deployed,,False,8,geo,1.8763,13.1341,1.4415,3.03631,1.70728,up,146.467,13,7,0,True
SUIUSDT,2025-07-06,reject,liquidity < $10.0K/24h,,,,,,,,,,,,,,
SUIUSDT,2025-07-08,deployed,,False,8,geo,1.93098,13.5169,1.51907,2.83873,2.82042,up,47.1944,4,4,0,True
SUIUSDT,2025-07-10,deployed,,True,8,geo,2.57891,18.0524,2.0001,3.05382,0.450476,up,5.16667,1,1,0,True
SUIUSDT,2025-07-12,deployed,,False,8,geo,4.49733,31.4813,1.3228,3.38305,4.5833,up,58.7278,4,4,0,True
SUIUSDT,2025-07-14,deployed,,False,8,arith,2.23338,15.6337,1.05447,3.49049,1.25707,up,1.79444,3,3,0,True
SUIUSDT,2025-07-16,deployed,,False,8,geo,3.88974,27.2282,1.21921,4.09383,3.51446,,,19,9,0,True
SUIUSDT,2025-07-18,deployed,,False,8,geo,2.56723,17.9706,1.2903,4.0117,-2.97355,down,137.444,18,7,0,True
SUIUSDT,2025-07-20,deployed,,False,8,arith,2.41539,16.9078,2.46928,3.83903,6.0966,up,158.928,31,17,0,True
SUIUSDT,2025-07-22,deployed,,False,8,geo,2.755,19.285,3.24843,3.96908,-5.08241,down,54.7611,12,4,0,True
SUIUSDT,2025-07-24,deployed,,True,8,arith,3.9552,27.6864,4.36114,3.72749,-1.48932,down,231.983,22,10,0,True
SUIUSDT,2025-07-26,deployed,,True,8,geo,2.82394,19.7676,4.63831,3.94517,0.500902,up,14.8444,1,1,0,True
SUIUSDT,2025-07-28,deployed,,True,8,geo,2.94242,20.5969,2.71428,4.33543,-6.89015,down,48.9,5,0,0,True
SUIUSDT,2025-07-30,deployed,,True,8,geo,2.53351,17.7346,3.34618,3.80722,-3.51523,down,48.2667,8,3,0,True
SUIUSDT,2025-08-01,deployed,,False,8,arith,3.22313,22.5619,3.36759,3.62255,-5.02572,down,40.35,2,0,0,True
SUIUSDT,2025-08-03,deployed,,False,8,geo,4.14059,28.9841,2.68578,3.35574,6.21553,,,7,5,0,True
SUIUSDT,2025-08-05,deployed,,False,8,arith,2.42958,17.007,1.40503,3.59393,1.35557,up,61.0833,6,4,0,True
SUIUSDT,2025-08-07,deployed,,False,8,geo,1.82194,12.7536,1.62356,3.5107,1.05135,up,11.1333,4,3,0,True
SUIUSDT,2025-08-09,deployed,,False,8,geo,2.33016,16.3111,1.61961,3.83533,2.90663,up,108.428,14,8,0,True
SUIUSDT,2025-08-11,deployed,,False,8,arith,2.04532,14.3172,0.843617,3.88225,-0.619286,down,171.633,33,15,0,True
SUIUSDT,2025-08-13,deployed,,True,8,arith,2.61571,18.31,1.82645,3.89395,0.966987,up,26.85,2,2,0,True
SUIUSDT,2025-08-15,deployed,,False,8,arith,3.94706,27.6294,2.77284,3.77111,-5.66002,down,133.961,4,1,0,True
SUIUSDT,2025-08-17,deployed,,False,8,arith,1.18914,8.324,1.91083,3.77521,-2.53422,down,29.7611,8,2,0,True
SUIUSDT,2025-08-19,deployed,,True,8,geo,2.34009,16.3806,2.69508,3.60804,-2.88624,down,18.9444,4,1,0,True
SUIUSDT,2025-08-21,deployed,,False,8,geo,2.71804,19.0263,2.30233,3.56402,3.1563,up,91.3944,11,7,0,True
SUIUSDT,2025-08-23,deployed,,False,8,geo,3.09966,21.6976,1.96908,3.7484,0.257375,up,43.2,1,1,0,True
SUIUSDT,2025-08-25,deployed,,False,8,arith,3.9457,27.6199,2.58136,3.67807,-7.70555,down,170.511,5,1,0,True
SUIUSDT,2025-08-27,deployed,,True,8,geo,2.57566,18.0296,2.49606,3.46118,-5.17202,down,141.778,8,2,0,True
SUIUSDT,2025-08-29,deployed,,False,8,geo,1.86382,13.0467,2.46442,3.497,-4.0973,down,18.4278,6,1,0,True
SUIUSDT,2025-08-31,deployed,,False,8,arith,0.836756,5.85729,0.406903,3.30262,-2.25846,down,26.4444,6,1,0,True
SUIUSDT,2025-09-02,deployed,,False,8,arith,2.28273,15.9791,1.53796,3.20198,4.76792,up,174.694,13,9,0,True
SUIUSDT,2025-09-04,deployed,,False,8,geo,1.34398,9.40787,1.39535,3.38405,1.54735,up,105.45,16,9,0,True
SUIUSDT,2025-09-06,deployed,,True,8,arith,1.58822,11.1175,1.56985,3.38505,1.3026,up,78.35,7,5,0,True
SUIUSDT,2025-09-08,deployed,,False,8,arith,0.979874,6.85912,0.943981,3.41546,0.66907,up,13.05,6,4,0,True
SUIUSDT,2025-09-10,deployed,,False,8,geo,1.54268,10.7987,1.09334,3.47009,1.78592,up,46.2778,7,5,0,True
SUIUSDT,2025-09-12,deployed,,False,8,arith,1.50191,10.5134,0.602575,3.66506,0.876115,up,33.1833,4,3,0,True
SUIUSDT,2025-09-14,deployed,,False,8,arith,2.3398,16.3786,0.91635,3.82853,-6.30245,down,198.094,15,5,0,True
SUIUSDT,2025-09-16,deployed,,False,8,arith,1.6905,11.8335,1.2918,3.5196,-1.04637,down,4.36667,1,0,0,True
SUIUSDT,2025-09-18,deployed,,True,8,geo,3.22902,22.6031,1.99,3.7671,-6.18899,down,179.683,13,4,0,True
SUIUSDT,2025-09-20,deployed,,True,8,arith,2.62319,18.3623,2.24242,3.64526,-6.63717,down,54.0778,2,0,0,True
SUIUSDT,2025-09-22,deployed,,False,8,geo,1.71163,11.9814,2.08179,3.62045,-5.98382,down,6.09444,3,0,0,True
SUIUSDT,2025-09-24,deployed,,False,8,arith,2.31688,16.2181,0.905281,3.33583,-4.55032,down,42.0167,7,2,0,True
SUIUSDT,2025-09-26,deployed,,False,8,arith,4.10153,28.7107,2.92454,3.12905,7.27744,,,8,6,0,True
SUIUSDT,2025-09-28,deployed,,False,8,arith,0.998505,6.98954,0.464619,3.18397,1.33721,up,31.7167,8,6,0,True
SUIUSDT,2025-09-30,deployed,,False,8,arith,1.64439,11.5108,1.63345,3.28461,1.38987,up,38.35,7,5,0,True
SUIUSDT,2025-10-02,skip,deploy price outside the band,False,8,geo,1.8549,12.9843,1.95633,,,,,,,,
SUIUSDT,2025-10-04,deployed,,False,8,arith,1.7813,12.4691,0.315205,3.57953,-2.46489,down,134.644,16,6,0,True
SUIUSDT,2025-10-06,deployed,,False,8,arith,1.43721,10.0605,0.5769,3.55142,-2.1694,down,86.4667,13,5,0,True
SUIUSDT,2025-10-08,deployed,,False,8,arith,2.01523,14.1066,1.26213,3.44417,-1.79761,down,38.6444,3,1,0,True
SUIUSDT,2025-10-10,deployed,,False,8,geo,1.54278,10.7995,1.57134,3.40826,-2.65182,down,18.0833,3,0,0,True
SUIUSDT,2025-10-12,deployed,,False,8,arith,5.62986,39.409,1.48229,2.54502,3.01301,,,11,5,0,True
SUIUSDT,2025-10-14,deployed,,False,8,geo,3.67195,25.7036,2.08244,2.98489,-7.91809,down,78.9111,10,2,0,True
SUIUSDT,2025-10-16,deployed,,False,8,geo,3.18192,22.2735,2.65925,2.68497,-4.53859,down,26.5333,4,1,0,True
SUIUSDT,2025-10-18,deployed,,False,8,geo,3.13255,21.9279,3.72363,2.44388,5.9751,,,16,9,0,True
SUIUSDT,2025-10-20,deployed,,False,8,geo,2.50815,17.5571,3.02538,2.57933,3.79406,up,172.95,20,11,0,True
SUIUSDT,2025-10-22,deployed,,True,8,geo,4.70716,32.9501,4.77826,2.48889,-0.448581,,,7,3,0,True
SUIUSDT,2025-10-24,deployed,,False,8,geo,1.7423,12.1961,1.39907,2.42097,2.28597,up,59.7833,8,6,0,True
SUIUSDT,2025-10-26,deployed,,False,8,geo,0.988766,6.92136,1.13428,2.53561,0.474225,up,11.8444,4,3,0,True
SUIUSDT,2025-10-28,deployed,,True,8,arith,2.21718,15.5203,1.67642,2.63115,-4.65023,down,52.55,8,2,0,True
SUIUSDT,2025-10-30,deployed,,True,8,arith,3.38063,23.6644,2.03481,2.5175,-6.43196,down,17.6778,5,1,0,True
SUIUSDT,2025-11-01,deployed,,False,8,geo,2.04362,14.3054,1.49253,2.36925,-4.51697,down,54.6,4,0,0,True
SUIUSDT,2025-11-03,deployed,,False,8,geo,1.97164,13.8015,1.15361,2.35704,-4.12255,down,4.11111,3,0,0,True
SUIUSDT,2025-11-05,deployed,,False,8,geo,7.16416,50.1491,2.06734,1.97479,-4.87681,,,3,1,0,True
SUIUSDT,2025-11-07,deployed,,False,8,geo,2.96316,20.7422,1.413,1.96448,4.20338,up,81.9333,6,5,0,True
SUIUSDT,2025-11-09,deployed,,False,8,arith,1.83543,12.848,1.30277,2.12185,-2.04531,down,88.5944,22,9,0,True
SUIUSDT,2025-11-11,deployed,,False,8,geo,2.90231,20.3162,2.81311,2.16336,-6.47078,down,65.7333,6,1,0,True
SUIUSDT,2025-11-13,deployed,,False,8,arith,2.19045,15.3332,3.23342,1.96468,-2.24045,down,18.15,4,1,0,True
SUIUSDT,2025-11-15,deployed,,True,8,geo,5.01926,35.1348,3.98155,1.7428,-7.19056,down,114.8,5,1,0,True
SUIUSDT,2025-11-17,deployed,,False,8,geo,3.01388,21.0971,0.919543,1.69378,-3.45787,down,64.2833,8,3,0,True
SUIUSDT,2025-11-19,deployed,,False,8,geo,1.93185,13.5229,0.909972,1.66597,-4.07532,down,17.15,6,1,0,True
SUIUSDT,2025-11-21,deployed,,False,8,geo,4.17224,29.2057,2.22533,1.4968,-4.91838,down,8,2,0,0,True
SUIUSDT,2025-11-23,deployed,,False,8,geo,2.92116,20.4481,0.650869,1.34734,3.31282,up,42.1667,4,4,0,True
SUIUSDT,2025-11-25,deployed,,False,8,geo,4.43474,31.0431,2.45762,1.52961,1.07446,up,86.5833,3,2,0,True
SUIUSDT,2025-11-27,deployed,,False,8,geo,2.43768,17.0638,1.3412,1.54222,-5.2436,down,96.9444,10,3,0,True
SUIUSDT,2025-11-29,deployed,,False,8,arith,2.45612,17.1928,1.60033,1.52761,-6.05364,down,48.9333,5,1,0,True
SUIUSDT,2025-12-01,deployed,,False,8,geo,1.92441,13.4709,1.22948,1.5028,-3.81916,down,0.811111,3,0,0,True
SUIUSDT,2025-12-03,skip,deploy price outside the band,False,8,geo,4.21833,29.5283,2.84392,,,,,,,,
SUIUSDT,2025-12-05,deployed,,False,8,geo,2.35204,16.4643,0.773269,1.66597,-4.37743,down,22.2667,5,1,0,True
SUIUSDT,2025-12-07,deployed,,False,8,geo,2.00393,14.0275,1.45841,1.56412,2.82156,up,64.0944,13,8,0,True
SUIUSDT,2025-12-09,deployed,,False,8,arith,2.52492,17.6744,2.08013,1.61665,-2.01636,down,161.367,26,11,0,True
SUIUSDT,2025-12-11,deployed,,False,8,geo,3.84715,26.9301,2.50005,1.63095,-6.89317,down,173.667,10,3,0,True
SUIUSDT,2025-12-13,deployed,,True,8,arith,1.99447,13.9613,2.27852,1.56903,-3.79783,down,66.0944,10,3,0,True
SUIUSDT,2025-12-15,deployed,,True,8,geo,1.87913,13.1539,2.54997,1.55312,-3.063,down,15.3944,4,1,0,True
SUIUSDT,2025-12-17,deployed,,False,8,geo,2.18598,15.3018,1.9033,1.5051,-5.72528,down,41.2944,8,2,0,True
SUIUSDT,2025-12-19,deployed,,True,8,arith,4.38807,30.7165,2.2321,1.34914,4.66041,,,4,3,0,True
SUIUSDT,2025-12-21,reject,liquidity < $10.0K/24h,,,,,,,,,,,,,,
SUIUSDT,2025-12-23,deployed,,False,8,geo,1.76372,12.3461,1.29383,1.45998,-3.75853,down,70.95,6,1,0,True
SUIUSDT,2025-12-25,deployed,,False,8,geo,0.97173,6.80211,0.989732,1.41637,-2.36901,down,22.8667,5,1,0,True
SUIUSDT,2025-12-27,deployed,,False,8,arith,0.85204,5.96428,0.778898,1.39796,1.11388,up,22.3611,4,4,0,True
SUIUSDT,2025-12-29,reject,liquidity < $10.0K/24h,,,,,,,,,,,,,,
SUIUSDT,2025-12-31,deployed,,True,8,geo,0.893833,6.25683,0.844039,1.43317,-1.70078,down,20.1167,5,1,0,True
SUIUSDT,2026-01-02,deployed,,True,8,arith,1.00874,7.0612,0.853422,1.47389,0.122833,up,3.2,2,1,0,True
SUIUSDT,2026-01-04,deployed,,False,8,geo,1.45358,10.1751,0.194806,1.66597,0.417179,up,3.28333,2,2,0,True
SUIUSDT,2026-01-06,deployed,,False,8,geo,4.38232,30.6762,1.10202,1.90526,0.37399,up,1.02778,1,1,0,True
SUIUSDT,2026-01-08,deployed,,False,8,geo,2.32358,16.265,0.578802,1.82183,0.357763,down,207.533,28,13,0,True
SUIUSDT,2026-01-10,deployed,,False,8,arith,2.02183,14.1528,0.872011,1.82583,-2.56146,down,216.094,42,19,0,True
SUIUSDT,2026-01-12,deployed,,False,8,arith,3.00656,21.0459,1.99661,1.78951,-4.2957,down,168.3,15,6,0,True
SUIUSDT,2026-01-14,deployed,,True,8,arith,3.86421,27.0495,3.17268,1.87385,-8.68735,down,127.094,7,1,0,True
SUIUSDT,2026-01-16,deployed,,True,8,geo,1.89412,13.2588,2.1843,1.78711,-2.36876,down,71.8778,8,3,0,True
SUIUSDT,2026-01-18,deployed,,True,8,arith,0.896785,6.27749,1.32641,1.78201,-2.92242,down,23.85,5,1,0,True
SUIUSDT,2026-01-20,reject,no fee-positive grid,,,,,,,,,,,,,,
SUIUSDT,2026-01-22,deployed,,False,8,geo,3.99723,27.9806,0.697711,1.5079,-7.29221,down,183.317,8,2,0,True
SUIUSDT,2026-01-24,deployed,,False,8,geo,1.75912,12.3139,0.659827,1.491,-3.50696,down,40.3611,3,0,0,True
SUIUSDT,2026-01-26,deployed,,False,8,geo,2.61942,18.3359,1.00195,1.40136,-2.70294,down,84.7444,4,1,0,True
SUIUSDT,2026-01-28,reject,liquidity < $10.0K/24h,,,,,,,,,,,,,,
SUIUSDT,2026-01-30,deployed,,False,8,geo,2.69474,18.8632,1.24819,1.31933,-2.98702,down,2.44444,1,0,0,True
SUIUSDT,2026-02-01,deployed,,False,8,arith,5.07637,35.5346,2.09774,1.15366,-6.15228,down,102.444,2,0,0,True
SUIUSDT,2026-02-03,deployed,,False,8,geo,1.67705,11.7393,0.682972,1.15446,-2.47912,down,39.6778,19,7,0,True
SUIUSDT,2026-02-05,deployed,,False,8,geo,4.71997,33.0398,1.76034,1.09304,-9.52974,down,18.55,3,0,0,True
SUIUSDT,2026-02-07,deployed,,False,8,geo,3.32198,23.2539,1.16388,1.02491,2.97948,,,19,9,0,True
SUIUSDT,2026-02-09,reject,liquidity < $10.0K/24h,,,,,,,,,,,,,,
SUIUSDT,2026-02-11,deployed,,False,8,arith,1.39437,9.7606,0.876787,0.924669,-1.91126,down,6.21667,3,1,0,True
SUIUSDT,2026-02-13,reject,liquidity < $10.0K/24h,,,,,,,,,,,,,,
SUIUSDT,2026-02-15,deployed,,False,8,arith,2.12689,14.8882,1.6399,1.02841,0.150492,up,7.66667,1,1,0,True
SUIUSDT,2026-02-17,reject,liquidity < $10.0K/24h,,,,,,,,,,,,,,
SUIUSDT,2026-02-19,reject,liquidity < $10.0K/24h,,,,,,,,,,,,,,
SUIUSDT,2026-02-21,reject,liquidity < $10.0K/24h,,,,,,,,,,,,,,
SUIUSDT,2026-02-23,reject,liquidity < $10.0K/24h,,,,,,,,,,,,,,
SUIUSDT,2026-02-25,deployed,,False,8,geo,0.765718,5.36003,0.125307,0.861544,1.47049,up,1.43333,5,5,0,True
SUIUSDT,2026-02-27,reject,liquidity < $10.0K/24h,,,,,,,,,,,,,,
SUIUSDT,2026-03-01,deployed,,False,8,arith,2.33668,16.3568,1.43177,0.905561,4.19884,up,88.05,19,11,0,True
SUIUSDT,2026-03-03,deployed,,False,8,geo,3.02497,21.1748,1.76313,0.921768,5.51495,up,183.094,21,12,0,True
SUIUSDT,2026-03-05,deployed,,True,8,arith,3.10163,21.7114,2.31982,0.958883,3.80581,up,192.611,16,9,0,True
SUIUSDT,2026-03-07,deployed,,False,8,arith,1.79776,12.5843,1.34454,0.905862,-1.36133,down,20,1,0,0,True
SUIUSDT,2026-03-09,deployed,,True,8,geo,4.01585,28.1109,2.6549,0.879951,4.93557,up,97.7944,6,5,0,True
SUIUSDT,2026-03-11,reject,liquidity < $10.0K/24h,,,,,,,,,,,,,,
SUIUSDT,2026-03-13,reject,liquidity < $10.0K/24h,,,,,,,,,,,,,,
SUIUSDT,2026-03-15,reject,liquidity < $10.0K/24h,,,,,,,,,,,,,,
SUIUSDT,2026-03-17,deployed,,False,8,geo,2.67809,18.7466,1.67798,1.07203,-6.59572,down,120.117,8,1,0,True
SUIUSDT,2026-03-19,reject,liquidity < $10.0K/24h,,,,,,,,,,,,,,
SUIUSDT,2026-03-21,reject,liquidity < $10.0K/24h,,,,,,,,,,,,,,
SUIUSDT,2026-03-23,reject,liquidity < $10.0K/24h,,,,,,,,,,,,,,
SUIUSDT,2026-03-25,deployed,,False,8,geo,0.922386,6.4567,0.453033,0.95128,-1.57898,down,39.2444,16,6,0,True
SUIUSDT,2026-03-27,deployed,,False,8,geo,1.57398,11.0178,0.986673,0.924469,-2.37882,down,10.7278,2,0,0,True
SUIUSDT,2026-03-29,deployed,,False,8,arith,1.90006,13.3004,0.739739,0.855341,-2.64979,down,22.8444,2,0,0,True
SUIUSDT,2026-03-31,reject,liquidity < $10.0K/24h,,,,,,,,,,,,,,
SUIUSDT,2026-04-02,reject,liquidity < $10.0K/24h,,,,,,,,,,,,,,
SUIUSDT,2026-04-04,reject,liquidity < $10.0K/24h,,,,,,,,,,,,,,
SUIUSDT,2026-04-06,reject,liquidity < $10.0K/24h,,,,,,,,,,,,,,
SUIUSDT,2026-04-08,deployed,,True,8,geo,3.55148,24.8604,1.22188,0.960083,1.77294,up,205.394,7,4,0,True
SUIUSDT,2026-04-10,deployed,,True,8,arith,2.51173,17.5821,1.56537,0.934173,3.00143,up,181.261,9,6,0,True
SUIUSDT,2026-04-12,deployed,,False,8,arith,2.02171,14.152,0.820618,0.941576,2.65149,up,116.083,11,7,0,True
SUIUSDT,2026-04-14,deployed,,False,8,arith,1.82384,12.7669,1.39924,0.960784,0.441055,up,43.6944,4,2,0,True
SUIUSDT,2026-04-16,reject,liquidity < $10.0K/24h,,,,,,,,,,,,,,
SUIUSDT,2026-04-18,deployed,,False,8,geo,1.97396,13.8177,0.988714,0.996998,-4.34743,down,46.4167,6,1,0,True
SUIUSDT,2026-04-20,deployed,,False,8,arith,1.62055,11.3439,1.31701,0.924469,0.0340946,down,231.878,19,9,0,True
SUIUSDT,2026-04-22,reject,liquidity < $10.0K/24h,,,,,,,,,,,,,,
SUIUSDT,2026-04-24,deployed,,True,8,arith,1.3165,9.2155,1.1426,0.943777,-1.99382,down,135.444,11,4,0,True
SUIUSDT,2026-04-26,reject,liquidity < $10.0K/24h,,,,,,,,,,,,,,
SUIUSDT,2026-04-28,reject,liquidity < $10.0K/24h,,,,,,,,,,,,,,
SUIUSDT,2026-04-30,deployed,,True,8,arith,1.35169,9.46186,0.908117,0.904761,3.21101,up,132.644,13,9,0,True
SUIUSDT,2026-05-02,deployed,,False,8,geo,0.752559,5.26791,0.423347,0.922268,0.670388,up,50.6833,10,6,0,True
SUIUSDT,2026-05-04,deployed,,False,8,geo,0.651979,4.56385,0.45334,0.923469,0.610277,up,4.1,5,4,0,True
SUIUSDT,2026-05-06,deployed,,True,8,arith,1.80891,12.6624,0.813732,0.965585,0.680498,up,8.61667,2,2,0,True
SUIUSDT,2026-05-08,deployed,,True,8,geo,2.21537,15.5076,0.882352,0.969387,3.01821,up,24.8833,4,4,0,True
SUIUSDT,2026-05-10,deployed,,False,8,geo,2.32163,16.2514,0.990126,1.07503,0.67103,up,8.48333,2,2,0,True
SUIUSDT,2026-05-12,deployed,,False,8,arith,4.62719,32.3903,1.04999,1.29032,-10.0536,down,102.433,4,0,0,True
SUIUSDT,2026-05-14,deployed,,False,8,geo,2.11894,14.8326,1.1458,1.21078,-3.22183,down,30.0667,4,1,0,True
SUIUSDT,2026-05-16,skip,deploy price outside the band,False,8,geo,1.63228,11.4259,0.745832,,,,,,,,
SUIUSDT,2026-05-18,deployed,,False,8,geo,2.37516,16.6261,1.10508,1.04512,4.38836,up,90.7,12,8,0,True
SUIUSDT,2026-05-20,reject,liquidity < $10.0K/24h,,,,,,,,,,,,,,
SUIUSDT,2026-05-22,deployed,,True,8,geo,3.83129,26.8191,1.91731,1.12545,-7.4495,down,147.394,11,3,0,True
SUIUSDT,2026-05-24,deployed,,False,8,geo,3.06863,21.4804,2.06914,1.06583,-7.01324,down,99.3667,6,1,0,True
SUIUSDT,2026-05-26,deployed,,False,8,arith,1.92786,13.495,2.16114,1.04452,-4.1632,down,42.0278,3,0,0,True
SUIUSDT,2026-05-28,deployed,,False,8,arith,2.52195,17.6537,1.84617,0.961984,-3.61954,down,5.58333,2,0,0,True
SUIUSDT,2026-05-30,deployed,,False,8,arith,2.17838,15.2487,0.312671,0.904661,-3.23336,down,79.1111,7,2,0,True
SUIUSDT,2026-06-01,deployed,,False,8,arith,1.9898,13.9286,0.550013,0.892056,-3.25896,down,33.4444,7,2,0,True
SUIUSDT,2026-06-03,deployed,,True,8,geo,5.57899,39.0529,3.38491,0.809023,-8.7251,down,55.1,3,0,0,True
SUIUSDT,2026-06-05,deployed,,False,8,arith,4.51288,31.5901,2.96746,0.768407,-7.67105,down,19.3167,4,1,0,True
SUIUSDT,2026-06-07,deployed,,False,8,geo,3.00668,21.0468,1.36364,0.718287,3.7147,up,189.95,11,7,0,True
SUIUSDT,2026-06-09,deployed,,False,8,geo,2.56887,17.9821,2.42538,0.754401,3.73684,up,157.344,13,8,0,True
SUIUSDT,2026-06-11,deployed,,False,8,geo,2.79657,19.576,3.45738,0.72559,4.22406,up,109.344,6,5,0,True
SUIUSDT,2026-06-13,reject,liquidity < $10.0K/24h,,,,,,,,,,,,,,
SUIUSDT,2026-06-15,reject,liquidity < $10.0K/24h,,,,,,,,,,,,,,
SUIUSDT,2026-06-17,reject,liquidity < $10.0K/24h,,,,,,,,,,,,,,
SUIUSDT,2026-06-19,deployed,,True,8,arith,1.69272,11.849,2.19616,0.729291,-1.95592,down,3.31111,0,0,0,True
SUIUSDT,2026-06-21,reject,liquidity < $10.0K/24h,,,,,,,,,,,,,,
SUIUSDT,2026-06-23,deployed,,False,8,geo,2.60118,18.2083,0.990591,0.720087,4.40417,,,23,12,0,True
SUIUSDT,2026-06-25,deployed,,False,8,arith,2.82797,19.7958,1.68281,0.685274,5.53211,up,211.361,14,9,0,True
SUIUSDT,2026-06-27,deployed,,False,8,geo,2.29608,16.0726,1.95843,0.698179,1.98199,up,129.767,8,5,0,True
SUIUSDT,2026-06-29,deployed,,True,8,arith,2.0952,14.6664,2.33463,0.682172,2.89864,up,81.7667,8,6,0,True
SUIUSDT,2026-07-01,deployed,,True,8,arith,1.54767,10.8337,2.13676,0.689575,1.90484,up,28.0333,6,5,0,True
SUIUSDT,2026-07-03,deployed,,False,8,geo,1.4865,10.4055,1.35903,0.735594,0.599986,up,13.9778,2,2,0,True
SUIUSDT,2026-07-05,deployed,,False,8,geo,1.44431,10.1102,0.411698,0.761704,-1.93999,down,74.0167,20,8,0,True
SUIUSDT,2026-07-07,deployed,,True,8,arith,2.20991,15.4694,1.35434,0.749199,0.909109,,,11,5,0,True
SUIUSDT,2026-07-09,reject,liquidity < $10.0K/24h,,,,,,,,,,,,,,
SUIUSDT,2026-07-11,reject,liquidity < $10.0K/24h,,,,,,,,,,,,,,
SUIUSDT,2026-07-13,reject,liquidity < $10.0K/24h,,,,,,,,,,,,,,
SUIUSDT,2026-07-15,deployed,,False,8,arith,1.49073,10.4351,1.58989,0.761204,1.26657,up,138.111,13,7,0,True
SUIUSDT,2026-07-17,reject,liquidity < $10.0K/24h,,,,,,,,,,,,,,
SUIUSDT,2026-07-19,reject,liquidity < $10.0K/24h,,,,,,,,,,,,,,
SUIUSDT,2026-07-21,reject,liquidity < $10.0K/24h,,,,,,,,,,,,,,
SUIUSDT,2026-07-23,reject,liquidity < $10.0K/24h,,,,,,,,,,,,,,
SUIUSDT,2026-07-25,skip,deploy price outside the band,False,8,geo,1.07472,7.52304,0.853629,,,,,,,,
SUIUSDT,2026-07-27,reject,liquidity < $10.0K/24h,,,,,,,,,,,,,,
SUIUSDT,2026-07-29,reject,liquidity < $10.0K/24h,,,,,,,,,,,,,,
SUIUSDT,2026-07-31,deployed,,False,8,geo,1.06633,7.46431,0.396161,0.692777,1.24807,,,24,12,0,True
SUIUSDT,2026-08-02,deployed,,False,8,geo,0.786355,5.50448,0.377969,0.678271,2.28001,up,158.878,25,15,0,True
SUIUSDT,2026-08-04,reject,liquidity < $10.0K/24h,,,,,,,,,,,,,,
SUIUSDT,2026-08-06,reject,liquidity < $10.0K/24h,,,,,,,,,,,,,,
SUIUSDT,2026-08-08,reject,liquidity < $10.0K/24h,,,,,,,,,,,,,,
SUIUSDT,2026-08-10,reject,liquidity < $10.0K/24h,,,,,,,,,,,,,,
SUIUSDT,2026-08-12,deployed,,True,8,arith,1.04905,7.34334,0.713446,0.691976,-4.01271,down,146.961,14,5,0,True
SUIUSDT,2026-08-14,reject,liquidity < $10.0K/24h,,,,,,,,,,,,,,
SUIUSDT,2026-08-16,reject,liquidity < $10.0K/24h,,,,,,,,,,,,,,
SUIUSDT,2026-08-18,reject,liquidity < $10.0K/24h,,,,,,,,,,,,,,
SUIUSDT,2026-08-20,deployed,,True,8,arith,3.51904,24.6333,1.00533,0.704281,0.565408,up,15.3167,1,1,0,True
SUIUSDT,2026-08-22,deployed,,True,8,arith,5.51975,38.6383,2.25664,0.845437,0.564916,up,2.74444,1,1,543,False
SUIUSDT,2026-08-24,deployed,,False,8,geo,4.84235,33.8964,2.54336,0.853541,-4.58201,,,5,1,543,False
SUIUSDT,2026-08-26,deployed,,False,8,arith,3.7891,26.5237,3.18117,0.755502,2.57049,,,10,5,543,False
SUIUSDT,2026-08-28,deployed,,False,8,geo,2.85361,19.9753,3.53505,0.781012,3.4779,,,15,8,543,False
SUIUSDT,2026-08-30,deployed,,False,8,geo,1.16348,8.14434,0.990977,0.744997,-2.65563,down,23.6444,8,2,543,False
SUIUSDT,2026-09-01,skip,lookback incomplete,,,,,,,,,,,,,,
SUIUSDT,2026-09-03,skip,lookback incomplete,,,,,,,,,,,,,,
SUIUSDT,2026-09-05,skip,lookback incomplete,,,,,,,,,,,,,,
SUIUSDT,2026-09-07,skip,lookback incomplete,,,,,,,,,,,,,,
SUIUSDT,2026-09-09,skip,lookback incomplete,,,,,,,,,,,,,,
SUIUSDT,2026-09-11,deployed,,False,8,arith,2.1923,15.3461,3.13287,0.72699,-0.927356,down,56.6333,7,3,0,True
SUIUSDT,2026-09-13,deployed,,False,8,geo,1.07694,7.53858,0.508728,0.723589,-1.89714,down,22.55,7,2,0,True
SUIUSDT,2026-09-15,deployed,,False,8,geo,2.56088,17.9262,1.46593,0.722688,3.51374,up,81.2167,11,7,0,True
SUIUSDT,2026-09-17,deployed,,False,8,arith,3.30125,23.1088,1.59236,0.714185,1.86525,up,27.3444,3,3,0,True
ADAUSDT,2025-01-01,deployed,,True,8,arith,2.35645,16.4952,4.05704,0.843456,3.45725,up,24.2111,6,5,0,True
ADAUSDT,2025-01-03,deployed,,True,8,arith,2.63184,18.4228,3.13241,0.962392,0.979659,up,4.01111,2,2,0,True
ADAUSDT,2025-01-05,deployed,,False,8,arith,2.20571,15.44,0.608442,1.06972,-2.56522,down,76.8778,17,7,0,True
ADAUSDT,2025-01-07,deployed,,False,8,geo,2.82808,19.7965,1.33702,1.09503,-6.14743,down,30.85,6,1,0,True
ADAUSDT,2025-01-09,deployed,,False,8,geo,5.31428,37.1999,4.8487,0.946887,9.3719,,,12,7,0,True
ADAUSDT,2025-01-11,deployed,,False,8,geo,3.82816,26.7971,1.94779,0.930983,5.05178,up,111.25,11,7,0,True
ADAUSDT,2025-01-13,deployed,,False,8,arith,2.33641,16.3549,2.57515,0.967494,-4.86891,down,12.0664,5,1,0,True
ADAUSDT,2025-01-15,deployed,,False,8,arith,2.81207,19.6845,3.31763,0.997703,0.862945,up,7.96667,2,2,0,True
ADAUSDT,2025-01-17,deployed,,False,8,geo,5.27796,36.9457,5.15246,1.09033,-0.558293,,,16,7,0,True
ADAUSDT,2025-01-19,deployed,,False,8,geo,3.81774,26.7242,2.16335,1.10253,-5.3846,down,56.8444,14,5,0,True
ADAUSDT,2025-01-21,deployed,,True,8,geo,4.87077,34.0954,6.25746,1.01031,-7.87099,down,151.561,5,1,0,True
ADAUSDT,2025-01-23,deployed,,True,8,geo,4.25254,29.7678,4.93244,0.983198,-1.227,,,13,6,0,True
ADAUSDT,2025-01-25,deployed,,False,8,geo,2.33215,16.325,3.48339,0.970194,-4.43103,down,54.6833,5,1,0,True
ADAUSDT,2025-01-27,deployed,,False,8,geo,2.23919,15.6744,3.17968,0.952789,-3.50685,down,5.77778,2,0,0,True
ADAUSDT,2025-01-29,deployed,,False,8,arith,3.76819,26.3774,4.37794,0.918679,-6.20596,down,114.028,11,4,0,True
ADAUSDT,2025-01-31,deployed,,False,8,geo,1.98575,13.9002,3.59472,0.960291,-4.89476,down,51.2778,8,2,0,True
ADAUSDT,2025-02-02,deployed,,True,8,geo,2.96266,20.7386,3.82597,0.898473,-4.5383,down,16.8997,2,0,0,True
ADAUSDT,2025-02-04,deployed,,False,8,arith,7.92818,55.4972,5.85071,0.810946,1.86475,,,3,1,0,True
ADAUSDT,2025-02-06,deployed,,False,8,geo,4.32772,30.294,2.10591,0.732622,8.01576,,,20,11,0,True
ADAUSDT,2025-02-08,deployed,,False,8,geo,4.18366,29.2856,3.31093,0.706014,7.26861,,,13,8,0,True
ADAUSDT,2025-02-10,deployed,,False,8,geo,4.19459,29.3621,4.09475,0.681807,4.7225,up,29.95,4,4,0,True
ADAUSDT,2025-02-12,deployed,,False,8,arith,6.06425,42.4498,8.69135,0.778736,0.951481,,,4,2,0,True
ADAUSDT,2025-02-14,deployed,,False,8,arith,4.20792,29.4554,5.40841,0.812046,-0.150309,,,7,3,0,True
ADAUSDT,2025-02-16,deployed,,False,8,geo,1.77308,12.4116,1.72453,0.782938,-1.08073,down,64.55,18,8,0,True
ADAUSDT,2025-02-18,deployed,,True,8,arith,3.49227,24.4459,3.68334,0.807545,-7.19375,down,167.066,10,3,0,True
ADAUSDT,2025-02-20,deployed,,False,8,geo,2.98891,20.9223,4.82274,0.774435,-5.86303,down,119.661,8,2,0,True
ADAUSDT,2025-02-22,deployed,,True,8,arith,3.88637,27.2046,4.54294,0.762531,-6.15396,down,71.0664,4,1,0,True
ADAUSDT,2025-02-24,deployed,,False,8,arith,1.83518,12.8462,3.12896,0.771534,-4.48145,down,14.9667,4,0,0,True
ADAUSDT,2025-02-26,deployed,,True,8,arith,5.65433,39.5803,2.91563,0.682607,7.16999,up,111.678,8,6,0,True
ADAUSDT,2025-02-28,deployed,,False,8,arith,3.62797,25.3958,1.99337,0.646896,6.21487,up,63.5944,10,7,0,True
ADAUSDT,2025-03-02,deployed,,False,8,geo,3.44997,24.1498,2.41809,0.6586,1.38908,up,15.5111,2,2,0,True
ADAUSDT,2025-03-04,deployed,,False,8,arith,7.77964,54.4575,3.96143,0.85606,-8.44391,down,158.55,8,3,0,True
ADAUSDT,2025-03-06,deployed,,False,8,geo,5.8789,41.1523,4.03003,0.973295,-11.8584,down,88.7444,7,1,0,True
ADAUSDT,2025-03-08,deployed,,False,8,arith,7.41623,51.9136,5.84067,0.816648,-12.1573,down,72.7111,2,0,0,True
ADAUSDT,2025-03-10,deployed,,False,8,geo,5.36668,37.5667,6.09274,0.721019,5.23319,,,10,5,0,True
ADAUSDT,2025-03-12,deployed,,False,8,arith,4.62608,32.3825,3.30486,0.72382,0.506248,,,6,3,0,True
ADAUSDT,2025-03-14,deployed,,False,8,geo,3.30316,23.1221,3.1354,0.703113,2.11116,,,8,4,0,True
ADAUSDT,2025-03-16,deployed,,False,8,arith,2.07547,14.5283,2.63275,0.748427,-4.6475,down,61.8667,6,1,0,True
ADAUSDT,2025-03-18,deployed,,False,8,geo,2.26061,15.8243,3.51909,0.717718,4.5178,,,25,13,0,True
ADAUSDT,2025-03-20,deployed,,False,8,arith,3.0656,21.4592,3.96874,0.744326,-2.12436,,,11,4,0,True
ADAUSDT,2025-03-22,deployed,,False,8,geo,1.95735,13.7015,2.95053,0.705214,3.21089,up,103.833,8,6,0,True
ADAUSDT,2025-03-24,deployed,,False,8,geo,1.62357,11.365,2.28686,0.710015,1.58718,up,33.6833,5,4,0,True
ADAUSDT,2025-03-26,deployed,,True,8,geo,2.42501,16.9751,2.54992,0.744526,-4.62968,down,83.0278,10,3,0,True
ADAUSDT,2025-03-28,deployed,,True,8,geo,1.82467,12.7727,2.3059,0.738324,-3.78762,down,16.9111,4,0,0,True
ADAUSDT,2025-03-30,deployed,,True,8,geo,2.40066,16.8047,2.77683,0.673704,-3.47055,down,33.2444,4,1,0,True
ADAUSDT,2025-04-01,deployed,,False,8,geo,3.07579,21.5305,2.32537,0.661401,-5.32344,down,138.894,12,4,0,True
ADAUSDT,2025-04-03,deployed,,True,8,arith,4.78705,33.5093,2.95967,0.639294,-7.17808,down,95.4333,4,1,0,True
ADAUSDT,2025-04-05,deployed,,False,8,geo,3.26424,22.8497,2.76023,0.661001,-7.80029,down,44.9833,4,0,0,True
ADAUSDT,2025-04-07,deployed,,False,8,arith,5.40443,37.831,3.50264,0.571573,-6.11388,down,6.81111,1,0,0,True
ADAUSDT,2025-04-09,deployed,,False,8,geo,4.93701,34.559,3.92373,0.557869,5.76624,,,6,4,0,True
ADAUSDT,2025-04-11,deployed,,False,8,geo,3.27861,22.9503,3.94877,0.609785,2.26757,,,8,4,0,True
ADAUSDT,2025-04-13,deployed,,False,8,arith,2.37715,16.6401,2.68343,0.661001,3.01952,up,239.228,19,10,0,True
ADAUSDT,2025-04-15,deployed,,False,8,geo,2.77695,19.4387,2.06039,0.634993,4.27188,up,201.161,10,7,0,True
ADAUSDT,2025-04-17,deployed,,True,8,arith,3.58457,25.092,3.84916,0.609385,3.94283,up,148.9,4,4,0,True
ADAUSDT,2025-04-19,deployed,,False,8,geo,1.3667,9.56689,2.30016,0.62729,1.09395,up,54.3944,8,5,0,True
ADAUSDT,2025-04-21,deployed,,False,8,arith,1.54253,10.7977,2.47214,0.620288,2.42385,up,39.1111,8,6,0,True
ADAUSDT,2025-04-23,deployed,,True,8,arith,3.34902,23.4432,2.38942,0.679806,1.64928,up,39.1611,6,4,0,True
ADAUSDT,2025-04-25,deployed,,False,8,geo,3.57434,25.0204,1.72272,0.72452,-1.18992,,,6,2,0,True
ADAUSDT,2025-04-27,deployed,,False,8,geo,1.55526,10.8868,1.08217,0.707215,-1.54024,down,85.7667,19,8,0,True
ADAUSDT,2025-04-29,deployed,,False,8,geo,2.61228,18.2859,1.87244,0.704314,4.79759,up,239.683,19,11,0,True
ADAUSDT,2025-05-01,deployed,,False,8,geo,2.34473,16.4131,2.18357,0.681507,6.03251,up,188.978,22,13,0,True
ADAUSDT,2025-05-03,deployed,,True,8,arith,2.10522,14.7365,3.20115,0.697112,-2.99157,down,83.0167,11,4,0,True
ADAUSDT,2025-05-05,deployed,,True,8,arith,2.26139,15.8297,2.60172,0.678106,4.696,up,92.9611,11,8,0,True
ADAUSDT,2025-05-07,deployed,,True,8,geo,3.05413,21.3789,2.84274,0.678806,1.75218,up,39.7111,3,3,0,True
ADAUSDT,2025-05-09,deployed,,True,8,geo,3.63087,25.4161,1.96582,0.768433,0,up,2.31667,0,0,0,True
ADAUSDT,2025-05-11,deployed,,False,8,geo,3.54049,24.7835,1.42158,0.842456,-0.594366,,,18,7,0,True
ADAUSDT,2025-05-13,deployed,,False,8,arith,4.47822,31.3475,2.63525,0.817148,2.23355,,,9,4,0,True
ADAUSDT,2025-05-15,deployed,,False,8,arith,2.20237,15.4166,2.67296,0.799243,-3.94097,down,49.8333,9,3,0,True
ADAUSDT,2025-05-17,deployed,,False,8,geo,2.83273,19.8291,3.52664,0.75873,3.63471,,,20,10,0,True
ADAUSDT,2025-05-19,deployed,,True,8,arith,3.89526,27.2668,4.97532,0.761331,1.32686,,,9,4,0,True
ADAUSDT,2025-05-21,deployed,,False,8,arith,2.47012,17.2909,2.75372,0.744726,2.32148,up,32.4278,7,5,0,True
ADAUSDT,2025-05-23,deployed,,False,8,arith,1.94591,13.6213,2.80102,0.808145,0.282668,up,2.63333,1,1,0,True
ADAUSDT,2025-05-25,deployed,,False,8,arith,1.93349,13.5344,3.323,0.744526,-3.99174,down,121.028,10,4,0,True
ADAUSDT,2025-05-27,deployed,,True,8,arith,1.83382,12.8368,2.91799,0.759831,-4.33136,down,73.0444,10,3,0,True
ADAUSDT,2025-05-29,deployed,,False,8,geo,1.93264,13.5285,2.56371,0.746527,-4.10148,down,25.0444,5,1,0,True
ADAUSDT,2025-05-31,deployed,,True,8,arith,2.91792,20.4255,2.30164,0.689209,-3.90182,down,139.378,6,2,0,True
ADAUSDT,2025-06-02,deployed,,False,8,geo,2.03595,14.2516,0.65361,0.683708,-4.16977,down,92.7111,12,4,0,True
ADAUSDT,2025-06-04,deployed,,False,8,geo,1.87053,13.0937,1.05359,0.686108,-3.79716,down,44.2111,6,1,0,True
ADAUSDT,2025-06-06,deployed,,True,8,geo,3.92243,27.457,2.25542,0.62619,2.121,,,6,3,0,True
ADAUSDT,2025-06-08,deployed,,False,8,arith,0.967602,6.77321,0.929099,0.664102,1.60376,up,41.3833,17,10,0,True
ADAUSDT,2025-06-10,deployed,,False,8,geo,2.18205,15.2744,1.96157,0.703313,0.838231,up,27.9167,5,3,0,True
ADAUSDT,2025-06-12,deployed,,False,8,geo,2.51796,17.6257,1.9291,0.697012,-4.95115,down,24.2778,3,0,0,True
ADAUSDT,2025-06-14,deployed,,False,8,geo,2.23163,15.6214,1.60828,0.642495,-3.62186,down,109.35,11,4,0,True
ADAUSDT,2025-06-16,deployed,,False,8,arith,1.45146,10.1603,0.785548,0.633392,-2.23193,down,61.3611,20,8,0,True
ADAUSDT,2025-06-18,deployed,,False,8,geo,2.22321,15.5625,1.09313,0.610385,-3.1139,down,63.0111,2,0,0,True
ADAUSDT,2025-06-20,deployed,,False,8,geo,1.44675,10.1272,0.906384,0.601583,-3.49668,down,17.4444,8,2,0,True
ADAUSDT,2025-06-22,deployed,,False,8,geo,3.85089,26.9562,2.22107,0.557469,1.09585,,,11,5,0,True
ADAUSDT,2025-06-24,deployed,,False,8,geo,4.42232,30.9563,2.94907,0.583077,2.44799,,,7,4,0,True
ADAUSDT,2025-06-26,deployed,,False,8,geo,1.89691,13.2784,1.72367,0.566672,-0.90847,down,138.417,20,9,0,True
ADAUSDT,2025-06-28,deployed,,False,8,arith,3.03141,21.2199,3.11516,0.55897,3.23967,,,11,6,0,True
ADAUSDT,2025-06-30,deployed,,False,8,geo,2.09069,14.6348,2.67438,0.576975,2.13963,up,78.4278,12,7,0,True
ADAUSDT,2025-07-02,deployed,,True,8,geo,2.12963,14.9074,2.23143,0.542365,4.3101,up,31.7278,5,5,0,True
ADAUSDT,2025-07-04,deployed,,True,8,arith,1.89971,13.298,1.74087,0.598782,2.501,up,151.794,13,8,0,True
ADAUSDT,2025-07-06,deployed,,False,8,arith,0.873824,6.11677,0.889482,0.576975,1.80173,up,77.7278,23,13,0,True
ADAUSDT,2025-07-08,deployed,,False,8,geo,2.25392,15.7774,1.97344,0.579876,2.28501,up,55.5444,4,4,0,True
ADAUSDT,2025-07-10,deployed,,True,8,arith,2.31095,16.1766,1.90143,0.622789,0.245685,up,16.5667,1,1,0,True
ADAUSDT,2025-07-12,deployed,,False,8,arith,5.7089,39.9623,3.10848,0.710516,3.83231,up,129.828,5,4,0,True
ADAUSDT,2025-07-14,deployed,,False,8,geo,3.40785,23.8549,1.33765,0.738724,3.02946,up,81.75,7,5,0,True
ADAUSDT,2025-07-16,deployed,,False,8,arith,3.24191,22.6934,1.88213,0.746026,2.7607,up,34.3444,5,4,0,True
ADAUSDT,2025-07-18,deployed,,True,8,geo,5.26901,36.8831,3.35179,0.819649,2.47595,up,83.9667,4,3,0,True
ADAUSDT,2025-07-20,deployed,,False,8,geo,2.55293,17.8705,1.31611,0.830852,2.05587,up,35.5611,3,3,0,True
ADAUSDT,2025-07-22,deployed,,False,8,arith,3.37138,23.5996,1.99653,0.88997,-6.26494,down,203.378,12,4,0,True
ADAUSDT,2025-07-24,deployed,,True,8,arith,4.88557,34.199,3.66406,0.815047,-5.70217,down,193.278,6,2,0,True
ADAUSDT,2025-07-26,deployed,,False,8,arith,2.80139,19.6097,4.80786,0.816948,-6.01502,down,144.911,8,2,0,True
ADAUSDT,2025-07-28,deployed,,True,8,geo,2.19405,15.3583,3.76719,0.830652,-4.61877,down,59.5111,6,1,0,True
ADAUSDT,2025-07-30,deployed,,False,8,geo,2.51052,17.5736,2.71765,0.783638,-4.50652,down,48.8611,7,2,0,True
ADAUSDT,2025-08-01,deployed,,False,8,geo,2.50395,17.5277,2.67333,0.740625,-3.27563,down,22.6,2,0,0,True
ADAUSDT,2025-08-03,deployed,,False,8,geo,3.01792,21.1254,2.19971,0.697912,4.6306,up,123.433,6,5,0,True
ADAUSDT,2025-08-05,deployed,,False,8,arith,1.73153,12.1207,1.52325,0.754929,1.53469,up,69.9497,12,7,0,True
ADAUSDT,2025-08-07,deployed,,False,8,arith,1.60088,11.2062,1.86637,0.741125,0.947638,up,12.1111,4,3,0,True
ADAUSDT,2025-08-09,deployed,,True,8,arith,2.34859,16.4401,1.79947,0.79004,3.24508,up,92.0667,13,8,0,True
ADAUSDT,2025-08-11,deployed,,False,8,geo,2.05876,14.4113,0.872961,0.800743,3.26523,up,56.55,12,8,0,True
ADAUSDT,2025-08-13,deployed,,False,12,geo,1.91582,21.074,1.98283,0.842656,0.67279,up,9.11111,4,3,0,True
ADAUSDT,2025-08-15,deployed,,False,8,arith,6.66738,46.6716,4.39747,0.927682,0.147251,,,2,1,0,True
ADAUSDT,2025-08-17,deployed,,False,8,arith,2.22658,15.5861,1.52682,0.918979,-2.45885,down,66.2611,15,6,0,True
ADAUSDT,2025-08-19,deployed,,False,8,geo,3.0301,21.2107,2.67713,0.92338,-5.01074,down,84.2278,9,3,0,True
ADAUSDT,2025-08-21,deployed,,False,8,geo,3.24481,22.7137,3.97233,0.879567,-0.884954,,,12,5,0,True
ADAUSDT,2025-08-23,deployed,,False,8,arith,3.59602,25.1722,4.83172,0.930782,-5.12609,,,7,1,0,True
ADAUSDT,2025-08-25,deployed,,True,8,arith,4.57434,32.0204,3.71848,0.909676,-3.53661,,,2,0,0,True
ADAUSDT,2025-08-27,deployed,,True,8,arith,2.584,18.088,3.70452,0.866163,-0.011209,,,12,5,0,True
ADAUSDT,2025-08-29,deployed,,False,8,arith,2.28461,15.9923,3.88434,0.858661,-3.70969,down,93.1333,9,3,0,True
ADAUSDT,2025-08-31,deployed,,False,8,geo,1.25461,8.78227,1.20668,0.821949,-1.69468,down,45.6278,15,6,0,True
ADAUSDT,2025-09-02,deployed,,False,8,arith,2.93179,20.5225,2.18501,0.797942,4.9383,,,8,6,0,True
ADAUSDT,2025-09-04,deployed,,False,8,arith,1.49256,10.448,2.46326,0.838054,1.89991,up,121.194,13,8,0,True
ADAUSDT,2025-09-06,deployed,,False,8,geo,1.68896,11.8227,2.2426,0.831352,0.962692,up,67.0833,3,3,0,True
ADAUSDT,2025-09-08,deployed,,False,8,arith,1.23201,8.62404,1.92268,0.837754,0.715235,up,14.5667,4,3,0,True
ADAUSDT,2025-09-10,deployed,,True,8,geo,1.86693,13.0685,1.62563,0.865563,1.99264,up,72.2778,7,5,0,True
ADAUSDT,2025-09-12,deployed,,False,8,arith,1.46186,10.233,0.820324,0.893071,1.09357,up,25.1667,5,4,0,True
ADAUSDT,2025-09-14,deployed,,False,8,geo,1.93553,13.5487,1.04737,0.931183,-4.64526,down,32.9944,4,0,0,True
ADAUSDT,2025-09-16,deployed,,False,8,geo,1.79635,12.5745,1.56681,0.864262,-3.89597,down,150.094,16,7,0,True
ADAUSDT,2025-09-18,deployed,,True,8,arith,3.37576,23.6303,2.73647,0.911877,-7.85489,down,185.65,9,2,0,True
ADAUSDT,2025-09-20,deployed,,True,8,arith,1.95308,13.6715,2.0411,0.88887,-2.76141,down,50.7278,4,1,0,True
ADAUSDT,2025-09-22,deployed,,False,8,arith,1.47624,10.3337,2.15783,0.886669,-2.89477,down,5.81111,3,0,0,True
ADAUSDT,2025-09-24,deployed,,False,8,geo,2.11484,14.8039,0.869829,0.806445,-2.57099,down,42,13,5,0,True
ADAUSDT,2025-09-26,deployed,,True,8,arith,3.94347,27.6043,3.00364,0.763232,5.28161,,,5,4,0,True
ADAUSDT,2025-09-28,deployed,,False,8,arith,1.05077,7.35542,0.586701,0.780237,1.40738,up,38.55,8,6,0,True
ADAUSDT,2025-09-30,deployed,,False,8,arith,1.64173,11.4921,1.50018,0.806545,1.11025,up,38.1611,5,4,0,True
ADAUSDT,2025-10-02,skip,deploy price outside the band,False,8,geo,1.60589,11.2412,2.20773,,,,,,,,
ADAUSDT,2025-10-04,deployed,,False,8,arith,2.32768,16.2938,0.891502,0.865463,-4.76747,down,159.594,12,4,0,True
ADAUSDT,2025-10-06,deployed,,False,8,arith,2.01846,14.1292,1.74015,0.837654,-3.47623,down,111.594,11,4,0,True
ADAUSDT,2025-10-08,deployed,,True,8,geo,2.45227,17.1659,2.00891,0.82275,-2.87051,down,64.0833,6,2,0,True
ADAUSDT,2025-10-10,deployed,,False,8,arith,1.75745,12.3022,2.38167,0.813547,-3.93626,down,19.5611,3,0,0,True
ADAUSDT,2025-10-12,deployed,,False,8,arith,5.44104,38.0873,1.27386,0.630992,3.98281,,,9,5,0,True
ADAUSDT,2025-10-14,deployed,,False,8,arith,3.349,23.443,1.55188,0.728521,-7.77376,down,79.1944,9,2,0,True
ADAUSDT,2025-10-16,deployed,,False,8,arith,2.92227,20.4559,2.27373,0.668403,-4.65165,down,31.1333,4,1,0,True
ADAUSDT,2025-10-18,deployed,,False,8,geo,2.68346,18.7842,3.1346,0.62469,5.20543,,,15,9,0,True
ADAUSDT,2025-10-20,deployed,,False,8,arith,1.87427,13.1199,2.19135,0.652198,1.34073,up,39.1944,8,5,0,True
ADAUSDT,2025-10-22,deployed,,False,8,geo,3.34203,23.3942,4.06633,0.642595,-0.501955,,,12,5,0,True
ADAUSDT,2025-10-24,deployed,,False,8,geo,1.7503,12.2521,2.07785,0.642495,1.26364,up,61.4833,3,3,0,True
ADAUSDT,2025-10-26,deployed,,False,8,geo,0.925107,6.47575,1.34515,0.655799,0.795185,up,12.0944,5,4,0,True
ADAUSDT,2025-10-28,deployed,,True,8,arith,1.96584,13.7609,1.82348,0.667102,-3.03488,down,52.5444,11,4,0,True
ADAUSDT,2025-10-30,deployed,,True,8,arith,3.16948,22.1864,2.3364,0.639894,-5.88691,down,99.5944,3,0,0,True
ADAUSDT,2025-11-01,deployed,,False,8,geo,1.82013,12.7409,1.27334,0.610085,-3.41272,down,54.2667,7,2,0,True
ADAUSDT,2025-11-03,deployed,,False,8,geo,1.80875,12.6613,0.918927,0.611286,-3.74891,down,6.26667,4,0,0,True
ADAUSDT,2025-11-05,deployed,,True,8,arith,6.02191,42.1534,2.73944,0.522359,0.0920209,,,7,3,0,True
ADAUSDT,2025-11-07,deployed,,False,8,arith,2.65964,18.6175,1.12667,0.52786,3.56475,up,22.2167,6,5,0,True
ADAUSDT,2025-11-09,deployed,,False,8,arith,2.00662,14.0464,1.64398,0.568773,-2.8866,down,114.65,20,8,0,True
ADAUSDT,2025-11-11,deployed,,False,8,arith,2.50975,17.5682,2.0166,0.59408,-5.43651,down,66.2167,10,3,0,True
ADAUSDT,2025-11-13,deployed,,False,8,arith,2.51795,17.6257,3.47164,0.545366,-3.08503,down,20.5111,4,1,0,True
ADAUSDT,2025-11-15,deployed,,False,8,arith,4.29707,30.0795,3.38621,0.498151,-6.27427,down,113.178,4,1,0,True
ADAUSDT,2025-11-17,deployed,,False,8,arith,3.60493,25.2345,1.89716,0.486748,-5.09784,down,67.3778,7,2,0,True
ADAUSDT,2025-11-19,deployed,,False,8,geo,2.33789,16.3652,1.32605,0.476645,-4.59704,down,41.2111,10,3,0,True
ADAUSDT,2025-11-21,deployed,,False,8,arith,3.68226,25.7758,2.16994,0.432031,-4.25773,down,9.73333,2,0,0,True
ADAUSDT,2025-11-23,deployed,,False,8,geo,2.95831,20.7081,0.890343,0.404623,4.52745,,,14,8,0,True
ADAUSDT,2025-11-25,deployed,,False,8,geo,2.93011,20.5108,1.73379,0.42893,3.2791,,,15,8,0,True
ADAUSDT,2025-11-27,deployed,,False,8,arith,1.98084,13.8659,2.17007,0.434732,-4.48444,down,97.0278,11,3,0,True
ADAUSDT,2025-11-29,deployed,,False,8,geo,2.02716,14.1901,2.4378,0.420528,-3.30189,down,48.4164,4,1,0,True
ADAUSDT,2025-12-01,deployed,,True,8,geo,1.85638,12.9946,2.57944,0.414626,-3.71514,down,1.02778,3,0,0,True
ADAUSDT,2025-12-03,skip,deploy price outside the band,False,8,geo,2.68063,18.7644,1.93346,,,,,,,,
ADAUSDT,2025-12-05,deployed,,False,8,geo,2.46877,17.2814,1.7681,0.439733,3.99839,up,114.311,12,8,0,True
ADAUSDT,2025-12-07,deployed,,False,8,arith,1.54073,10.7851,1.1016,0.413526,2.46554,up,33.1944,12,8,0,True
ADAUSDT,2025-12-09,deployed,,False,8,geo,2.1773,15.2411,1.40891,0.432131,1.31286,up,15.5667,3,3,0,True
ADAUSDT,2025-12-11,deployed,,False,8,arith,3.322,23.254,1.22229,0.453038,-6.37648,down,40.0611,3,0,0,True
ADAUSDT,2025-12-13,deployed,,False,8,arith,1.86678,13.0674,1.7651,0.409524,-2.60506,down,46.5833,2,0,0,True
ADAUSDT,2025-12-15,deployed,,False,8,arith,1.84895,12.9427,1.43068,0.397621,-2.65911,down,17.05,4,1,0,True
ADAUSDT,2025-12-17,deployed,,False,8,geo,1.83644,12.8551,0.650949,0.384917,-3.24275,down,29.3444,7,2,0,True
ADAUSDT,2025-12-19,deployed,,False,8,arith,3.09081,21.6357,1.1681,0.352007,4.47175,,,11,6,0,True
ADAUSDT,2025-12-21,deployed,,False,8,geo,0.745979,5.22185,0.53918,0.372913,-1.23061,down,13.1611,7,2,0,True
ADAUSDT,2025-12-23,deployed,,False,8,geo,2.39393,16.7575,1.90805,0.371413,-4.56622,down,208.783,16,6,0,True
ADAUSDT,2025-12-25,deployed,,False,8,arith,1.1396,7.97718,1.12094,0.356708,-1.92323,down,22.9111,8,3,0,True
ADAUSDT,2025-12-27,deployed,,False,8,geo,1.24075,8.68524,1.22592,0.350506,1.8386,up,23.8778,6,5,0,True
ADAUSDT,2025-12-29,deployed,,False,8,arith,1.41807,9.92651,1.73454,0.368512,0.676084,up,3.76111,2,2,0,True
ADAUSDT,2025-12-31,deployed,,False,8,geo,1.47213,10.3049,1.61041,0.351607,-3.69659,down,16.7944,3,0,0,True
ADAUSDT,2026-01-02,deployed,,False,8,geo,1.80663,12.6464,1.44785,0.357008,0.327155,up,14.7444,1,1,0,True
ADAUSDT,2026-01-04,deployed,,False,8,geo,1.10052,7.70364,0.221636,0.390118,0.647382,up,4.43306,3,3,0,True
ADAUSDT,2026-01-06,deployed,,False,8,geo,2.8945,20.2615,0.986858,0.422228,0.230803,,,14,6,0,True
ADAUSDT,2026-01-08,deployed,,False,8,arith,2.69934,18.8954,1.04671,0.401822,2.08536,,,16,8,0,True
ADAUSDT,2026-01-10,deployed,,False,8,geo,2.49358,17.455,1.69393,0.392519,-0.727362,,,16,7,0,True
ADAUSDT,2026-01-12,deployed,,False,8,arith,1.88232,13.1762,1.39168,0.390318,2.62109,up,46.2444,11,7,0,True
ADAUSDT,2026-01-14,deployed,,True,8,arith,2.97261,20.8083,2.60027,0.421328,-7.30861,down,161.7,8,1,0,True
ADAUSDT,2026-01-16,deployed,,True,8,arith,1.98563,13.8994,2.20018,0.39402,-2.09384,down,15.6333,1,0,0,True
ADAUSDT,2026-01-18,deployed,,False,8,arith,0.963746,6.74622,1.23449,0.39692,-2.86994,down,23.8611,6,1,0,True
ADAUSDT,2026-01-20,deployed,,False,8,arith,1.95294,13.6706,1.16316,0.371013,-3.96804,down,22.6444,3,0,0,True
ADAUSDT,2026-01-22,deployed,,False,8,geo,3.30219,23.1153,1.37912,0.365211,-6.50956,down,220.717,8,2,0,True
ADAUSDT,2026-01-24,deployed,,False,8,geo,2.17157,15.201,0.842108,0.36121,-3.627,down,135.294,12,4,0,True
ADAUSDT,2026-01-26,deployed,,False,8,geo,2.26719,15.8703,1.31169,0.339303,-1.32919,down,90.5833,7,3,0,True
ADAUSDT,2026-01-28,deployed,,False,8,geo,1.86535,13.0574,1.93661,0.36201,-4.80537,down,43.25,5,0,0,True
ADAUSDT,2026-01-30,deployed,,True,8,arith,2.62655,18.3858,2.70382,0.334201,-2.86424,down,2.5,1,0,0,True
ADAUSDT,2026-02-01,deployed,,False,8,arith,4.87686,34.138,2.73125,0.293689,-6.26952,down,111.417,6,2,0,True
ADAUSDT,2026-02-03,deployed,,False,8,geo,2.40568,16.8398,0.91077,0.298991,-4.14228,down,59.5333,14,5,0,True
ADAUSDT,2026-02-05,deployed,,False,8,geo,4.46686,31.268,2.4396,0.286287,-9.18119,down,20.4444,3,0,0,True
ADAUSDT,2026-02-07,deployed,,False,8,arith,4.10203,28.7142,3.00108,0.276684,2.73168,,,7,4,0,True
ADAUSDT,2026-02-09,deployed,,False,8,geo,2.59891,18.1923,2.39522,0.271782,4.32502,up,139.9,15,9,0,True
ADAUSDT,2026-02-11,deployed,,False,8,arith,1.2098,8.46859,1.02078,0.261879,-1.9062,down,9.43333,4,1,0,True
ADAUSDT,2026-02-13,deployed,,False,8,arith,2.09735,14.6815,1.92467,0.26508,1.1416,up,32.1833,4,3,0,True
ADAUSDT,2026-02-15,deployed,,False,8,arith,2.56776,17.9743,2.54728,0.29499,0.150986,up,4.11667,1,1,0,True
ADAUSDT,2026-02-17,deployed,,False,8,arith,2.03601,14.2521,1.00385,0.285887,-3.09239,down,145.25,18,7,0,True
ADAUSDT,2026-02-19,deployed,,False,8,arith,1.97416,13.8191,1.13155,0.273783,-1.99684,down,97.25,10,4,0,True
ADAUSDT,2026-02-21,deployed,,False,8,arith,2.10826,14.7578,1.51488,0.286187,2.52194,up,112.25,17,9,0,True
ADAUSDT,2026-02-23,deployed,,False,8,arith,1.10184,7.71289,1.12661,0.271482,-2.66411,down,1.06667,1,0,0,True
ADAUSDT,2026-02-25,deployed,,False,8,geo,1.42126,9.9488,0.533799,0.258578,1.9925,up,12.45,6,5,0,True
ADAUSDT,2026-02-27,deployed,,False,8,geo,1.79365,12.5555,0.853161,0.286987,-4.29718,down,30.55,5,1,0,True
ADAUSDT,2026-03-01,deployed,,False,8,geo,2.90066,20.3046,1.74311,0.281585,-5.16628,down,183.578,12,4,0,True
ADAUSDT,2026-03-03,deployed,,False,8,arith,2.41183,16.8828,2.14803,0.276284,-4.45812,down,110.117,9,3,0,True
ADAUSDT,2026-03-05,deployed,,False,8,geo,2.77809,19.4467,2.19189,0.274783,0.491662,,,12,5,0,True
ADAUSDT,2026-03-07,deployed,,False,8,arith,1.46284,10.2399,1.62755,0.259979,-2.19904,down,14.1111,1,0,0,True
ADAUSDT,2026-03-09,deployed,,False,8,arith,2.09259,14.6481,1.14786,0.249376,4.1982,up,101.661,13,9,0,True
ADAUSDT,2026-03-11,deployed,,True,8,arith,2.59968,18.1978,2.24269,0.261579,2.6395,up,125.25,7,5,0,True
ADAUSDT,2026-03-13,deployed,,False,8,geo,2.09565,14.6696,2.26834,0.26298,1.66912,up,13.4278,3,3,0,True
ADAUSDT,2026-03-15,deployed,,False,8,arith,1.16849,8.17945,1.31525,0.26368,1.46644,up,27.6167,4,4,0,True
ADAUSDT,2026-03-17,skip,deploy price outside the band,False,8,geo,2.21444,15.5011,1.92364,,,,,,,,
ADAUSDT,2026-03-19,deployed,,False,8,arith,1.7211,12.0477,0.535287,0.274883,-1.75492,down,7.26667,1,0,0,True
ADAUSDT,2026-03-21,deployed,,False,8,geo,1.63125,11.4188,1.45672,0.266781,-3.66572,down,43.3167,3,0,0,True
ADAUSDT,2026-03-23,deployed,,False,8,geo,1.84819,12.9373,1.21114,0.250676,-0.648876,down,154.633,16,7,0,True
ADAUSDT,2026-03-25,deployed,,False,8,arith,1.8315,12.8205,1.13339,0.266381,-4.3366,down,76.2167,7,1,0,True
ADAUSDT,2026-03-27,skip,deploy price outside the band,False,8,arith,1.09609,7.67265,0.850789,,,,,,,,
ADAUSDT,2026-03-29,reject,liquidity < $10.0K/24h,,,,,,,,,,,,,,
ADAUSDT,2026-03-31,deployed,,False,8,geo,1.99602,13.9721,1.16931,0.243874,4.64872,up,191.15,24,14,0,True
ADAUSDT,2026-04-02,deployed,,False,8,geo,1.73052,12.1136,1.27768,0.248976,2.52693,up,143.033,17,10,0,True
ADAUSDT,2026-04-04,deployed,,False,8,arith,1.7345,12.1415,1.39593,0.246275,1.21328,up,50.2778,6,4,0,True
ADAUSDT,2026-04-06,reject,liquidity < $10.0K/24h,,,,,,,,,,,,,,
ADAUSDT,2026-04-08,deployed,,False,8,arith,2.54942,17.8459,1.94899,0.26358,1.71824,,,14,7,0,True
ADAUSDT,2026-04-10,deployed,,False,8,geo,2.19996,15.3997,1.84287,0.253977,-0.210376,,,16,7,0,True
ADAUSDT,2026-04-12,deployed,,False,8,arith,1.44314,10.102,1.34622,0.249976,-2.78229,down,12.9611,3,0,0,True
ADAUSDT,2026-04-14,deployed,,False,8,geo,2.03621,14.2535,1.09515,0.249076,1.13218,up,66.6944,7,4,0,True
ADAUSDT,2026-04-16,deployed,,False,8,geo,2.12375,14.8662,1.68134,0.246575,1.38798,up,37.2167,3,3,0,True
ADAUSDT,2026-04-18,deployed,,True,8,arith,2.28006,15.9604,1.76059,0.257778,-0.945423,,,6,2,0,True
ADAUSDT,2026-04-20,deployed,,True,8,geo,1.81929,12.735,1.53064,0.242774,2.38732,,,16,8,0,True
ADAUSDT,2026-04-22,deployed,,True,8,geo,1.34409,9.40865,1.4385,0.247575,2.1668,,,25,13,0,True
ADAUSDT,2026-04-24,deployed,,True,8,arith,1.30929,9.16501,1.50796,0.249576,1.72028,,,21,11,0,True
ADAUSDT,2026-04-26,deployed,,False,8,arith,0.601673,4.21171,0.841505,0.250076,-1.11348,down,39.3833,15,6,0,True
ADAUSDT,2026-04-28,deployed,,False,8,arith,0.826321,5.78425,1.08428,0.248175,-2.54192,down,42.2167,10,4,0,True
ADAUSDT,2026-04-30,deployed,,True,8,arith,1.21015,8.47104,1.03911,0.245174,2.14158,up,127.744,12,8,0,True
ADAUSDT,2026-05-02,deployed,,False,8,arith,0.965439,6.75808,0.972888,0.248075,1.22441,up,79.45,11,7,0,True
ADAUSDT,2026-05-04,deployed,,False,8,geo,1.01964,7.13747,0.864868,0.249576,1.23604,up,31.7944,9,6,0,True
ADAUSDT,2026-05-06,deployed,,False,8,arith,1.82957,12.807,1.01938,0.261779,0.475119,up,8.9,2,2,0,True
ADAUSDT,2026-05-08,deployed,,False,8,geo,1.84755,12.9328,0.727909,0.26318,2.71566,up,64.5333,8,6,0,True
ADAUSDT,2026-05-10,deployed,,False,8,geo,0.965249,6.75674,0.349488,0.271182,1.01029,up,16.0833,4,4,0,True
ADAUSDT,2026-05-12,deployed,,False,8,geo,2.18042,15.2629,1.36448,0.281185,-4.17905,down,102.433,10,3,0,True
ADAUSDT,2026-05-14,deployed,,False,8,geo,1.38858,9.72006,1.49196,0.265281,-1.82207,down,38.0333,10,4,0,True
ADAUSDT,2026-05-16,deployed,,False,8,geo,1.08577,7.6004,1.3586,0.261569,-1.57925,down,6.91667,2,0,0,True
ADAUSDT,2026-05-18,deployed,,False,8,arith,1.60466,11.2326,0.578212,0.251676,-3.66512,down,127.85,7,2,0,True
ADAUSDT,2026-05-20,deployed,,False,8,geo,1.04216,7.29513,0.359442,0.248886,-2.73744,down,79.8611,17,7,0,True
ADAUSDT,2026-05-22,deployed,,False,8,arith,1.34106,9.38741,0.77233,0.250346,-3.02326,down,31.9278,4,0,0,True
ADAUSDT,2026-05-24,deployed,,False,8,arith,1.94856,13.6399,1.05201,0.246445,-4.35113,down,101.311,4,0,0,True
ADAUSDT,2026-05-26,deployed,,False,8,geo,1.01458,7.10209,0.938045,0.243394,-1.48603,down,51.3667,15,6,0,True
ADAUSDT,2026-05-28,deployed,,True,8,geo,1.37962,9.65737,1.46413,0.237542,-2.52575,down,5.33333,3,0,0,True
ADAUSDT,2026-05-30,deployed,,False,8,arith,1.76876,12.3813,1.18058,0.233071,-3.21062,down,86.5444,7,2,0,True
ADAUSDT,2026-06-01,deployed,,False,8,arith,1.25189,8.76326,1.25548,0.234851,-2.43799,down,26.2331,7,2,0,True
ADAUSDT,2026-06-03,deployed,,True,8,arith,3.83405,26.8383,1.97563,0.213035,-4.85268,down,24.7111,2,0,0,True
ADAUSDT,2026-06-05,deployed,,False,8,arith,4.69822,32.8876,1.81996,0.179885,-5.03621,down,2.69444,1,0,0,True
ADAUSDT,2026-06-07,deployed,,False,8,arith,3.15405,22.0783,0.864657,0.157548,5.83071,up,191.5,16,10,0,True
ADAUSDT,2026-06-09,deployed,,False,8,geo,3.99988,27.9991,1.60924,0.170412,2.77491,up,156.65,6,4,0,True
ADAUSDT,2026-06-11,deployed,,False,8,geo,3.01579,21.1105,2.25391,0.161609,4.15418,up,95.8944,6,5,0,True
ADAUSDT,2026-06-13,deployed,,False,8,geo,2.19875,15.3913,2.20105,0.169842,2.40293,up,47.8944,7,5,0,True
ADAUSDT,2026-06-15,deployed,,True,8,geo,3.39665,23.7766,3.08252,0.183156,-7.81638,down,204.883,8,1,0,True
ADAUSDT,2026-06-17,deployed,,False,8,geo,2.00071,14.0049,1.23053,0.172592,-2.68233,down,19.5667,2,0,0,True
ADAUSDT,2026-06-19,deployed,,True,8,geo,2.05825,14.4078,2.1066,0.16383,-3.51796,down,102.433,7,2,0,True
ADAUSDT,2026-06-21,deployed,,False,8,arith,1.49222,10.4455,1.07494,0.16328,-3.25325,down,56.3444,8,2,0,True
ADAUSDT,2026-06-23,deployed,,False,8,geo,1.76645,12.3652,1.37193,0.158618,-3.68461,down,13.1,3,0,0,True
ADAUSDT,2026-06-25,deployed,,False,8,geo,3.03214,21.225,1.67705,0.147815,5.76645,up,194.4,14,9,0,True
ADAUSDT,2026-06-27,deployed,,False,8,geo,2.52411,17.6688,1.24741,0.148665,2.24009,up,131.267,7,5,0,True
ADAUSDT,2026-06-29,deployed,,False,8,arith,2.1491,15.0437,1.03824,0.144004,2.87434,up,63.3833,6,5,0,True
ADAUSDT,2026-07-01,deployed,,False,8,geo,1.73037,12.1126,1.49986,0.144104,1.86957,up,14.1,4,4,0,True
ADAUSDT,2026-07-03,deployed,,True,8,geo,2.31477,16.2034,1.5668,0.161509,0.635801,up,2.39972,2,2,0,True
ADAUSDT,2026-07-05,deployed,,False,8,arith,3.97352,27.8146,0.853464,0.192458,-3.83518,,,8,2,0,True
ADAUSDT,2026-07-07,deployed,,False,8,arith,2.21393,15.4975,0.889235,0.184206,-3.8127,down,25.6944,3,0,0,True
ADAUSDT,2026-07-09,deployed,,False,8,arith,1.57355,11.0149,0.758455,0.166951,-0.830966,down,72.1833,5,2,0,True
ADAUSDT,2026-07-11,deployed,,False,8,arith,1.36176,9.53229,0.753666,0.166621,-2.5586,down,51.1944,13,5,0,True
ADAUSDT,2026-07-13,deployed,,False,8,geo,1.171,8.19699,1.00018,0.162279,-2.01369,down,3.19444,2,0,0,True
ADAUSDT,2026-07-15,deployed,,False,8,geo,1.66376,11.6463,0.840821,0.16551,0.438285,up,13.6111,3,2,0,True
ADAUSDT,2026-07-17,deployed,,False,8,geo,1.55446,10.8812,1.46955,0.160659,3.82534,up,101.15,17,11,0,True
ADAUSDT,2026-07-19,deployed,,True,8,arith,0.931547,6.52083,1.45466,0.166861,1.48248,up,45.6444,19,11,0,True
ADAUSDT,2026-07-21,deployed,,True,8,arith,2.42011,16.9408,2.03366,0.169932,2.85413,,,19,10,0,True
ADAUSDT,2026-07-23,deployed,,True,8,arith,2.18427,15.2899,1.18205,0.174183,-4.59928,down,110.594,4,0,0,True
ADAUSDT,2026-07-25,deployed,,False,8,geo,0.973512,6.81459,0.951103,0.16404,-1.1069,down,6.6,1,0,0,True
ADAUSDT,2026-07-27,reject,liquidity < $10.0K/24h,,,,,,,,,,,,,,
ADAUSDT,2026-07-29,deployed,,False,8,geo,1.76342,12.344,0.868692,0.161499,1.66376,up,37.9944,9,6,0,True
ADAUSDT,2026-07-31,deployed,,True,8,arith,2.26576,15.8603,1.39248,0.170032,0.724433,up,50.2,2,2,0,True
ADAUSDT,2026-08-02,deployed,,True,8,geo,1.95648,13.6954,1.3452,0.174523,0.83692,up,4.35,2,2,0,True
ADAUSDT,2026-08-04,deployed,,False,8,geo,2.83721,19.8605,0.678411,0.193899,1.62976,up,63.6833,4,3,0,True
ADAUSDT,2026-08-06,deployed,,False,8,arith,1.90527,13.3369,0.852583,0.191478,2.34103,up,15.6111,6,5,0,True
ADAUSDT,2026-08-08,deployed,,False,8,geo,2.06737,14.4716,1.31401,0.201481,-4.51922,down,86.4611,6,1,0,True
ADAUSDT,2026-08-10,deployed,,False,8,geo,1.48088,10.3662,1.14695,0.194609,-1.84127,down,29.4278,4,1,0,True
ADAUSDT,2026-08-12,deployed,,False,8,arith,1.37899,9.6529,1.696,0.187277,-2.46768,down,21.4833,2,0,0,True
ADAUSDT,2026-08-14,deployed,,False,8,arith,0.901955,6.31369,0.238193,0.182615,-1.84687,down,41.4333,5,1,0,True
ADAUSDT,2026-08-16,deployed,,False,8,geo,0.797604,5.58323,0.285058,0.176073,-0.566649,down,24.3667,7,3,0,True
ADAUSDT,2026-08-18,deployed,,False,8,geo,1.12793,7.89548,0.473776,0.174063,2.06041,up,44.9278,9,7,0,True
ADAUSDT,2026-08-20,deployed,,True,8,geo,3.49465,24.4626,1.40493,0.187797,0.974448,up,14.2667,3,2,0,True
ADAUSDT,2026-08-22,deployed,,True,8,geo,5.61729,39.3211,2.10096,0.22943,0.619668,up,3.02778,1,1,543,False
ADAUSDT,2026-08-24,deployed,,False,8,arith,3.54681,24.8277,1.31413,0.227269,-6.94768,down,166.967,6,1,543,False
ADAUSDT,2026-08-26,deployed,,False,8,arith,3.40216,23.8151,2.35901,0.209173,-4.39594,down,119.578,4,1,543,False
ADAUSDT,2026-08-28,deployed,,False,8,arith,2.24037,15.6826,2.34113,0.213995,-5.13412,down,71.5667,6,1,543,False
ADAUSDT,2026-08-30,deployed,,False,8,arith,0.766051,5.36236,0.276921,0.201181,-1.67132,down,23.4667,13,5,543,False
ADAUSDT,2026-09-01,skip,lookback incomplete,,,,,,,,,,,,,,
ADAUSDT,2026-09-03,skip,lookback incomplete,,,,,,,,,,,,,,
ADAUSDT,2026-09-05,skip,lookback incomplete,,,,,,,,,,,,,,
ADAUSDT,2026-09-07,skip,lookback incomplete,,,,,,,,,,,,,,
ADAUSDT,2026-09-09,skip,lookback incomplete,,,,,,,,,,,,,,
ADAUSDT,2026-09-11,deployed,,False,8,arith,2.70268,18.9188,2.14905,0.204572,-2.7293,down,121.867,8,3,0,True
ADAUSDT,2026-09-13,deployed,,False,8,geo,0.819474,5.73632,0.773559,0.206763,1.7756,up,42.6167,18,11,0,True
ADAUSDT,2026-09-15,deployed,,True,8,arith,2.45173,17.1621,2.13923,0.208673,3.05228,up,94.8667,9,6,0,True
ADAUSDT,2026-09-17,deployed,,False,8,arith,3.07171,21.502,1.96228,0.19636,2.60849,up,26.6444,3,3,0,True
